precedent_id,case_name,case_number,decision_date,decision_year,decision_month,decision_quarter,court_name,court_type,case_type,judgment_type,search_keyword,source,source_url,collected_at,points_at_issue,judgment_summary,precedent_content
623741,채권양도계약은 사해행위에 해당함,영덕지원-2025-가합-10060,2026-08-13,2026,8,3,,지방/기타,민사,,계약,law.go.kr,/DRF/lawService.do?OC=virtual.esq&target=prec&ID=623741&type=HTML&mobileYn=,2026-09-19 21:38:17.269658,,,
622733,이행완료 전 매매계약해지 및 부당이득반환 소송은 소유권에관한 소송으로 볼 수 없음,대전지방법원-2025-구합-200674,2026-07-22,2026,7,3,,지방/기타,일반행정,,계약,law.go.kr,/DRF/lawService.do?OC=virtual.esq&target=prec&ID=622733&type=HTML&mobileYn=,2026-09-19 21:38:17.269658,,,
622819,이 사건 증여계약은 사해행위로서 취소되어야 함,인천지방법원-2023-가단-299115,2026-07-22,2026,7,3,,지방/기타,민사,,계약,law.go.kr,/DRF/lawService.do?OC=virtual.esq&target=prec&ID=622819&type=HTML&mobileYn=,2026-09-19 21:38:17.269658,,,
622761,특수관계법인과의 외형상 도급계약에 따라 실물거래 없이 수취한 세금계산서에 대한 세금계산서 불성실 가산세 부과처분,광주지방법원-2025-구합-30769,2026-07-16,2026,7,3,,지방/기타,일반행정,,계약,law.go.kr,/DRF/lawService.do?OC=virtual.esq&target=prec&ID=622761&type=HTML&mobileYn=,2026-09-19 21:38:17.269658,,,
622075,"(심리불속행) 쟁점신탁재산은 신탁계약상 금액으로 평가함이 타당하고, 계약상 토지비에서 상계하도록 한 영업보증금 반환채무를 차감하지 않은 처분은 위법함",대법원-2026-두-30711,2026-07-16,2026,7,3,,지방/기타,일반행정,,계약,law.go.kr,/DRF/lawService.do?OC=virtual.esq&target=prec&ID=622075&type=HTML&mobileYn=,2026-09-19 21:38:17.269658,,,
622741,특허권 양도계약이 부당행위계산 부인의 대상인지 여부,수원지방법원-2024-구합-75889,2026-07-15,2026,7,3,,지방/기타,일반행정,,계약,law.go.kr,/DRF/lawService.do?OC=virtual.esq&target=prec&ID=622741&type=HTML&mobileYn=,2026-09-19 21:38:17.269658,,,
623307,이 사건 증여계약은 사해행위에 해당함,수원지방법원-2025-나-60663,2026-07-10,2026,7,3,,지방/기타,일반행정,,계약,law.go.kr,/DRF/lawService.do?OC=virtual.esq&target=prec&ID=623307&type=HTML&mobileYn=,2026-09-19 21:38:17.269658,,,
622513,교환계약에 따라 원고의 부동산을 등기이전하고 계약상대자의 부동산은 등기경료하지 않았더라도 원고의 양도소득이 부존재한다고 볼 수 없음,서울고등법원-2026-누-3150,2026-07-08,2026,7,3,,지방/기타,일반행정,,계약,law.go.kr,/DRF/lawService.do?OC=virtual.esq&target=prec&ID=622513&type=HTML&mobileYn=,2026-09-19 21:38:17.269658,,,
621939,평가기준일 전 6개월 내 매매계약이 체결된 동일 아파트 단지의 특정 호실의 매매가액을 증여재산 아파트 가액으로 평가하여 증여세를 부과한 처분은 적법함,수원지방법원-2025-구합-61778,2026-06-25,2026,6,2,,지방/기타,일반행정,,계약,law.go.kr,/DRF/lawService.do?OC=virtual.esq&target=prec&ID=621939&type=HTML&mobileYn=,2026-09-19 21:38:17.269658,,,
622919,계약금반환등·손해배상(기),2026다201948,2026-06-25,2026,6,2,대법원,대법원,민사,판결,계약,law.go.kr,/DRF/lawService.do?OC=virtual.esq&target=prec&ID=622919&type=HTML&mobileYn=,2026-09-19 21:38:17.269658,,,
622561,체납자의 피고에 대한 증여계약은 사해행위에 해당함,부산지방법원-2025-가단-48013,2026-06-18,2026,6,2,,지방/기타,민사,,계약,law.go.kr,/DRF/lawService.do?OC=virtual.esq&target=prec&ID=622561&type=HTML&mobileYn=,2026-09-19 21:38:17.269658,,,
622209,매수계약의 해제로 인한 위약금을 매도계약의 해제로 인하여 얻은 위약금 소득의 필요경비로 공제할 수 있는지.,서울고등법원-2026-누-3034,2026-06-17,2026,6,2,,지방/기타,일반행정,,계약,law.go.kr,/DRF/lawService.do?OC=virtual.esq&target=prec&ID=622209&type=HTML&mobileYn=,2026-09-19 21:38:17.269658,,,
622501,분양계약상 목적물에 이 사건 대지지분이 포함되었다는 원고들의 주장은 인정하기 어려움,서울중앙지방법원-2025-나-5973,2026-06-16,2026,6,2,,지방/기타,민사,,계약,law.go.kr,/DRF/lawService.do?OC=virtual.esq&target=prec&ID=622501&type=HTML&mobileYn=,2026-09-19 21:38:17.269658,,,
622157,유사재산 매매계약일로부터 상속개시일까지 기간 중 재산형태의 변동이나 주변 지역의 형태 및 이용 상황 등 주위환경의 변화가 있었다고 볼 만한 자료는 없음,서울행정법원-2025-구합-53797,2026-06-12,2026,6,2,,지방/기타,일반행정,,계약,law.go.kr,/DRF/lawService.do?OC=virtual.esq&target=prec&ID=622157&type=HTML&mobileYn=,2026-09-19 21:38:17.269658,,,
622579,채무초과 상태에서 일반채권자 중의 한 사람인 피고와 상계계약을 체결한 것은 다른 일반채권자의 이익을 해치는 사해행위에 해당함,서울서부지방법원-2026-가합-1001,2026-06-11,2026,6,2,,지방/기타,민사,,계약,law.go.kr,/DRF/lawService.do?OC=virtual.esq&target=prec&ID=622579&type=HTML&mobileYn=,2026-09-19 21:38:17.269658,,,
622537,이 사건 계좌이체 등의 증여계약은 채권자취소권의 대상이 되는 사해행위에 해당한다,부산지방법원-2026-가단-31661,2026-06-10,2026,6,2,,지방/기타,민사,,계약,law.go.kr,/DRF/lawService.do?OC=virtual.esq&target=prec&ID=622537&type=HTML&mobileYn=,2026-09-19 21:38:17.269658,,,
622565,피고와 체납자 사이 부동산 매매계약에 대한 사해행위취소 무변론 원고 승소 판결,서부지원-2026-가단-11050,2026-06-09,2026,6,2,,지방/기타,민사,,계약,law.go.kr,/DRF/lawService.do?OC=virtual.esq&target=prec&ID=622565&type=HTML&mobileYn=,2026-09-19 21:38:17.270657,,,
621335,이 사건 증여계약은 사해행위로서 취소되어야 함,고양지원-2025-가단-56624,2026-05-29,2026,5,2,,지방/기타,민사,,계약,law.go.kr,/DRF/lawService.do?OC=virtual.esq&target=prec&ID=621335&type=HTML&mobileYn=,2026-09-19 21:38:17.270657,,,
620027,계약의 준거법 및 내용에 대한 원심 판단은 잘못됨,대법원-2022-두-34425,2026-05-29,2026,5,2,,지방/기타,일반행정,,계약,law.go.kr,/DRF/lawService.do?OC=virtual.esq&target=prec&ID=620027&type=HTML&mobileYn=,2026-09-19 21:38:17.270657,,,
622247,기타(금전)[원고가 전세보증금반환보증계약에 기하여 주택도시보증공사를 상대로 보증채무 이행금에 대한 지연손해금의 지급을 구하는 사건],2026다200365,2026-05-29,2026,5,2,대법원,대법원,민사,판결,계약,law.go.kr,/DRF/lawService.do?OC=virtual.esq&target=prec&ID=622247&type=HTML&mobileYn=,2026-09-19 21:38:17.270657,,,
621247,소득세법 제21조 제1항 제10호에서 정한 '계약의 위약 또는 해약으로 인하여 받는 위약금과 배상금'으로서 기타소득에 해당하는지 여부,서울행정법원-2025-구합-54892,2026-05-29,2026,5,2,,지방/기타,일반행정,,계약,law.go.kr,/DRF/lawService.do?OC=virtual.esq&target=prec&ID=621247&type=HTML&mobileYn=,2026-09-19 21:38:17.270657,,,
622113,법인세경정거부처분취소[인도네시아에서 석유개발사업을 영위하는 원고가 인도네시아 국영 석유회사 및 인도네시아 정부 내 석유ㆍ가스 규제기관과 사이에 체결한 생산물 분배계약상 자신의 참여지분 중 일부가 제3자에게 양도되었다고 주장하며 법인세 감액경정청구 거부처분의 취소를 구한 사건],2022두34425,2026-05-29,2026,5,2,대법원,대법원,세무,판결,계약,law.go.kr,/DRF/lawService.do?OC=virtual.esq&target=prec&ID=622113&type=HTML&mobileYn=,2026-09-19 21:38:17.270657,,,
622225,시가 산정의 기준이 되는 매매계약일이 언제인지,대구지방법원-2024-구합-24981,2026-05-27,2026,5,2,,지방/기타,일반행정,,계약,law.go.kr,/DRF/lawService.do?OC=virtual.esq&target=prec&ID=622225&type=HTML&mobileYn=,2026-09-19 21:38:17.270657,,,
620291,주식양수도계약이 소급적으로 효력을 상실하였는지 여부,부산지방법원-2025-구합-20603,2026-05-21,2026,5,2,,지방/기타,일반행정,,계약,law.go.kr,/DRF/lawService.do?OC=virtual.esq&target=prec&ID=620291&type=HTML&mobileYn=,2026-09-19 21:38:17.270657,,,
621399,사해행위인 매매계약 이후에 성립된 양도소득세라도 체납자의 파산선고 전에 이미 발생했다면 채무자회생법에 따른 재단채권에 해당함,대법원-2025-다-210073,2026-05-20,2026,5,2,,지방/기타,민사,,계약,law.go.kr,/DRF/lawService.do?OC=virtual.esq&target=prec&ID=621399&type=HTML&mobileYn=,2026-09-19 21:38:17.270657,,,
619171,"상속개시일과 매매계약일 사이에 가격변동의 특별한 사정이 없었다고 인정되기 부족하므로, 이 사건 매매가액을 시가로 볼 수 없음",대법원-2025-두-30615,2026-05-20,2026,5,2,,지방/기타,일반행정,,계약,law.go.kr,/DRF/lawService.do?OC=virtual.esq&target=prec&ID=619171&type=HTML&mobileYn=,2026-09-19 21:38:17.270657,,,
621181,피고와 체납자 윤aa 사이에 체결된 별지목록 기재 증여계약이 사해행위에 해당함,대전지방법원-2025-나-202572,2026-05-19,2026,5,2,,지방/기타,민사,,계약,law.go.kr,/DRF/lawService.do?OC=virtual.esq&target=prec&ID=621181&type=HTML&mobileYn=,2026-09-19 21:38:17.270657,,,
623877,쟁점주식의 명의신탁은 당사자 간 합치된 명의신탁 계약이 없었으므로 증여세 과세대상이 아니라는 주장의 당부,광주지방법원-2024-구합-12986,2026-05-14,2026,5,2,,지방/기타,일반행정,,계약,law.go.kr,/DRF/lawService.do?OC=virtual.esq&target=prec&ID=623877&type=HTML&mobileYn=,2026-09-19 21:38:17.270657,,,
620215,"분양계약서가 실제와 달리 작성되었다는 점은 주장자인 원고들이 입증하여야 하고, 이 사건 부동산의 분양계약서가 대출을 많이 받기 위하여 거래가액을 부풀린 이른바 ’업계약서‘에 불과하다고 인정하기 어려움",서울행정법원-2025-구합-54876,2026-05-13,2026,5,2,,지방/기타,일반행정,,계약,law.go.kr,/DRF/lawService.do?OC=virtual.esq&target=prec&ID=620215&type=HTML&mobileYn=,2026-09-19 21:38:17.270657,,,
621993,집행에관한이의[민사소송법 및 민사소송규칙에서 담보의 제공방식으로 정하고 있는 ‘지급을 보증하겠다는 위탁계약을 맺은 문서’의 범위가 문제 된 사건],2025그1024,2026-05-12,2026,5,2,대법원,대법원,민사,결정,계약,law.go.kr,/DRF/lawService.do?OC=virtual.esq&target=prec&ID=621993&type=HTML&mobileYn=,2026-09-19 21:38:17.270657,,,
619047,무자력 상태에서 명의변경계약을 체결하여 배우자에게 출자지분을 양도한 것은 사해행위에 해당함,수원지방법원-2025-가단-512837,2026-05-12,2026,5,2,,지방/기타,민사,,계약,law.go.kr,/DRF/lawService.do?OC=virtual.esq&target=prec&ID=619047&type=HTML&mobileYn=,2026-09-19 21:38:17.270657,,,
619645,"이 사건 매매계약의 이행으로서 매수인이 이 사건 각 채무를 인수하게 하고, 나머지 매매대금은 현금으로 모두 지급받음으로써 이 사건 매매계약에 따른 매매대금을 이미 지급받았다고 봄이 타당함",부산고등법원-2025-누-2489,2026-05-08,2026,5,2,,지방/기타,일반행정,,계약,law.go.kr,/DRF/lawService.do?OC=virtual.esq&target=prec&ID=619645&type=HTML&mobileYn=,2026-09-19 21:38:17.270657,,,
621911,임대차보증금[임대인 사망 후 공동상속인 전원이 임차인과 기존 임대차계약을 연장하는 내용의 임대차계약을 체결한 행위가 민법 제1026조 제1호의 법정단순승인사유에 해당하는지 여부가 문제 된 사건],2025다220329,2026-05-08,2026,5,2,대법원,대법원,민사,판결,계약,law.go.kr,/DRF/lawService.do?OC=virtual.esq&target=prec&ID=621911&type=HTML&mobileYn=,2026-09-19 21:38:17.270657,,,
621215,원고가 ○○에 투자금을 제공하고 수익금 명목으로 이 사건 금원을 받은 이상 설령 이 사건 계약이 적법·유효하지 않더라도 이 금원은 비영업대금 이익으로서 이자소득에 해당함,수원지방법원-2025-구합-61951,2026-05-07,2026,5,2,,지방/기타,일반행정,,계약,law.go.kr,/DRF/lawService.do?OC=virtual.esq&target=prec&ID=621215&type=HTML&mobileYn=,2026-09-19 21:38:17.270657,,,
620397,증여계약을 취소하고 증여금액을 반환해야 함,수원고등법원-2025-나-12758,2026-05-07,2026,5,2,,지방/기타,민사,,계약,law.go.kr,/DRF/lawService.do?OC=virtual.esq&target=prec&ID=620397&type=HTML&mobileYn=,2026-09-19 21:38:17.270657,,,
618637,"(심리불속행) 채무자의 재산을 처분하는 법률행위 자체가 없었다고 볼 수는 없으므로, 해당 채권양도계약은 사해행위 취소의 대상이 됨",대법원-2026-다-200325,2026-04-30,2026,4,2,,지방/기타,민사,,계약,law.go.kr,/DRF/lawService.do?OC=virtual.esq&target=prec&ID=618637&type=HTML&mobileYn=,2026-09-19 21:38:17.270657,,,
620411,매매잔금등청구의소[지역주택조합이 조합규약 및 가입계약에서 정한 조합원 자격을 상실한 조합원을 상대로 위약금을 구한 사건],2025다213488,2026-04-30,2026,4,2,대법원,대법원,민사,판결,계약,law.go.kr,/DRF/lawService.do?OC=virtual.esq&target=prec&ID=620411&type=HTML&mobileYn=,2026-09-19 21:38:17.270657,,,
621197,체납자와 피고 사이에 2024. 5. 31. 체결된 이 사건 부동산에 대한 증여계약은 사해행위에 해당되므로 국세징수법 제25조 및 민법 제406조에 따라 취소되어야 함,서울중앙지방법원-2025-가단-88959,2026-04-29,2026,4,2,,지방/기타,민사,,계약,law.go.kr,/DRF/lawService.do?OC=virtual.esq&target=prec&ID=621197&type=HTML&mobileYn=,2026-09-19 21:38:17.270657,,,
619461,보험금[보험계약자인 가압류 신청인의 부당한 가압류 신청으로 인하여 손해를 입은 피보험자인 원고들이 공탁보증보험계약에 기하여 보험자인 피고를 상대로 보험금의 지급을 구하는 사건],2025다220126,2026-04-16,2026,4,2,대법원,대법원,민사,판결,계약,law.go.kr,/DRF/lawService.do?OC=virtual.esq&target=prec&ID=619461&type=HTML&mobileYn=,2026-09-19 21:38:17.270657,,,
618383,피고에게 동업계약에 따른 정산금 채권이 인정되는지 여부,인천지방법원-2024-가단-261247,2026-04-16,2026,4,2,,지방/기타,민사,,계약,law.go.kr,/DRF/lawService.do?OC=virtual.esq&target=prec&ID=618383&type=HTML&mobileYn=,2026-09-19 21:38:17.270657,,,
619643,지식재산권 사용료 수입시기는 사용료계약서상 지급일이며 사후적 사용료계약 합의해제계약서 작성경위로 보았을 때 진의에 의한 해제도 아닌 것으로 보여 후발적 경정사유에 해당하지도 아니하는 것을 판단,서울행정법원-2025-구합-54637,2026-04-15,2026,4,2,,지방/기타,일반행정,,계약,law.go.kr,/DRF/lawService.do?OC=virtual.esq&target=prec&ID=619643&type=HTML&mobileYn=,2026-09-19 21:38:17.270657,,,
619451,건물인도[상가건물 임차인이 임대차계약 기간만료 후 임차건물을 양수한 양수인을 상대로 임대차보증금 반환을 구할 수 있는지 여부가 문제 된 사건],2023다307116,2026-04-09,2026,4,2,대법원,대법원,민사,판결,계약,law.go.kr,/DRF/lawService.do?OC=virtual.esq&target=prec&ID=619451&type=HTML&mobileYn=,2026-09-19 21:38:17.270657,,,
621281,이 사건 매매계약은 해제되었음,서울남부지방법원-2024-가합-104858,2026-04-09,2026,4,2,,지방/기타,민사,,계약,law.go.kr,/DRF/lawService.do?OC=virtual.esq&target=prec&ID=621281&type=HTML&mobileYn=,2026-09-19 21:38:17.270657,,,
621163,매매계약이 무효라는 사정만으로 취득세 신고행위에 중대명백한 하자가 있다고 볼 수 없음,서울중앙지방법원-2024-가단-5198565,2026-04-08,2026,4,2,,지방/기타,민사,,계약,law.go.kr,/DRF/lawService.do?OC=virtual.esq&target=prec&ID=621163&type=HTML&mobileYn=,2026-09-19 21:38:17.270657,,,
618421,(심리불속행)양도소득세 신고시 납세자가 제출한 매매계약서상 취득가액은 특별한 사정이 없는 한 실지거래가액으로 인정해야,대법원-2026-두-30225,2026-04-02,2026,4,2,,지방/기타,일반행정,,계약,law.go.kr,/DRF/lawService.do?OC=virtual.esq&target=prec&ID=618421&type=HTML&mobileYn=,2026-09-19 21:38:17.270657,,,
618695,"보험금[상해보험계약의 약관에서 ‘피보험자가 보험기간 중 교통재해로 인하여 사망하였을 때’ 교통재해 사망보험금을 지급하기로 정하였는데, 피보험자가 보험기간 중 교통사고를 당한 후 보험기간 종료 후에 비로소 사망한 사건]",2025다211789,2026-04-02,2026,4,2,대법원,대법원,민사,판결,계약,law.go.kr,/DRF/lawService.do?OC=virtual.esq&target=prec&ID=618695&type=HTML&mobileYn=,2026-09-19 21:38:17.270657,,,
618697,업무대행자지위확인등[위임계약에서 신뢰관계 파탄을 이유로 해지를 주장하는 사건],2025다219495,2026-04-02,2026,4,2,대법원,대법원,민사,판결,계약,law.go.kr,/DRF/lawService.do?OC=virtual.esq&target=prec&ID=618697&type=HTML&mobileYn=,2026-09-19 21:38:17.270657,,,
620137,이 사건 증여계약이 사해행위에 해당하는지,서울북부지방법원-2022-가단-150136,2026-03-24,2026,3,1,,지방/기타,민사,,계약,law.go.kr,/DRF/lawService.do?OC=virtual.esq&target=prec&ID=620137&type=HTML&mobileYn=,2026-09-19 21:38:17.270657,,,
618543,손해배상(기)[경제적 수리불능으로 평가되는 선박의 잔존물을 당초 그 선박에 관한 용선계약상 반환예정지로 예인하는 비용이 용선자가 부담할 손해배상 범위에 포함되는지가 문제 된 사건],2020다288436,2026-03-12,2026,3,1,대법원,대법원,민사,판결,계약,law.go.kr,/DRF/lawService.do?OC=virtual.esq&target=prec&ID=618543&type=HTML&mobileYn=,2026-09-19 21:38:17.270657,,,
621421,(심리불속행) 영국법인은 배당소득을 미국법인에 이전할 계약상 의무 등을 부담하는 것으로 봄이 타당,대법원-2025-두-35524,2026-03-12,2026,3,1,,지방/기타,일반행정,,계약,law.go.kr,/DRF/lawService.do?OC=virtual.esq&target=prec&ID=621421&type=HTML&mobileYn=,2026-09-19 21:38:17.270657,,,
617365,토지 임대 후 임차인이 건설한 건물은 임대차계약의 내용 및 이후 철거 경위를 살펴볼 때 토지 임대인에게 귀속되는 것임,대법원2025두35665,2026-03-12,2026,3,1,,지방/기타,일반행정,,계약,law.go.kr,/DRF/lawService.do?OC=virtual.esq&target=prec&ID=617365&type=HTML&mobileYn=,2026-09-19 21:38:17.270657,,,
618043,(심리불속행기각) 계약의 위약으로 인하여 받은 배상금을 기타소득으로 보아 과세한 처분은 적법함,대법원-2025-두-35863,2026-03-12,2026,3,1,,지방/기타,일반행정,,계약,law.go.kr,/DRF/lawService.do?OC=virtual.esq&target=prec&ID=618043&type=HTML&mobileYn=,2026-09-19 21:38:17.270657,,,
619175,이 사건 증여계약은 사해행위에 해당함,인천지방법원-2025-가단-217024,2026-03-11,2026,3,1,,지방/기타,민사,,계약,law.go.kr,/DRF/lawService.do?OC=virtual.esq&target=prec&ID=619175&type=HTML&mobileYn=,2026-09-19 21:38:17.270657,,,
618647,이 사건 사해행위취소의 전제가 되는 매매계약은 부존재함,영덕지원-2025-가단-10195,2026-03-03,2026,3,1,,지방/기타,민사,,계약,law.go.kr,/DRF/lawService.do?OC=virtual.esq&target=prec&ID=618647&type=HTML&mobileYn=,2026-09-19 21:38:17.270657,,,
619805,(심리불속행)이 사건 증여계약은 사해행위에 해당함,대법원-2025-다-219604,2026-02-26,2026,2,1,,지방/기타,민사,,계약,law.go.kr,/DRF/lawService.do?OC=virtual.esq&target=prec&ID=619805&type=HTML&mobileYn=,2026-09-19 21:38:17.270657,,,
618165,위약금등청구[수분양자가 시행사 및 분양자의 지위를 승계한 신탁회사를 상대로 공급계약의 해제를 주장하며 계약금 반환 등을 구하는 사건],2023다280945,2026-02-26,2026,2,1,대법원,대법원,민사,판결,계약,law.go.kr,/DRF/lawService.do?OC=virtual.esq&target=prec&ID=618165&type=HTML&mobileYn=,2026-09-19 21:38:17.270657,,,
619777,비교대상 아파트의 매매계약일부터 이 사건 아파트의 증여일까지 가격 변동의 특별한 사정이 없다고 보기 어려움,서울행정법원2025구합53008,2026-02-25,2026,2,1,,지방/기타,일반행정,,계약,law.go.kr,/DRF/lawService.do?OC=virtual.esq&target=prec&ID=619777&type=HTML&mobileYn=,2026-09-19 21:38:17.270657,,,
616793,증여계약이 사해행위에 해당함,서부지원-2025-가단-52686,2026-02-24,2026,2,1,,지방/기타,민사,,계약,law.go.kr,/DRF/lawService.do?OC=virtual.esq&target=prec&ID=616793&type=HTML&mobileYn=,2026-09-19 21:38:17.270657,,,
621255,피고와 체납자 사이 매매계약은 사해행위에 해당함,서울서부지방법원-2024-가단-262992,2026-02-13,2026,2,1,,지방/기타,민사,,계약,law.go.kr,/DRF/lawService.do?OC=virtual.esq&target=prec&ID=621255&type=HTML&mobileYn=,2026-09-19 21:38:17.270657,,,
623933,계약금반환 등·손해배상(기),2024나94285,2026-02-05,2026,2,1,수원지방법원,지방/기타,민사,판결,계약,law.go.kr,/DRF/lawService.do?OC=virtual.esq&target=prec&ID=623933&type=HTML&mobileYn=,2026-09-19 21:38:17.270657,,,
621423,대여금 계약에 대한 채권 압류의 효력 및 추심,서울남부지방법원-2025-가합-101261,2026-02-05,2026,2,1,,지방/기타,민사,,계약,law.go.kr,/DRF/lawService.do?OC=virtual.esq&target=prec&ID=621423&type=HTML&mobileYn=,2026-09-19 21:38:17.270657,,,
617655,이 사건 주식은 이 사건 주식양수도 계약에 따라 원고에게 유효하게 양도되었다고 봄이 상당함,서울행정법원-2025-구합-54785,2026-01-30,2026,1,1,,지방/기타,일반행정,,계약,law.go.kr,/DRF/lawService.do?OC=virtual.esq&target=prec&ID=617655&type=HTML&mobileYn=,2026-09-19 21:38:17.270657,,,
617063,형제간 부동산매매계약을 사해행위로 보아 취소,의정부지방법원-2025-가단-105186,2026-01-29,2026,1,1,,지방/기타,민사,,계약,law.go.kr,/DRF/lawService.do?OC=virtual.esq&target=prec&ID=617063&type=HTML&mobileYn=,2026-09-19 21:38:17.270657,,,
614859,이 사건 부동산의 양도 당시 원고의 지분은 상속재산분할협의 계약상 1/2에 해당함,대법원-2025-두-35283,2026-01-29,2026,1,1,,지방/기타,일반행정,,계약,law.go.kr,/DRF/lawService.do?OC=virtual.esq&target=prec&ID=614859&type=HTML&mobileYn=,2026-09-19 21:38:17.270657,,,
617419,쟁점신탁재산은 신탁계약상 금액으로 평가함이 계약상 토지비에서 상계하도록 한 영업보증금 반환채무를 차감하지 않은 처분은 위법함,서울고등법원-2025-누-7523,2026-01-28,2026,1,1,,지방/기타,일반행정,,계약,law.go.kr,/DRF/lawService.do?OC=virtual.esq&target=prec&ID=617419&type=HTML&mobileYn=,2026-09-19 21:38:17.270657,,,
621135,이 사건 증여계약은 사해행위에 해당함,서울서부지방법원-2025-나-1235,2026-01-23,2026,1,1,,지방/기타,민사,,계약,law.go.kr,/DRF/lawService.do?OC=virtual.esq&target=prec&ID=621135&type=HTML&mobileYn=,2026-09-19 21:38:17.270657,,,
617143,"재산세 과세기준일 현재 철거보상계약이 체결된 주택에 해당하면, 종합부동산세법상 과세대상으로 볼 수 없음",대구고등법원-2025-누-10174,2026-01-16,2026,1,1,,지방/기타,일반행정,,계약,law.go.kr,/DRF/lawService.do?OC=virtual.esq&target=prec&ID=617143&type=HTML&mobileYn=,2026-09-19 21:38:17.270657,,,
621367,상속재산의 협의분할은 공동상속인 간의 일종의 계약으로서 일부 상속인만으로 한 협의분할은 무효,서울중앙지방법원-2025-나-9149,2026-01-16,2026,1,1,,지방/기타,민사,,계약,law.go.kr,/DRF/lawService.do?OC=virtual.esq&target=prec&ID=621367&type=HTML&mobileYn=,2026-09-19 21:38:17.270657,,,
621475,이 사건 근저당권설정계약이 사해행위에 해당하는지 여부,대법원-2025-다-218170,2026-01-15,2026,1,1,,지방/기타,일반행정,,계약,law.go.kr,/DRF/lawService.do?OC=virtual.esq&target=prec&ID=621475&type=HTML&mobileYn=,2026-09-19 21:38:17.271658,,,
614975,피고와 체납자 사이에 체결된 증여계약은 사해행위가 아님,대구지방법원-2025-나-302135,2026-01-14,2026,1,1,,지방/기타,민사,,계약,law.go.kr,/DRF/lawService.do?OC=virtual.esq&target=prec&ID=614975&type=HTML&mobileYn=,2026-09-19 21:38:17.271658,,,
616197,양도소득세 신고시 납세자가 제출한 매매계약서상 취득가액은 특별한 사정이 없는 한 실지거래가액으로 인정해야 한다,대구고등법원-2025-누-10085,2025-12-19,2025,12,4,,지방/기타,일반행정,,계약,law.go.kr,/DRF/lawService.do?OC=virtual.esq&target=prec&ID=616197&type=HTML&mobileYn=,2026-09-19 21:38:17.271658,,,
617663,교환계약에 따라 원고의 부동산을 등기이전하고 계약상대자의 부동산은 등기경료하지 않았더라도 원고의 양도소득이 부존재한다고 볼 수 없음,서울행정법원-2024-구합-92104,2025-12-12,2025,12,4,,지방/기타,일반행정,,계약,law.go.kr,/DRF/lawService.do?OC=virtual.esq&target=prec&ID=617663&type=HTML&mobileYn=,2026-09-19 21:38:17.271658,,,
620279,제3채무자는 계약 해지를 이유로 추심채권자에게 대항할 수 있음,서울고등법원-2025-나-206271,2025-12-12,2025,12,4,,지방/기타,일반행정,,계약,law.go.kr,/DRF/lawService.do?OC=virtual.esq&target=prec&ID=620279&type=HTML&mobileYn=,2026-09-19 21:38:17.271658,,,
616823,주택을 매도한 후 매수인의 해약으로 인해 위약금 소득이 발생했을때 새로운 주택 매수를 위한 매매계약 해약을 위해 지급한 위약금을 위약금 수입의 필요경비로 볼 수 없음,서울행정법원-2025-구합-53406,2025-12-12,2025,12,4,,지방/기타,일반행정,,계약,law.go.kr,/DRF/lawService.do?OC=virtual.esq&target=prec&ID=616823&type=HTML&mobileYn=,2026-09-19 21:38:17.271658,,,
613651,매매계약이 해제된 경우 양도가 있었다고 볼 수 없으므로 양도소득세 부과할 수 없음,대전지방법원-2023-구단-1113,2025-12-11,2025,12,4,,지방/기타,일반행정,,계약,law.go.kr,/DRF/lawService.do?OC=virtual.esq&target=prec&ID=613651&type=HTML&mobileYn=,2026-09-19 21:38:17.271658,,,
620353,채무불이행 사유로 매매계약 해제로 볼 수 있는지 여부,부산지방법원-2024-구합-22908,2025-12-11,2025,12,4,,지방/기타,일반행정,,계약,law.go.kr,/DRF/lawService.do?OC=virtual.esq&target=prec&ID=620353&type=HTML&mobileYn=,2026-09-19 21:38:17.271658,,,
620283,이 사건 증여계약 및 매매예약은 사해행위에 해당함,서울남부지방법원-2024-나-65278,2025-11-27,2025,11,4,,지방/기타,민사,,계약,law.go.kr,/DRF/lawService.do?OC=virtual.esq&target=prec&ID=620283&type=HTML&mobileYn=,2026-09-19 21:38:17.271658,,,
613837,증여자와 수증자사이 증여 계약 성립없이 증여자 일방이 수증자 명의로 주식의 명의를 변경한 경우 증여세 과세가 적법한지,수원지방법원-2024-구합-72972,2025-11-27,2025,11,4,,지방/기타,일반행정,,계약,law.go.kr,/DRF/lawService.do?OC=virtual.esq&target=prec&ID=613837&type=HTML&mobileYn=,2026-09-19 21:38:17.271658,,,
613845,이 사건 부동산 매매계약은 체납처분을 면하고자 조세채권자를 해함을 알면서 체결된 것으로 사해행위에 해당함,광주지방법원-2025-나-31075,2025-11-27,2025,11,4,,지방/기타,민사,,계약,law.go.kr,/DRF/lawService.do?OC=virtual.esq&target=prec&ID=613845&type=HTML&mobileYn=,2026-09-19 21:38:17.271658,,,
614757,아파트 입주 지연에 따른 합의금을 계약의 위약 또는 해약으로 인하여 받는 기타소득에 해당한다는 전제로 한 이 사건 처분은 적법함,인천지방법원-2025-구합-50445,2025-11-27,2025,11,4,,지방/기타,일반행정,,계약,law.go.kr,/DRF/lawService.do?OC=virtual.esq&target=prec&ID=614757&type=HTML&mobileYn=,2026-09-19 21:38:17.271658,,,
613835,(공시송달에 의한 판결) 이 사건 부동산 매매계약은 사해행위에 해당함,수원지방법원-2025-가단-514365,2025-11-26,2025,11,4,,지방/기타,민사,,계약,law.go.kr,/DRF/lawService.do?OC=virtual.esq&target=prec&ID=613835&type=HTML&mobileYn=,2026-09-19 21:38:17.271658,,,
613395,피고는 이 사건 증여계약은 사해행위에 해당함,수원지방법원-2024-가단-617779,2025-11-26,2025,11,4,,지방/기타,일반행정,,계약,law.go.kr,/DRF/lawService.do?OC=virtual.esq&target=prec&ID=613395&type=HTML&mobileYn=,2026-09-19 21:38:17.271658,,,
621519,이 사건 증여계약으로 인해 채무초과 상태에 놓이게 되었다고 인정하기에 부족함,수원지방법원-2024-가단-551848,2025-11-26,2025,11,4,,지방/기타,민사,,계약,law.go.kr,/DRF/lawService.do?OC=virtual.esq&target=prec&ID=621519&type=HTML&mobileYn=,2026-09-19 21:38:17.271658,,,
615257,피고가 송금받은 금액에 대해 증여계약의 체결로써 교부받은 돈임을 인정할 수 없음,광주지방법원-2024-가단-532969,2025-11-25,2025,11,4,,지방/기타,민사,,계약,law.go.kr,/DRF/lawService.do?OC=virtual.esq&target=prec&ID=615257&type=HTML&mobileYn=,2026-09-19 21:38:17.271658,,,
612389,피고와 체납자 사이에 체결된 현금증여계약은 사해행위임,대법원-2025-다-216431,2025-11-20,2025,11,4,,지방/기타,민사,,계약,law.go.kr,/DRF/lawService.do?OC=virtual.esq&target=prec&ID=612389&type=HTML&mobileYn=,2026-09-19 21:38:17.271658,,,
616305,"이 사건 증여계약은 사해행위에 해당하므로, 그 계약을 취소해야 함",수원지방법원-2024-나-80859,2025-11-20,2025,11,4,,지방/기타,민사,,계약,law.go.kr,/DRF/lawService.do?OC=virtual.esq&target=prec&ID=616305&type=HTML&mobileYn=,2026-09-19 21:38:17.271658,,,
618919,"원고와 신규주택의 임차인은 임대차 계약의 갱신 없이 임대차 계약의 종료일을 연장한바, 소득세법 시행령 제155조 제1항 제2호의 신규 주택 전입기간은 연장된 임대차기간이 끝나는 날임",서울고등법원-2025-누-4540,2025-11-19,2025,11,4,,지방/기타,일반행정,,계약,law.go.kr,/DRF/lawService.do?OC=virtual.esq&target=prec&ID=618919&type=HTML&mobileYn=,2026-09-19 21:38:17.271658,,,
615459,계약의 위약으로 인하여 받은 배상금을 기타소득으로 보아 과세한 처분은 적법함,광주고등법원(전주)-2025-누-40,2025-11-19,2025,11,4,,지방/기타,일반행정,,계약,law.go.kr,/DRF/lawService.do?OC=virtual.esq&target=prec&ID=615459&type=HTML&mobileYn=,2026-09-19 21:38:17.271658,,,
614779,"채무자의 재산을 처분하는 법률행위 자체가 없었다고 볼 수는 없으므로, 해당 채권양도계약은 사해행위 취소의 대상이 됨",춘천지방법원-2024-나-36088,2025-11-19,2025,11,4,,지방/기타,일반행정,,계약,law.go.kr,/DRF/lawService.do?OC=virtual.esq&target=prec&ID=614779&type=HTML&mobileYn=,2026-09-19 21:38:17.271658,,,
616937,원고가 고객사와 체결한 일반적 구매 계약의 이행을 위해 이 사건 시제품을 제작한 이상 연구인력개발비로 볼 수 없음,대구지방법원-2024-구합-22398,2025-11-19,2025,11,4,,지방/기타,일반행정,,계약,law.go.kr,/DRF/lawService.do?OC=virtual.esq&target=prec&ID=616937&type=HTML&mobileYn=,2026-09-19 21:38:17.271658,,,
619913,이 사건 증여계약이 사해행위인지 여부,서울동부지방법원-2025-나-21127,2025-11-18,2025,11,4,,지방/기타,민사,,계약,law.go.kr,/DRF/lawService.do?OC=virtual.esq&target=prec&ID=619913&type=HTML&mobileYn=,2026-09-19 21:38:17.271658,,,
615429,"(심리불속행) 원고와 피고 대한민국 사이에서, 원고와 A사이에 체결된 이 사건 채권양도계약은 사해행위로서 취소되어야 함",대법원-2025-다-216111,2025-11-13,2025,11,4,,지방/기타,민사,,계약,law.go.kr,/DRF/lawService.do?OC=virtual.esq&target=prec&ID=615429&type=HTML&mobileYn=,2026-09-19 21:38:17.271658,,,
612167,주식증여계약이 사해행위에 해당하는지 여부,원주지원-2025-가단-53383,2025-11-12,2025,11,4,,지방/기타,민사,,계약,law.go.kr,/DRF/lawService.do?OC=virtual.esq&target=prec&ID=612167&type=HTML&mobileYn=,2026-09-19 21:38:17.271658,,,
616103,이 사건 증여계약은 사해행위에 해당함,부천지원-2024-가단-119592,2025-11-11,2025,11,4,,지방/기타,민사,,계약,law.go.kr,/DRF/lawService.do?OC=virtual.esq&target=prec&ID=616103&type=HTML&mobileYn=,2026-09-19 21:38:17.271658,,,
618047,"일련의 증여에 해당하는 증여계약은 일괄하여 전체적으로 사해성이 있는지 여부를 판단하되, 사해행위 요건의 구비여부는 최초의 증여계약일 당시를 기준으로 판단하여야 한다",서울중앙지방법원-2025-가단-76359,2025-11-11,2025,11,4,,지방/기타,민사,,계약,law.go.kr,/DRF/lawService.do?OC=virtual.esq&target=prec&ID=618047&type=HTML&mobileYn=,2026-09-19 21:38:17.271658,,,
612361,이 사건 각 증여계약 중 분양권 증여 및 B에 대한 4천만원의 송금행위는 사해행위에 해당함,대법원-2025-다-215273,2025-11-06,2025,11,4,,지방/기타,민사,,계약,law.go.kr,/DRF/lawService.do?OC=virtual.esq&target=prec&ID=612361&type=HTML&mobileYn=,2026-09-19 21:38:17.271658,,,
615773,부동산담보신탁계약의 수탁자인 원고에 대한 물적 납세의무자지정처분,대법원-2025-두-34501,2025-11-06,2025,11,4,,지방/기타,일반행정,,계약,law.go.kr,/DRF/lawService.do?OC=virtual.esq&target=prec&ID=615773&type=HTML&mobileYn=,2026-09-19 21:38:17.271658,,,
613545,피고의 부동산 취득이 계약명의신탁약정에 따라 이루어졌다고 볼 수 없음,서울중앙지방법원-2023-가합-87295,2025-10-30,2025,10,4,,지방/기타,민사,,계약,law.go.kr,/DRF/lawService.do?OC=virtual.esq&target=prec&ID=613545&type=HTML&mobileYn=,2026-09-19 21:38:17.271658,,,
613665,"당초 매매계약이 무효가 되었다면, 매매계약 이후 발생한 공탁은 착오로 공탁을 한 경우에 해당하고, 이를 추심하였다면 반환해야 함",서울중앙지방법원-2025-가단-63159,2025-10-30,2025,10,4,,지방/기타,민사,,계약,law.go.kr,/DRF/lawService.do?OC=virtual.esq&target=prec&ID=613665&type=HTML&mobileYn=,2026-09-19 21:38:17.271658,,,
616353,"이 사건 매매계약의 이행으로서 매수인이 이 사건 각 채무를 인수하게 하고, 나머지 매매대금은 현금으로 모두 지급받음으로써 이 사건 매매계약에 따른 매매대금을 이미 지급받았다고 봄이 타당함",부산지방법원-2025-구합-20138,2025-10-23,2025,10,4,,지방/기타,일반행정,,계약,law.go.kr,/DRF/lawService.do?OC=virtual.esq&target=prec&ID=616353&type=HTML&mobileYn=,2026-09-19 21:38:17.271658,,,
329448,쟁점부동산 매매계약 해제에 따라 몰취된 계약금 중 원고에게 반환되지 않은 금액은 필요경비에 해당함,서울행정법원-2019-구합-55392,2020-07-21,2020,7,3,,지방/기타,일반행정,,계약,law.go.kr,/DRF/lawService.do?OC=virtual.esq&target=prec&ID=329448&type=HTML&mobileYn=,2026-09-19 21:38:17.272668,,,
336900,이 사건 부동산의 양도시 별도의 계약서를 작성하여 양도한 시설비품에 이 사건 모텔의 영업권이 포함되었는지 여부,서울행정법원-2019-구단-51874,2020-07-21,2020,7,3,,지방/기타,일반행정,,계약,law.go.kr,/DRF/lawService.do?OC=virtual.esq&target=prec&ID=336900&type=HTML&mobileYn=,2026-09-19 21:38:17.272668,,,
325514,체납자와 조카 사이에 체결된 증여계약이 사해행위로서 취소대상인지 여부(자백간주 판결),제주지방법원-2019-가단-62606,2020-07-15,2020,7,3,,지방/기타,민사,,계약,law.go.kr,/DRF/lawService.do?OC=virtual.esq&target=prec&ID=325514&type=HTML&mobileYn=,2026-09-19 21:38:17.272668,,,
326470,배당 소득을 타인에게 이전할 법적 또는 계약상의 의무를 부담한 바 없이 그에 대한 사용ㆍ수익권을 향유하고 있으므로 수익적 소유자에 해당,서울행정법원-2018-구합-78282,2020-07-14,2020,7,3,,지방/기타,일반행정,,계약,law.go.kr,/DRF/lawService.do?OC=virtual.esq&target=prec&ID=326470&type=HTML&mobileYn=,2026-09-19 21:38:17.272668,,,
336638,계약의 해지 등에 따라 공급가액이 차감되는 경우에 해당한다고 볼 수 없음,서울고등법원-2019-누-50986,2020-07-08,2020,7,3,,지방/기타,일반행정,,계약,law.go.kr,/DRF/lawService.do?OC=virtual.esq&target=prec&ID=336638&type=HTML&mobileYn=,2026-09-19 21:38:17.272668,,,
327442,피고는 납세담보제공계약 체결행위가 사해행위에 해당한다는 사실을 알지 못한 선의의 수익자라고 보는 것이 타당함.,동부지원-2019-가합-101365,2020-07-08,2020,7,3,,지방/기타,민사,,계약,law.go.kr,/DRF/lawService.do?OC=virtual.esq&target=prec&ID=327442&type=HTML&mobileYn=,2026-09-19 21:38:17.272668,,,
213247,계약금반환,2019나2043550,2020-07-02,2020,7,3,서울고등법원,고등법원,민사,판결,계약,law.go.kr,/DRF/lawService.do?OC=virtual.esq&target=prec&ID=213247&type=HTML&mobileYn=,2026-09-19 21:38:17.272668,,,
237167,계약금반환·기타(금전),2019나66012,2020-06-26,2020,6,2,인천지방법원,지방/기타,민사,판결,계약,law.go.kr,/DRF/lawService.do?OC=virtual.esq&target=prec&ID=237167&type=HTML&mobileYn=,2026-09-19 21:38:17.272668,,,
331432,"(심리불속행) 세율 오류와 납세고지서의 하자, 계약금이 위약금으로 몰취된 경우 국내원천소득 여부",대법원-2020-두-35844,2020-06-25,2020,6,2,,지방/기타,일반행정,,계약,law.go.kr,/DRF/lawService.do?OC=virtual.esq&target=prec&ID=331432&type=HTML&mobileYn=,2026-09-19 21:38:17.272668,,,
424138,임대차 계약을 체결하였으나 사실상 임차기업을 관리·감독하면서 창업중소기업의 목적사업에 계속 사용한 경우 기 감면된 취득세 추징대상에 해당하는지 여부,2019누12063,2020-06-24,2020,6,2,수원고등법원,고등법원,일반행정,처분청 패소,계약,law.go.kr,/DRF/lawService.do?OC=virtual.esq&target=prec&ID=424138&type=HTML&mobileYn=,2026-09-19 21:38:17.272668,,,
330546,검인계약서 상 기재된금액이 취득가액에 해당함,의정부지방법원-2019-구단-6619,2020-06-22,2020,6,2,,지방/기타,일반행정,,계약,law.go.kr,/DRF/lawService.do?OC=virtual.esq&target=prec&ID=330546&type=HTML&mobileYn=,2026-09-19 21:38:17.272668,,,
217153,매매계약무효확인의소,2019가합3771,2020-06-18,2020,6,2,서울중앙지방법원,지방/기타,민사,판결,계약,law.go.kr,/DRF/lawService.do?OC=virtual.esq&target=prec&ID=217153&type=HTML&mobileYn=,2026-09-19 21:38:17.272668,,,
326826,이 사건 토지는 새로운 매매계약에 따라 00시 명의의 소유권이전등기가 2013. 11. 27로 유효하여 양도시기는 2013년임,수원지방법원-2019-구단-9027,2020-06-17,2020,6,2,,지방/기타,일반행정,,계약,law.go.kr,/DRF/lawService.do?OC=virtual.esq&target=prec&ID=326826&type=HTML&mobileYn=,2026-09-19 21:38:17.272668,,,
324018,공사계약서상 금액만으로 실지취득가액을 추정하기 어려우므로 추계조사의 방법으로 산정하여야 함.,대구지방법원-2019-구합-24529,2020-06-17,2020,6,2,,지방/기타,일반행정,,계약,law.go.kr,/DRF/lawService.do?OC=virtual.esq&target=prec&ID=324018&type=HTML&mobileYn=,2026-09-19 21:38:17.272668,,,
326230,원고의 전 소유자의 신고가액은 다운계약서에 의한 것이므로 실제 확인되는 매매대금으로 양도소득세를 산정하여야 함,서울행정법원-2018-구단-73877,2020-06-16,2020,6,2,,지방/기타,일반행정,,계약,law.go.kr,/DRF/lawService.do?OC=virtual.esq&target=prec&ID=326230&type=HTML&mobileYn=,2026-09-19 21:38:17.272668,,,
326674,"법무법인에게 지급한 이 사건 비용은 부동산 양도를 위한 소개비 및 계약서 작성비용, 또는 쟁송비용에 해당하지 아니함",서울행정법원-2019-구단-62270,2020-06-16,2020,6,2,,지방/기타,일반행정,,계약,law.go.kr,/DRF/lawService.do?OC=virtual.esq&target=prec&ID=326674&type=HTML&mobileYn=,2026-09-19 21:38:17.272668,,,
336302,협의매매계약후 소송을 통해 증액된 보상금을 수령한 경우 경우 양도시기,수원지방법원-2019-구단-9034,2020-06-12,2020,6,2,,지방/기타,일반행정,,계약,law.go.kr,/DRF/lawService.do?OC=virtual.esq&target=prec&ID=336302&type=HTML&mobileYn=,2026-09-19 21:38:17.272668,,,
325554,증여계약 중 일부는 사해행위에 해당하여 취소되어야 함,서울고등법원-2019-나-12952,2020-06-12,2020,6,2,,지방/기타,민사,,계약,law.go.kr,/DRF/lawService.do?OC=virtual.esq&target=prec&ID=325554&type=HTML&mobileYn=,2026-09-19 21:38:17.272668,,,
326964,원고가 국외여행계약에 따라 제공한 용역은 여행용역이 아닌 여행알선용역으로서 영세율 적용대상에 해당하지 아니함,서울고등법원-2019-누-51323,2020-06-12,2020,6,2,,지방/기타,일반행정,,계약,law.go.kr,/DRF/lawService.do?OC=virtual.esq&target=prec&ID=326964&type=HTML&mobileYn=,2026-09-19 21:38:17.273662,,,
330040,민사소송에서 기존 협의매매계약 착오취소 후 강제조정결정을 통해 수령한 금전의 귀속시기는 강제조정결정이 확정된 때임,수원지방법원-2019-구단-9041,2020-06-12,2020,6,2,,지방/기타,일반행정,,계약,law.go.kr,/DRF/lawService.do?OC=virtual.esq&target=prec&ID=330040&type=HTML&mobileYn=,2026-09-19 21:38:17.273662,,,
320212,검인계약서 내용과 달리 실제 취득가액이 ??원이라는 원고의 주장은 이유 없음,서울고등법원-2019-누-64404,2020-06-11,2020,6,2,,지방/기타,일반행정,,계약,law.go.kr,/DRF/lawService.do?OC=virtual.esq&target=prec&ID=320212&type=HTML&mobileYn=,2026-09-19 21:38:17.273662,,,
328986,배당 소득을 타인에게 이전할 법적 또는 계약상의 의무를 부담한 바 없이 그에 대한 사용ㆍ수익권을 향유하고 있으므로 수익적 소유자에 해당,서울행정법원-2019-구합-51130,2020-06-05,2020,6,2,,지방/기타,일반행정,,계약,law.go.kr,/DRF/lawService.do?OC=virtual.esq&target=prec&ID=328986&type=HTML&mobileYn=,2026-09-19 21:38:17.273662,,,
329748,신탁계약에 따라 NN주택보증의 분양보증 이행을 재화의 공급으로 과세한 것은  무효에 해당하는지 여부,대구지방법원-2019-구합-22189,2020-05-28,2020,5,2,,지방/기타,일반행정,,계약,law.go.kr,/DRF/lawService.do?OC=virtual.esq&target=prec&ID=329748&type=HTML&mobileYn=,2026-09-19 21:38:17.273662,,,
331968,채무초과 상태에서 이 사건 매매계약을 체결하였고 피고들의 악의는 추정되므로 사해행위에 해당,부산고등법원-2019-나-58363,2020-05-27,2020,5,2,,지방/기타,민사,,계약,law.go.kr,/DRF/lawService.do?OC=virtual.esq&target=prec&ID=331968&type=HTML&mobileYn=,2026-09-19 21:38:17.273662,,,
325050,공사계약서에 계약서에 기재된 금액 및 실지지급금액 등을 실지거래가액으로 인정할 수 있음,광주고등법원(제주)-2019-누-1274,2020-05-27,2020,5,2,,지방/기타,일반행정,,계약,law.go.kr,/DRF/lawService.do?OC=virtual.esq&target=prec&ID=325050&type=HTML&mobileYn=,2026-09-19 21:38:17.273662,,,
323676,체납자와 배우자 사이의 금원 증여계약은 사해행위에 해당함,동부지원-2019-가합-104968,2020-05-21,2020,5,2,,지방/기타,민사,,계약,law.go.kr,/DRF/lawService.do?OC=virtual.esq&target=prec&ID=323676&type=HTML&mobileYn=,2026-09-19 21:38:17.273662,,,
326370,고정자산(부동산) 양도계약서와 별도로 임의구분하여 병원영업권 매매계약서를 작성하였다 할지라도 고정자산과 함께 양도된 영업권에 해당됨,대법원-2020-두-34377,2020-05-14,2020,5,2,,지방/기타,일반행정,,계약,law.go.kr,/DRF/lawService.do?OC=virtual.esq&target=prec&ID=326370&type=HTML&mobileYn=,2026-09-19 21:38:17.273662,,,
329238,이 사건 토지의 양도는 사해행위에 해당하므로 매매계약을 취소하고 피고는 원고에게 가액을 배상하여야 함,동부지원-2019-가단-210231,2020-05-14,2020,5,2,,지방/기타,민사,,계약,law.go.kr,/DRF/lawService.do?OC=virtual.esq&target=prec&ID=329238&type=HTML&mobileYn=,2026-09-19 21:38:17.273662,,,
323224,이 사건 매매계약의 해제권 발생요건이 입증되지 아니하였음,인천지방법원-2019-나-70509,2020-05-12,2020,5,2,,지방/기타,민사,,계약,law.go.kr,/DRF/lawService.do?OC=virtual.esq&target=prec&ID=323224&type=HTML&mobileYn=,2026-09-19 21:38:17.273662,,,
326756,체납자가 부동산 증여계약 및 소유권이전등기를 마쳐 줌으로써 체납자의 채무초과상태를 초래하는 경우 사해행위에 해당함,서울고등법원-2019-나-2007660,2020-05-12,2020,5,2,,지방/기타,민사,,계약,law.go.kr,/DRF/lawService.do?OC=virtual.esq&target=prec&ID=326756&type=HTML&mobileYn=,2026-09-19 21:38:17.273662,,,
236889,계약보증금청구의소,2018가합590056,2020-05-07,2020,5,2,서울중앙지방법원,지방/기타,민사,판결,계약,law.go.kr,/DRF/lawService.do?OC=virtual.esq&target=prec&ID=236889&type=HTML&mobileYn=,2026-09-19 21:38:17.273662,,,
327596,쟁점 매매계약이 사해행위에 해당하는지 여부,수원지방법원-2019-나-64709,2020-04-22,2020,4,2,,지방/기타,민사,,계약,law.go.kr,/DRF/lawService.do?OC=virtual.esq&target=prec&ID=327596&type=HTML&mobileYn=,2026-09-19 21:38:17.273662,,,
327616,용역계약서에 따른 용역제공의 대가를 지급하고 수취한 세금계산서인지 여부,서울고등법원-2019-누-31244,2020-04-22,2020,4,2,,지방/기타,일반행정,,계약,law.go.kr,/DRF/lawService.do?OC=virtual.esq&target=prec&ID=327616&type=HTML&mobileYn=,2026-09-19 21:38:17.273662,,,
326996,양수인이 양도인의 최초 부동산 매매 계약을 해지하기 위해 지급한 계약해지금은 양도가액에 포함됨,대전지방법원-2019-구단-45,2020-04-16,2020,4,2,,지방/기타,일반행정,,계약,law.go.kr,/DRF/lawService.do?OC=virtual.esq&target=prec&ID=326996&type=HTML&mobileYn=,2026-09-19 21:38:17.273662,,,
320484,"양수도계약에 정한 1주당 가액 57,200원을 정당한 매매거래가액에 해당함",부산지방법원-2019-구합-24733,2020-04-10,2020,4,2,,지방/기타,일반행정,,계약,law.go.kr,/DRF/lawService.do?OC=virtual.esq&target=prec&ID=320484&type=HTML&mobileYn=,2026-09-19 21:38:17.273662,,,
420152,1. 농지취득자격증명을 제출할 수 없어 매매계약이 해제된 경우 취득세 여부2. 창업중소기업 감면 받고 공장용 건축물을 신축중임에도 유예기간 내에 직접 사용하지 않음을 이유로 기 감면된 취득세에 대한 추징 여부,2019두62239,2020-04-09,2020,4,2,대법원,대법원,일반행정,처분청 승소,계약,law.go.kr,/DRF/lawService.do?OC=virtual.esq&target=prec&ID=420152&type=HTML&mobileYn=,2026-09-19 21:38:17.273662,,,
211289,소유권이전등기말소[매매계약의 성립 여부가 문제 된 사건],2017다20371,2020-04-09,2020,4,2,대법원,대법원,민사,판결,계약,law.go.kr,/DRF/lawService.do?OC=virtual.esq&target=prec&ID=211289&type=HTML&mobileYn=,2026-09-19 21:38:17.273662,,,
330990,이 사건 매매계약서는 해당 작성일자 무렵 원고와 김영화 사이에서 작성되어 이행된 매매계약서로 봄이 상당함,수원고등법원-2019-누-12674,2020-04-08,2020,4,2,,지방/기타,일반행정,,계약,law.go.kr,/DRF/lawService.do?OC=virtual.esq&target=prec&ID=330990&type=HTML&mobileYn=,2026-09-19 21:38:17.273662,,,
325476,체납자와 딸 사이에 체결된 증여계약이 사해행위로서 취소대상인지 여부(무변론판결),동부지원-2019-가단-225592,2020-03-31,2020,3,1,,지방/기타,민사,,계약,law.go.kr,/DRF/lawService.do?OC=virtual.esq&target=prec&ID=325476&type=HTML&mobileYn=,2026-09-19 21:38:17.273662,,,
211327,계약금등반환청구,2019다288232,2020-03-26,2020,3,1,대법원,대법원,민사,판결,계약,law.go.kr,/DRF/lawService.do?OC=virtual.esq&target=prec&ID=211327&type=HTML&mobileYn=,2026-09-19 21:38:17.273662,,,
600123,이 사건 매입처와 물품위탁판매계약을 체결하고 세금계산서를 수취한 것은 가공세금계산서라 봄이 타당함,의정부지방법원-2023-구합-11318,2020-03-24,2020,3,1,,지방/기타,일반행정,,계약,law.go.kr,/DRF/lawService.do?OC=virtual.esq&target=prec&ID=600123&type=HTML&mobileYn=,2026-09-19 21:38:17.273662,,,
329746,(심리불속행) 검인계약서는 실지거래가액을 확인할 수 있는 증빙서류로서 진실한 거래내용에 따라 작성된 것으로 추정됨,대법원-2019-두-58018,2020-03-12,2020,3,1,,지방/기타,일반행정,,계약,law.go.kr,/DRF/lawService.do?OC=virtual.esq&target=prec&ID=329746&type=HTML&mobileYn=,2026-09-19 21:38:17.273662,,,
329576,허위의 양도계약서를 근거로 한 취득가액 적용 주장의 당부,대법원-2019-두-59622,2020-03-12,2020,3,1,,지방/기타,일반행정,,계약,law.go.kr,/DRF/lawService.do?OC=virtual.esq&target=prec&ID=329576&type=HTML&mobileYn=,2026-09-19 21:38:17.273662,,,
327334,(심리불속행) 기존 협의매매계약 착오취소 후 강제조정결정을 통해 수령한 돈은 양도소득에 해당하고 귀속시기는 강제조정결정이 확정된 때임,대법원-2019-두-59271,2020-03-12,2020,3,1,,지방/기타,일반행정,,계약,law.go.kr,/DRF/lawService.do?OC=virtual.esq&target=prec&ID=327334&type=HTML&mobileYn=,2026-09-19 21:38:17.273662,,,
325082,이행지체로 인한 계약의 해지시 양도소득세 과세여부,수원고등법원-2019-누-13172,2020-02-19,2020,2,1,,지방/기타,일반행정,,계약,law.go.kr,/DRF/lawService.do?OC=virtual.esq&target=prec&ID=325082&type=HTML&mobileYn=,2026-09-19 21:38:17.273662,,,
327294,이 사건 증여계약이 사해행위취소의 대상이 되는지 여부,서울서부지방법원-2019-나-36336,2020-02-18,2020,2,1,,지방/기타,민사,,계약,law.go.kr,/DRF/lawService.do?OC=virtual.esq&target=prec&ID=327294&type=HTML&mobileYn=,2026-09-19 21:38:17.273662,,,
326954,기부채납된 행정재산에 대한 사용계약이 존재하지 않으므로 부가가치세 과세대상이 아님,대구고등법원-2018-누-3449,2020-02-14,2020,2,1,,지방/기타,일반행정,,계약,law.go.kr,/DRF/lawService.do?OC=virtual.esq&target=prec&ID=326954&type=HTML&mobileYn=,2026-09-19 21:38:17.273662,,,
327386,양도인이 양도소득세 부담 의무를 이행하지 않아 이행 지체를 원인으로 이 사건 계약이 해제된 것으로 볼 수 있는지 여부,울산지방법원-2018-구합-7437,2020-02-13,2020,2,1,,지방/기타,일반행정,,계약,law.go.kr,/DRF/lawService.do?OC=virtual.esq&target=prec&ID=327386&type=HTML&mobileYn=,2026-09-19 21:38:17.273662,,,
337854,이 사건 매매계약의 매매대금이 8억원인지 여부,수원지방법원-2019-구단-6417,2020-02-07,2020,2,1,,지방/기타,일반행정,,계약,law.go.kr,/DRF/lawService.do?OC=virtual.esq&target=prec&ID=337854&type=HTML&mobileYn=,2026-09-19 21:38:17.273662,,,
327680,허위매매계약서를 제출하여 신고하는 경우 사기 기타부정한 행위에 해당함,수원지방법원-2019-구단-2682,2020-02-07,2020,2,1,,지방/기타,일반행정,,계약,law.go.kr,/DRF/lawService.do?OC=virtual.esq&target=prec&ID=327680&type=HTML&mobileYn=,2026-09-19 21:38:17.273662,,,
323496,계약이 해제되어 매출채권이 존재하지 않는지 여부,서울동부지방법원-2019-나-25433,2020-02-07,2020,2,1,,지방/기타,민사,,계약,law.go.kr,/DRF/lawService.do?OC=virtual.esq&target=prec&ID=323496&type=HTML&mobileYn=,2026-09-19 21:38:17.273662,,,
324510,도급계약 이행 완료 또는 소멸시효 경과를 원인으로 근저당권설정등기 말소,수원지방법원-2019-가단-512771,2020-02-05,2020,2,1,,지방/기타,민사,,계약,law.go.kr,/DRF/lawService.do?OC=virtual.esq&target=prec&ID=324510&type=HTML&mobileYn=,2026-09-19 21:38:17.273662,,,
323404,신탁계약을 통해 수취한 분배금의 실질이 배당금인 경우 수입배당금액 익금불산입 규정 적용함,서울행정법원-2019-구합-60042,2020-02-04,2020,2,1,,지방/기타,일반행정,,계약,law.go.kr,/DRF/lawService.do?OC=virtual.esq&target=prec&ID=323404&type=HTML&mobileYn=,2026-09-19 21:38:17.273662,,,
226033,상표법위반[계약위반과 권리소진의 원칙에 관한 판결],2018도14446,2020-01-30,2020,1,1,대법원,대법원,형사,판결,계약,law.go.kr,/DRF/lawService.do?OC=virtual.esq&target=prec&ID=226033&type=HTML&mobileYn=,2026-09-19 21:38:17.273662,,,
423524,명의신탁계약을 해지하고 주식을 반환한 경우 주식 취득을 원인으로 과점주주 취득세 처분이 정당한지 여부,2019두56258,2020-01-30,2020,1,1,대법원,대법원,일반행정,처분청 패소,계약,law.go.kr,/DRF/lawService.do?OC=virtual.esq&target=prec&ID=423524&type=HTML&mobileYn=,2026-09-19 21:38:17.273662,,,
328452,교환계약에 따른 양도에서 양도가액이 확인되지 않는 단순 교환거래일 때 양도가액과 취득가액을 기준시가로 산정하는 것이 적절한지 여부,제주지방법원-2018-구합-665,2020-01-22,2020,1,1,,지방/기타,일반행정,,계약,law.go.kr,/DRF/lawService.do?OC=virtual.esq&target=prec&ID=328452&type=HTML&mobileYn=,2026-09-19 21:38:17.273662,,,
327972,소외 체납자는 배우자인 피고에게 본인 소유의 부동산에 증여계약을 체결후 소유권이전등기를 마친행위는 사해행위에 해당함,여주지원-2019-가단-58426,2020-01-22,2020,1,1,,지방/기타,민사,,계약,law.go.kr,/DRF/lawService.do?OC=virtual.esq&target=prec&ID=327972&type=HTML&mobileYn=,2026-09-19 21:38:17.273662,,,
323296,고정자산(부동산) 양도계약서와 별도로 임의구분하여 병원영업권 매매계약서를 작성하였다 할지라도 고정자산과 함께 양도된 영업권에 해당됨,대구고등법원-2019-누-3545,2020-01-17,2020,1,1,,지방/기타,일반행정,,계약,law.go.kr,/DRF/lawService.do?OC=virtual.esq&target=prec&ID=323296&type=HTML&mobileYn=,2026-09-19 21:38:17.273662,,,
336602,사용계약에 따른 사용료를 지급하였다고 인정하기에 부족함,부산지방법원-2018-구합-20482,2020-01-17,2020,1,1,,지방/기타,일반행정,,계약,law.go.kr,/DRF/lawService.do?OC=virtual.esq&target=prec&ID=336602&type=HTML&mobileYn=,2026-09-19 21:38:17.273662,,,
324942,도급계약서는 형식적으로 작성한 것이어서 실지거래가액을 확인할 수 없으므로 이를 근거한 과세처분은 위법함(국패),수원지방법원-2018-구단-8843,2020-01-15,2020,1,1,,지방/기타,일반행정,,계약,law.go.kr,/DRF/lawService.do?OC=virtual.esq&target=prec&ID=324942&type=HTML&mobileYn=,2026-09-19 21:38:17.273662,,,
337888,이 사건 부동산 증여계약은 채권자를 해하는 사해행위에 해당함,홍성지원-2019-가단-32552,2020-01-14,2020,1,1,,지방/기타,민사,,계약,law.go.kr,/DRF/lawService.do?OC=virtual.esq&target=prec&ID=337888&type=HTML&mobileYn=,2026-09-19 21:38:17.273662,,,
225871,영업비밀침해금지및계약위반행위금지등,2016다222712,2019-12-24,2019,12,4,대법원,대법원,민사,판결,계약,law.go.kr,/DRF/lawService.do?OC=virtual.esq&target=prec&ID=225871&type=HTML&mobileYn=,2026-09-19 21:38:17.273662,,,
333016,(심리불속행)계약 체결을 중개하는 용역을 제공하고 받은 대가는 부가가치세 과세대상 거래에 해당함,대법원-2019-두-51307,2019-12-24,2019,12,4,,지방/기타,일반행정,,계약,law.go.kr,/DRF/lawService.do?OC=virtual.esq&target=prec&ID=333016&type=HTML&mobileYn=,2026-09-19 21:38:17.273662,,,
323882,체납자와 수익자 사이의 증여계약이 사해행위에 해당하는지 여부,서울남부지방법원-2019-가단-261194,2019-12-20,2019,12,4,,지방/기타,민사,,계약,law.go.kr,/DRF/lawService.do?OC=virtual.esq&target=prec&ID=323882&type=HTML&mobileYn=,2026-09-19 21:38:17.273662,,,
331060,토지거래허가 대상 부동산의 매매계약 해제와 기타소득,인천지방법원-2019-가합-51481,2019-12-19,2019,12,4,,지방/기타,민사,,계약,law.go.kr,/DRF/lawService.do?OC=virtual.esq&target=prec&ID=331060&type=HTML&mobileYn=,2026-09-19 21:38:17.273662,,,
324646,이 사건 부동산에 대한 매매계약 체결 행위가 사해행위에 해당하는지 여부,대전고등법원-2019-나-15166,2019-12-19,2019,12,4,,지방/기타,민사,,계약,law.go.kr,/DRF/lawService.do?OC=virtual.esq&target=prec&ID=324646&type=HTML&mobileYn=,2026-09-19 21:38:17.273662,,,
328622,이 사건 계약내용 및 대금지급내용을 볼 때 사업의 양도에 해당하지 않음,창원지방법원-2019-구단-10628,2019-12-18,2019,12,4,,지방/기타,일반행정,,계약,law.go.kr,/DRF/lawService.do?OC=virtual.esq&target=prec&ID=328622&type=HTML&mobileYn=,2026-09-19 21:38:17.273662,,,
327266,체납자와 수익자 사이의 증여계약이 사해행위에 해당하는지 여부,의정부지방법원-2018-가합-58400,2019-12-13,2019,12,4,,지방/기타,민사,,계약,law.go.kr,/DRF/lawService.do?OC=virtual.esq&target=prec&ID=327266&type=HTML&mobileYn=,2026-09-19 21:38:17.273662,,,
323534,"원고의 사해행위취소 청구를 인정하여, 피고와 ㅇㅇㅇ 사이의 현금 증여 계약을 취소하고, 피고는 원고에게 쟁점 금액 등을 지급할 것",서울남부지방법원-2019-가단-220063,2019-12-11,2019,12,4,,지방/기타,민사,,계약,law.go.kr,/DRF/lawService.do?OC=virtual.esq&target=prec&ID=323534&type=HTML&mobileYn=,2026-09-19 21:38:17.273662,,,
323326,피고와 체납자사이에 이 사건 부동산에 관하여 체결된 증여계약은 사해행위로서 취소되어야 함,수원지방법원-2019-가단-534436,2019-12-04,2019,12,4,,지방/기타,민사,,계약,law.go.kr,/DRF/lawService.do?OC=virtual.esq&target=prec&ID=323326&type=HTML&mobileYn=,2026-09-19 21:38:17.274661,,,
327650,(상고이유서부제출기각) 주택임대차보호법을 악용하여 부당한 이득을 취하고자 임대차계약을 체결한 경우에는 소액임차인으로 보호할 수 없음,대법원-2019-다-274868,2019-11-29,2019,11,4,,지방/기타,민사,,계약,law.go.kr,/DRF/lawService.do?OC=virtual.esq&target=prec&ID=327650&type=HTML&mobileYn=,2026-09-19 21:38:17.274661,,,
330806,"내국법인의 해외현지법인이 체결한 계약의 실질적 당사자, 외국법인과 계약이 해제되어 기 지급한 금액을 국내원천 위약금으로 볼 수 있는 요건",서울고등법원-2017-누-34546,2019-11-27,2019,11,4,,지방/기타,일반행정,,계약,law.go.kr,/DRF/lawService.do?OC=virtual.esq&target=prec&ID=330806&type=HTML&mobileYn=,2026-09-19 21:38:17.274661,,,
420214,1. 농지취득자격증명을 제출할 수 없어 매매계약이 해제된 경우 취득세 여부2. 창업중소기업 감면 받고 공장용 건축물을 신축중임에도 유예기간 내에 직접 사용하지 않음을 이유로 기 감면된 취득세에 대한 추징 여부,(창원)2019누11357,2019-11-27,2019,11,4,창원지방법원,지방/기타,일반행정,처분청 승소,계약,law.go.kr,/DRF/lawService.do?OC=virtual.esq&target=prec&ID=420214&type=HTML&mobileYn=,2026-09-19 21:38:17.274661,,,
322982,"각 방송사와의 방송출연계약의 당사자가 소속사가 아닌 인지도가 있는 연예인들 본인이므로, 연예인들에게 공탁금출급청구권 인정",서울고등법원-2019-나-2010468,2019-11-22,2019,11,4,,지방/기타,민사,,계약,law.go.kr,/DRF/lawService.do?OC=virtual.esq&target=prec&ID=322982&type=HTML&mobileYn=,2026-09-19 21:38:17.274661,,,
328204,임대차계약서허위작성 배당 관련 부당이득금,수원지방법원-2019-나-53730,2019-11-21,2019,11,4,,지방/기타,민사,,계약,law.go.kr,/DRF/lawService.do?OC=virtual.esq&target=prec&ID=328204&type=HTML&mobileYn=,2026-09-19 21:38:17.274661,,,
329234,부동산매매계약서에 기재된 매매가액이 실제 부동산의 양도가액인지 여부,의정부지방법원-2018-구합-14757,2019-11-19,2019,11,4,,지방/기타,일반행정,,계약,law.go.kr,/DRF/lawService.do?OC=virtual.esq&target=prec&ID=329234&type=HTML&mobileYn=,2026-09-19 21:38:17.274661,,,
328150,이 사건 사용료 소득을 타인에게 이전할 법적 또는 계약상의 의무를 부담한 바 없어 사용료 소득의 수익적 소유자에 해당함,서울행정법원-2019-구합-51321,2019-11-19,2019,11,4,,지방/기타,일반행정,,계약,law.go.kr,/DRF/lawService.do?OC=virtual.esq&target=prec&ID=328150&type=HTML&mobileYn=,2026-09-19 21:38:17.274661,,,
210835,계약금반환등,2018다212467,2019-11-14,2019,11,4,대법원,대법원,민사,판결,계약,law.go.kr,/DRF/lawService.do?OC=virtual.esq&target=prec&ID=210835&type=HTML&mobileYn=,2026-09-19 21:38:17.274661,,,
324866,이 사건 제2증여계약은 사해행위이므로 피보전채권의 범위 내에서 취소되어야함,서울북부지방법원-2018-가합-25131,2019-11-14,2019,11,4,,지방/기타,민사,,계약,law.go.kr,/DRF/lawService.do?OC=virtual.esq&target=prec&ID=324866&type=HTML&mobileYn=,2026-09-19 21:38:17.274661,,,
327954,(무변론판결) 조세채무가 있는 상태에서 증여계약을 통해 채무초과상태에 이르게 한 것은 사해행위에 해당함,고양지원-2019-가단-88992,2019-11-13,2019,11,4,,지방/기타,민사,,계약,law.go.kr,/DRF/lawService.do?OC=virtual.esq&target=prec&ID=327954&type=HTML&mobileYn=,2026-09-19 21:38:17.274661,,,
328088,기존 협의매매계약 착오취소 후 강제조정결정을 통해 수령한 돈은 양도소득에 해당하고 귀속시기는 강제조정결정이 확정된 때임,수원고등법원-2019-누-11350,2019-11-06,2019,11,4,,지방/기타,일반행정,,계약,law.go.kr,/DRF/lawService.do?OC=virtual.esq&target=prec&ID=328088&type=HTML&mobileYn=,2026-09-19 21:38:17.274661,,,
211357,계약금등반환청구,2018나112992,2019-10-31,2019,10,4,대전지방법원,지방/기타,민사,판결,계약,law.go.kr,/DRF/lawService.do?OC=virtual.esq&target=prec&ID=211357&type=HTML&mobileYn=,2026-09-19 21:38:17.274661,,,
329574,계약 체결을 중개하는 용역을 제공하고 받은 대가는 부가가치세 과세대상이고 부가가치세가 쟁송중이라 해서 종합소득세 처분을 유보해야 할 이유는 없음,강릉지원-2019-구합-27,2019-10-31,2019,10,4,,지방/기타,일반행정,,계약,law.go.kr,/DRF/lawService.do?OC=virtual.esq&target=prec&ID=329574&type=HTML&mobileYn=,2026-09-19 21:38:17.274661,,,
330240,"채권양도계약이 사해행위 소송 진행중일 때, 공탁금출급청구권의 우선권을 주장할수 있는지 여부",서울중앙지방법원-2019-가단-5002110,2019-10-30,2019,10,4,,지방/기타,민사,,계약,law.go.kr,/DRF/lawService.do?OC=virtual.esq&target=prec&ID=330240&type=HTML&mobileYn=,2026-09-19 21:38:17.274661,,,
320582,며느리와의 이 사건 매도대금 증여계약은 사해행위에 해당함,대구지방법원-2019-나-302662,2019-10-30,2019,10,4,,지방/기타,민사,,계약,law.go.kr,/DRF/lawService.do?OC=virtual.esq&target=prec&ID=320582&type=HTML&mobileYn=,2026-09-19 21:38:17.274661,,,
324292,양도담보계약 해제 후 제3자에게 양도시 실지 취득가액,서울행정법원-2019-구단-58752,2019-10-30,2019,10,4,,지방/기타,일반행정,,계약,law.go.kr,/DRF/lawService.do?OC=virtual.esq&target=prec&ID=324292&type=HTML&mobileYn=,2026-09-19 21:38:17.274661,,,
323944,검인계약서는 실지거래가액을 확인할 수 있는 증빙서류로서 진실한 거래내용에 따라 작성된 것으로 추정됨,서울고등법원-2018-누-77434,2019-10-29,2019,10,4,,지방/기타,일반행정,,계약,law.go.kr,/DRF/lawService.do?OC=virtual.esq&target=prec&ID=323944&type=HTML&mobileYn=,2026-09-19 21:38:17.274661,,,
327172,채무초과 상태에서 이 사건 매매계약을 체결하였고 피고들의 악의는 추정되므로 사해행위에 해당,부산지방법원-2018-가합-46878,2019-10-24,2019,10,4,,지방/기타,민사,,계약,law.go.kr,/DRF/lawService.do?OC=virtual.esq&target=prec&ID=327172&type=HTML&mobileYn=,2026-09-19 21:38:17.274661,,,
326130,압류한 공탁금은 신탁계약에 따라 체납자에게 귀속되어야 하고 압류로서 대한민국에 귀속됨,서울중앙지방법원-2018-가합-782,2019-10-24,2019,10,4,,지방/기타,민사,,계약,law.go.kr,/DRF/lawService.do?OC=virtual.esq&target=prec&ID=326130&type=HTML&mobileYn=,2026-09-19 21:38:17.274661,,,
225603,계약금반환청구,2018나2041069,2019-10-16,2019,10,4,서울고등법원,고등법원,민사,판결,계약,law.go.kr,/DRF/lawService.do?OC=virtual.esq&target=prec&ID=225603&type=HTML&mobileYn=,2026-09-19 21:38:17.274661,,,
329266,검인계약서 내용과 달리 실제 취득가액이 원이라는 원고의 주장은 이유 없음,서울행정법원-2019-구단-53528,2019-10-15,2019,10,4,,지방/기타,일반행정,,계약,law.go.kr,/DRF/lawService.do?OC=virtual.esq&target=prec&ID=329266&type=HTML&mobileYn=,2026-09-19 21:38:17.274661,,,
324612,이 사건 매매계약의 해제권 발생요건이 입증되지 아니하였음,인천지방법원-2017-가단-246288,2019-10-15,2019,10,4,,지방/기타,민사,,계약,law.go.kr,/DRF/lawService.do?OC=virtual.esq&target=prec&ID=324612&type=HTML&mobileYn=,2026-09-19 21:38:17.274661,,,
328552,매매계약이 합의해제된 경우 납부한 양도소득세가 부당이득인지 여부,원주지원-2019-가소-56810,2019-10-11,2019,10,4,,지방/기타,민사,,계약,law.go.kr,/DRF/lawService.do?OC=virtual.esq&target=prec&ID=328552&type=HTML&mobileYn=,2026-09-19 21:38:17.274661,,,
328200,체납자와 피고사이의 증여계약은 취소되어야 함이 마땅하고 피고는 원상회복의 의무가 있음,대구지방법원-2019-가단-112844,2019-10-11,2019,10,4,,지방/기타,민사,,계약,law.go.kr,/DRF/lawService.do?OC=virtual.esq&target=prec&ID=328200&type=HTML&mobileYn=,2026-09-19 21:38:17.274661,,,
423522,명의신탁계약을 해지하고 주식을 반환한 경우 주식 취득을 원인으로 과점주주 취득세 처분이 정당한지 여부,2019누10793,2019-10-10,2019,10,4,대전고등법원,고등법원,일반행정,처분청 패소,계약,law.go.kr,/DRF/lawService.do?OC=virtual.esq&target=prec&ID=423522&type=HTML&mobileYn=,2026-09-19 21:38:17.274661,,,
328650,공사도급계약에 기한 채무가 존재하는지 여부 및 압류권자인 대한민국에게 채무부존재확인을 구할 이익이 있는지 여부,서울중앙지방법원-2018-가단-5239267,2019-10-10,2019,10,4,,지방/기타,민사,,계약,law.go.kr,/DRF/lawService.do?OC=virtual.esq&target=prec&ID=328650&type=HTML&mobileYn=,2026-09-19 21:38:17.274661,,,
329242,"자산수증이익 계상 시 토지시가 판단에 있어, 매매계약이 증여 이후에 있었다고 할지라도 증여 이전에 이미 합의된 매매대금인 경우 시가에 해당함",서울행정법원-2018-구합-79384,2019-10-04,2019,10,4,,지방/기타,일반행정,,계약,law.go.kr,/DRF/lawService.do?OC=virtual.esq&target=prec&ID=329242&type=HTML&mobileYn=,2026-09-19 21:38:17.274661,,,
327594,임대차계약에서 임대료가 확정되어 있고 지급기일이 정해져 있으므로 매 임대료의 지급기일이 공급시기임,서울고등법원-2019-누-40569,2019-10-02,2019,10,4,,지방/기타,일반행정,,계약,law.go.kr,/DRF/lawService.do?OC=virtual.esq&target=prec&ID=327594&type=HTML&mobileYn=,2026-09-19 21:38:17.274661,,,
327778,전환사채를 현물출자로 받은 계약에서 발생한 사채상환손실을 손금으로 인정할 수 있는지 여부 및 채무면제이익을 인정할지 여부,서울고등법원-2018-누-57416,2019-10-02,2019,10,4,,지방/기타,일반행정,,계약,law.go.kr,/DRF/lawService.do?OC=virtual.esq&target=prec&ID=327778&type=HTML&mobileYn=,2026-09-19 21:38:17.274661,,,
328814,검인계약서가 실제와 달리 작성되었다는 점은 주장자가 입증하여야 함,서울행정법원-2018-구단-77930,2019-10-01,2019,10,4,,지방/기타,일반행정,,계약,law.go.kr,/DRF/lawService.do?OC=virtual.esq&target=prec&ID=328814&type=HTML&mobileYn=,2026-09-19 21:38:17.274661,,,
326116,이 사건 부동산에 대한 매매계약 체결 행위가 사해행위에 해당하는지 여부,천안지원-2018-가합-100956,2019-09-27,2019,9,3,,지방/기타,민사,,계약,law.go.kr,/DRF/lawService.do?OC=virtual.esq&target=prec&ID=326116&type=HTML&mobileYn=,2026-09-19 21:38:17.275657,,,
217577,보험계약무효확인등청구의소,2019나21193,2019-09-27,2019,9,3,광주고등법원,고등법원,민사,판결,계약,law.go.kr,/DRF/lawService.do?OC=virtual.esq&target=prec&ID=217577&type=HTML&mobileYn=,2026-09-19 21:38:17.275657,,,
320670,증여계약의 취소에 따른 사해행위취소,대전지방법원-2019-가단-120722,2019-09-26,2019,9,3,,지방/기타,민사,,계약,law.go.kr,/DRF/lawService.do?OC=virtual.esq&target=prec&ID=320670&type=HTML&mobileYn=,2026-09-19 21:38:17.275657,,,
327878,피고 대한민국 압류등기는 근저당권설정계약 이후에 이루어졌으므로 근저당권 경정등기절차에 관한여 승낙의무 있음,서울중앙지방법원-2018-가단-5262816,2019-09-26,2019,9,3,,지방/기타,민사,,계약,law.go.kr,/DRF/lawService.do?OC=virtual.esq&target=prec&ID=327878&type=HTML&mobileYn=,2026-09-19 21:38:17.275657,,,
327592,이행지체로 인한 계약의 해지시 양도소득세 과세여부,수원지방법원-2018-구단-9211,2019-09-25,2019,9,3,,지방/기타,일반행정,,계약,law.go.kr,/DRF/lawService.do?OC=virtual.esq&target=prec&ID=327592&type=HTML&mobileYn=,2026-09-19 21:38:17.275657,,,
323420,부동산담보신탁 계약에 따라 이자소득을 지급하는 부동산담보신탁회사는 원천징수의무자에 해당함,서울행정법원-2018-구합-68476,2019-09-24,2019,9,3,,지방/기타,일반행정,,계약,law.go.kr,/DRF/lawService.do?OC=virtual.esq&target=prec&ID=323420&type=HTML&mobileYn=,2026-09-19 21:38:17.275657,,,
327174,이 사건 계약은 실질적으로 원고가 특수관계법인 신**에게 고가의 임대료를 지급한 것으로 부당행위계산 부인대상임,서울행정법원-2018-구합-65262,2019-09-20,2019,9,3,,지방/기타,일반행정,,계약,law.go.kr,/DRF/lawService.do?OC=virtual.esq&target=prec&ID=327174&type=HTML&mobileYn=,2026-09-19 21:38:17.275657,,,
320576,채무자회생 및 파산에 관한 법률상 부인권 행사로 효력을 상실한 계약에 따른 채무면제이익은 익금에 해당하지 않음,수원지방법원-2018-구합-68965,2019-09-19,2019,9,3,,지방/기타,일반행정,,계약,law.go.kr,/DRF/lawService.do?OC=virtual.esq&target=prec&ID=320576&type=HTML&mobileYn=,2026-09-19 21:38:17.275657,,,
320596,배당 소득을 타인에게 이전할 법적 또는 계약상의 의무를 부담한 바 없이 그에 대한 사용ㆍ수익권을 향유하고 있으므로 수익적 소유자에 해당,대법원-2019-두-41096,2019-09-10,2019,9,3,,지방/기타,일반행정,,계약,law.go.kr,/DRF/lawService.do?OC=virtual.esq&target=prec&ID=320596&type=HTML&mobileYn=,2026-09-19 21:38:17.275657,,,
328516,배우자에 대한 금원 입금행위만으로 증여계약이나 예금주 명의신탁계약으로 사해행위에 해당한다고 볼 수 없음,성남지원-2016-가합-203267,2019-09-05,2019,9,3,,지방/기타,민사,,계약,law.go.kr,/DRF/lawService.do?OC=virtual.esq&target=prec&ID=328516&type=HTML&mobileYn=,2026-09-19 21:38:17.275657,,,
326216,이 사건 예금이 명의신탁계약에 의한 증여로 사해행위인지 여부,서울서부지방법원-2018-가단-221938,2019-09-04,2019,9,3,,지방/기타,민사,,계약,law.go.kr,/DRF/lawService.do?OC=virtual.esq&target=prec&ID=326216&type=HTML&mobileYn=,2026-09-19 21:38:17.275657,,,
323752,주택임대차보호법을 악용하여 부당한 이득을 취하고자 임대차계약을 체결한 경우에는 주택임대차보호법상 소액임차인으로 보호할 수 없음,서울동부지방법원-2019-나-22311,2019-09-04,2019,9,3,,지방/기타,민사,,계약,law.go.kr,/DRF/lawService.do?OC=virtual.esq&target=prec&ID=323752&type=HTML&mobileYn=,2026-09-19 21:38:17.275657,,,
324974,이 사건 사용료 소득을 타인에게 이전할 법적 또는 계약상의 의무를 부담한 바 없어 사용료 소득의 수익적 소유자에 해당함,서울고등법원-2018-누-72989,2019-08-30,2019,8,3,,지방/기타,일반행정,,계약,law.go.kr,/DRF/lawService.do?OC=virtual.esq&target=prec&ID=324974&type=HTML&mobileYn=,2026-09-19 21:38:17.275657,,,
214771,계약금반환,2018가합546745,2019-08-29,2019,8,3,서울중앙지방법원,지방/기타,민사,판결,계약,law.go.kr,/DRF/lawService.do?OC=virtual.esq&target=prec&ID=214771&type=HTML&mobileYn=,2026-09-19 21:38:17.275657,,,
214763,보험계약 존재확인의 소,2019나11404,2019-08-29,2019,8,3,부산고등법원창원재판부,고등법원,민사,판결,계약,law.go.kr,/DRF/lawService.do?OC=virtual.esq&target=prec&ID=214763&type=HTML&mobileYn=,2026-09-19 21:38:17.275657,,,
322922,"원고는 주주 1인이 신주인수권을 포기함에 따라 발생한 실권주를 회사로부터 양수한 것이고, 주식양도계약서는 단지 형식적으로 작성된 것에 불과함",서울행정법원-2018-구합-54927,2019-08-23,2019,8,3,,지방/기타,일반행정,,계약,law.go.kr,/DRF/lawService.do?OC=virtual.esq&target=prec&ID=322922&type=HTML&mobileYn=,2026-09-19 21:38:17.275657,,,
328212,신탁계약 조항에서 규정하고 있는 ‘당해세’에 신탁부동산에 대하여 위탁자를 납세의무자로 하여 부과된 당해세가 포함되는지 여부,서울고등법원-2018-나-2045382,2019-08-23,2019,8,3,,지방/기타,민사,,계약,law.go.kr,/DRF/lawService.do?OC=virtual.esq&target=prec&ID=328212&type=HTML&mobileYn=,2026-09-19 21:38:17.275657,,,
328596,채권 양도계약에 따른 양도사실의 통지가 압류처분통지서 등의 송달 이전에 확정일자 있는 증서에 의해 제3채무자에게 도달되었으면 채권양도가 유효함,서울중앙지방법원-2018-가단-5184466,2019-08-22,2019,8,3,,지방/기타,민사,,계약,law.go.kr,/DRF/lawService.do?OC=virtual.esq&target=prec&ID=328596&type=HTML&mobileYn=,2026-09-19 21:38:17.275657,,,
328206,계약해제 계약금으로 구성된 기타소득의 수입시기,수원지방법원-2019-구합-27,2019-08-22,2019,8,3,,지방/기타,일반행정,,계약,law.go.kr,/DRF/lawService.do?OC=virtual.esq&target=prec&ID=328206&type=HTML&mobileYn=,2026-09-19 21:38:17.275657,,,
324066,초청계약자 지정을 받지 못한 자는 SOFA 규정에 따라 법인세 납부 의무가 면제되지 아니함,서울고등법원-2019-누-35932,2019-08-16,2019,8,3,,지방/기타,일반행정,,계약,law.go.kr,/DRF/lawService.do?OC=virtual.esq&target=prec&ID=324066&type=HTML&mobileYn=,2026-09-19 21:38:17.275657,,,
332662,"분양권양도계약이 사해행위에 해당하는 경우, 사해행위 당시의 분양권 시가 범위 내에서만 사해행위를 취소하여야 함",서울고등법원-2019-나-2016473,2019-08-16,2019,8,3,,지방/기타,민사,,계약,law.go.kr,/DRF/lawService.do?OC=virtual.esq&target=prec&ID=332662&type=HTML&mobileYn=,2026-09-19 21:38:17.275657,,,
324288,계약 체결을 중개하는 용역을 제공하고 받은 대가는 부가가치세 과세대상 거래에 해당함,서울고등법원-2018-누-76356,2019-08-14,2019,8,3,,지방/기타,일반행정,,계약,law.go.kr,/DRF/lawService.do?OC=virtual.esq&target=prec&ID=324288&type=HTML&mobileYn=,2026-09-19 21:38:17.275657,,,
327300,(심리불속행) 증여로 분양권을 취득한자는 최초로 매매계약을 체결한 자로 인정할 수 없음,대법원-2019-두-39024,2019-08-14,2019,8,3,,지방/기타,일반행정,,계약,law.go.kr,/DRF/lawService.do?OC=virtual.esq&target=prec&ID=327300&type=HTML&mobileYn=,2026-09-19 21:38:17.275657,,,
420212,1. 농지취득자격증명을 제출할 수 없어 매매계약이 해제된 경우 취득세 여부2. 창업중소기업 감면 받고 공장용 건축물을 신축중임에도 유예기간 내에 직접 사용하지 않음을 이유로 기 감면된 취득세에 대한 추징 여부,2019구단515,2019-08-14,2019,8,3,창원지방법원,지방/기타,일반행정,처분청 승소,계약,law.go.kr,/DRF/lawService.do?OC=virtual.esq&target=prec&ID=420212&type=HTML&mobileYn=,2026-09-19 21:38:17.275657,,,
332716,"이 사건 증여계약은 사해행위에 해당하여, 취소되어야 함.",서부지원-2019-가단-100958,2019-07-26,2019,7,3,,지방/기타,민사,,계약,law.go.kr,/DRF/lawService.do?OC=virtual.esq&target=prec&ID=332716&type=HTML&mobileYn=,2026-09-19 21:38:17.275657,,,
208799,계약이행보증금,2018다213644,2019-07-25,2019,7,3,대법원,대법원,민사,판결,계약,law.go.kr,/DRF/lawService.do?OC=virtual.esq&target=prec&ID=208799&type=HTML&mobileYn=,2026-09-19 21:38:17.275657,,,
324278,이 사건 증여계약이 사해행위취소권 행사의 대상이 되는지 여부,대법원-2019-다-226937,2019-07-25,2019,7,3,,지방/기타,민사,,계약,law.go.kr,/DRF/lawService.do?OC=virtual.esq&target=prec&ID=324278&type=HTML&mobileYn=,2026-09-19 21:38:17.276657,,,
326316,피고와 소외 체납자간에 체결된 증여계약을 사해행위로 보아 취소,서울북부지방법원-2018-나-37213,2019-07-24,2019,7,3,,지방/기타,민사,,계약,law.go.kr,/DRF/lawService.do?OC=virtual.esq&target=prec&ID=326316&type=HTML&mobileYn=,2026-09-19 21:38:17.276657,,,
326400,동업계약에 의한 추계과세 적법,대법원-2019-두-42129,2019-07-24,2019,7,3,,지방/기타,일반행정,,계약,law.go.kr,/DRF/lawService.do?OC=virtual.esq&target=prec&ID=326400&type=HTML&mobileYn=,2026-09-19 21:38:17.276657,,,
325180,매매계약서의 매매대금이 사실과 달리 기재되었는지 여부,서울고등법원-2018-누-71672,2019-07-12,2019,7,3,,지방/기타,일반행정,,계약,law.go.kr,/DRF/lawService.do?OC=virtual.esq&target=prec&ID=325180&type=HTML&mobileYn=,2026-09-19 21:38:17.276657,,,
424136,임대차 계약을 체결하였으나 사실상 임차기업을 관리·감독하면서 창업중소기업의 목적사업에 계속 사용한 경우 기 감면된 취득세 추징대상에 해당하는지 여부,2018구합67078,2019-07-11,2019,7,3,수원지방법원,지방/기타,일반행정,처분청 패소,계약,law.go.kr,/DRF/lawService.do?OC=virtual.esq&target=prec&ID=424136&type=HTML&mobileYn=,2026-09-19 21:38:17.276657,,,
320398,원고가 국외여행계약에 따라 제공한 용역이 여행알선용역인지 여부 및 원고가 제공한 여행알선용역이 영세율 적용대상인지 여부,서울행정법원-2018-구합-64160,2019-07-11,2019,7,3,,지방/기타,일반행정,,계약,law.go.kr,/DRF/lawService.do?OC=virtual.esq&target=prec&ID=320398&type=HTML&mobileYn=,2026-09-19 21:38:17.276657,,,
324222,원고가 이중계약서를 작성하고 임대수입을 누락한 행위는 사기나 그 밖의 부정한 행위에 해당함,서울행정법원-2018-구합-67060,2019-06-27,2019,6,2,,지방/기타,일반행정,,계약,law.go.kr,/DRF/lawService.do?OC=virtual.esq&target=prec&ID=324222&type=HTML&mobileYn=,2026-09-19 21:38:17.276657,,,
330978,피고가 종중사이에 체결한 이 사건 증여계약은 사해행위에 해당함,서울북부지방법원-2019-가합-20980,2019-06-26,2019,6,2,,지방/기타,민사,,계약,law.go.kr,/DRF/lawService.do?OC=virtual.esq&target=prec&ID=330978&type=HTML&mobileYn=,2026-09-19 21:38:17.276657,,,
326112,국외여행계약에 따라 제공한 용역이 영세율 적용대상인 여행알선용역인지 여부,서울행정법원-2018-구합-51874,2019-06-20,2019,6,2,,지방/기타,일반행정,,계약,law.go.kr,/DRF/lawService.do?OC=virtual.esq&target=prec&ID=326112&type=HTML&mobileYn=,2026-09-19 21:38:17.276657,,,
328264,원고가 제공한 용역의 공급은 도급계약에 의한 사업자의 지위에서 제공한 것임,광주고등법원-2018-누-5733,2019-06-13,2019,6,2,,지방/기타,일반행정,,계약,law.go.kr,/DRF/lawService.do?OC=virtual.esq&target=prec&ID=328264&type=HTML&mobileYn=,2026-09-19 21:38:17.276657,,,
208414,부당노동행위구제처분취소등(자동차회사 판매대리점주가 카마스터와의 판매용역계약을 해지한 행위가 부당노동행위인지 여부가 다투어진 사건),2019두33712,2019-06-13,2019,6,2,대법원,대법원,일반행정,판결,계약,law.go.kr,/DRF/lawService.do?OC=virtual.esq&target=prec&ID=208414&type=HTML&mobileYn=,2026-09-19 21:38:17.276657,,,
322908,민사소송에서 기존 협의매매계약 착오취소 후 강제조정결정을 통해 수령한 돈은 양도소득에 해당하고 양도소득의 귀속시기는 강제조정결정이 확정된 때임,수원지방법원-2018-구단-9754,2019-06-12,2019,6,2,,지방/기타,일반행정,,계약,law.go.kr,/DRF/lawService.do?OC=virtual.esq&target=prec&ID=322908&type=HTML&mobileYn=,2026-09-19 21:38:17.276657,,,
328958,동업계약에 의한 추계과세 적법,서울고등법원-2018-누-61088,2019-06-12,2019,6,2,,지방/기타,일반행정,,계약,law.go.kr,/DRF/lawService.do?OC=virtual.esq&target=prec&ID=328958&type=HTML&mobileYn=,2026-09-19 21:38:17.276657,,,
324578,매출채권에 대한 채무를 이미 일부를 변제하였고 계약은 해제되었으므로 매출채권의 추심금은 없음을 주장하였으나 인정되지 않음,서울동부지방법원-2018-가단-113431,2019-06-04,2019,6,2,,지방/기타,민사,,계약,law.go.kr,/DRF/lawService.do?OC=virtual.esq&target=prec&ID=324578&type=HTML&mobileYn=,2026-09-19 21:38:17.276657,,,
331158,이 사건 증여계약이 사해행위취소의 대상이 되는지 여부,서울서부지방법원-2017-가단-237806,2019-05-31,2019,5,2,,지방/기타,민사,,계약,law.go.kr,/DRF/lawService.do?OC=virtual.esq&target=prec&ID=331158&type=HTML&mobileYn=,2026-09-19 21:38:17.276657,,,
325434,피고들과 체납자 사이의 금전증여계약은 사해행위에 해당하므로 취소되어야함,부산지방법원-2018-나-52631,2019-05-30,2019,5,2,,지방/기타,민사,,계약,law.go.kr,/DRF/lawService.do?OC=virtual.esq&target=prec&ID=325434&type=HTML&mobileYn=,2026-09-19 21:38:17.276657,,,
334194,특수관계인 해당여부는 계약체결일을 기준으로 판단하여야 함,인천지방법원-2018-구합-51878,2019-05-24,2019,5,2,,지방/기타,일반행정,,계약,law.go.kr,/DRF/lawService.do?OC=virtual.esq&target=prec&ID=334194&type=HTML&mobileYn=,2026-09-19 21:38:17.276657,,,
331100,토지매매계약이 해제된 점에 비추어 피고들은 체납자에게 중도금 반환의무가 있으므로 이 사건 청구는 이유있음,서울고등법원-2018-나-2060497,2019-05-17,2019,5,2,,지방/기타,민사,,계약,law.go.kr,/DRF/lawService.do?OC=virtual.esq&target=prec&ID=331100&type=HTML&mobileYn=,2026-09-19 21:38:17.276657,,,
330760,고정자산(부동산) 양도계약서와 별도로 임의구분하여 병원영업권 매매계약서를 작성하였다 할지라도 고정자산과 함께 양도된 영업권에 해당됨,대구지방법원-2018-구합-1147,2019-05-16,2019,5,2,,지방/기타,일반행정,,계약,law.go.kr,/DRF/lawService.do?OC=virtual.esq&target=prec&ID=330760&type=HTML&mobileYn=,2026-09-19 21:38:17.276657,,,
330876,공사계약서에 계약서에 기재된 금액 및 실지지급금액 등을 실지거래가액으로 인정할 수 있음,제주지방법원-2018-구합-5325,2019-05-15,2019,5,2,,지방/기타,일반행정,,계약,law.go.kr,/DRF/lawService.do?OC=virtual.esq&target=prec&ID=330876&type=HTML&mobileYn=,2026-09-19 21:38:17.276657,,,
324298,베트남에 둔 고정사업자이 결손인 경우 납부한 외국인계약자세 등 이윤세가 외국납부세액공제 대상에 해당하는지,대구지방법원-2018-구합-20582,2019-05-09,2019,5,2,,지방/기타,일반행정,,계약,law.go.kr,/DRF/lawService.do?OC=virtual.esq&target=prec&ID=324298&type=HTML&mobileYn=,2026-09-19 21:38:17.276657,,,
325622,채무자 및 수익자가 이 사건 매매계약 체결 당시 사해의사가 존재하였는지 여부,논산지원-2018-가단-20937,2019-05-09,2019,5,2,,지방/기타,민사,,계약,law.go.kr,/DRF/lawService.do?OC=virtual.esq&target=prec&ID=325622&type=HTML&mobileYn=,2026-09-19 21:38:17.276657,,,
325012,베트남에 둔 고정사업자이 결손인 경우 납부한 외국인계약자세 등 이윤세가 외국납부세액공제 대상에 해당하는지,대구지방법원-2018-구합-21448,2019-05-09,2019,5,2,,지방/기타,일반행정,,계약,law.go.kr,/DRF/lawService.do?OC=virtual.esq&target=prec&ID=325012&type=HTML&mobileYn=,2026-09-19 21:38:17.276657,,,
207140,손해배상(지)[특허가 무효로 확정된 경우 특허발명 실시계약에 미치는 영향이 쟁점이 된 사안],2018다287362,2019-04-25,2019,4,2,대법원,대법원,민사,판결,계약,law.go.kr,/DRF/lawService.do?OC=virtual.esq&target=prec&ID=207140&type=HTML&mobileYn=,2026-09-19 21:38:17.276657,,,
225125,분양계약취소및분양대금반환등·분양계약취소등·분양계약취소등·분양계약취소및분양대금반환등,2015다28968,2019-04-23,2019,4,2,대법원,대법원,민사,판결,계약,law.go.kr,/DRF/lawService.do?OC=virtual.esq&target=prec&ID=225125&type=HTML&mobileYn=,2026-09-19 21:38:17.276657,,,
325714,임대인의 동의없이 이루어진 사업양도에 따른 세금계산서의 공급받는자는 기존 계약자이다,대전고등법원-2018-누-12020,2019-04-11,2019,4,2,,지방/기타,일반행정,,계약,law.go.kr,/DRF/lawService.do?OC=virtual.esq&target=prec&ID=325714&type=HTML&mobileYn=,2026-09-19 21:38:17.276657,,,
322530,이 사건 부동산 매매계약은 채무자 회사의 조세채권자인 원고에 대한 관계에서 사해행위에 해당함.,전주지방법원-2018-가단-29353,2019-04-10,2019,4,2,,지방/기타,민사,,계약,law.go.kr,/DRF/lawService.do?OC=virtual.esq&target=prec&ID=322530&type=HTML&mobileYn=,2026-09-19 21:38:17.276657,,,
332802,주식매매계약서상 가액은 구 법인세법에서 정한 시가라 할 수 없고 주식가치를 반영한 금액도 아니어서 취득 당시 시가로 볼 수 없음,대법원-2018-두-66531,2019-04-08,2019,4,2,,지방/기타,일반행정,,계약,law.go.kr,/DRF/lawService.do?OC=virtual.esq&target=prec&ID=332802&type=HTML&mobileYn=,2026-09-19 21:38:17.276657,,,
320340,원고가 지급받은 공사대금은 대표이사가 아닌 이 사건 공사계약의 당사자인 원고의 공사대금 매출액으로 봄이 상당함,서울행정법원-2018-구합-76927,2019-04-05,2019,4,2,,지방/기타,일반행정,,계약,law.go.kr,/DRF/lawService.do?OC=virtual.esq&target=prec&ID=320340&type=HTML&mobileYn=,2026-09-19 21:38:17.276657,,,
329784,동업계약에 의한 약정금인지 아니면 부가가치세 면세대상인 교육용역에 대한 대가인지 여부,대법원-2018-두-67084,2019-04-05,2019,4,2,,지방/기타,일반행정,,계약,law.go.kr,/DRF/lawService.do?OC=virtual.esq&target=prec&ID=329784&type=HTML&mobileYn=,2026-09-19 21:38:17.276657,,,
324554,구분건물의 구분소유권의 객체가 되기 전에 지분계약을 조건없이 모두 포기한 자의 소유권보존등기는 무효이고 이에 기초한 압류등기 또한 무효임,서울서부지방법원-2018-가단-215803,2019-04-05,2019,4,2,,지방/기타,민사,,계약,law.go.kr,/DRF/lawService.do?OC=virtual.esq&target=prec&ID=324554&type=HTML&mobileYn=,2026-09-19 21:38:17.276657,,,
420554,명의신탁계약을 해지하고 주식을 반환한 경우 주식 취득을 원인으로 과점주주 취득세 처분이 정당한지 여부,2018구합101207,2019-04-04,2019,4,2,대전지방법원,지방/기타,일반행정,처분청 패소,계약,law.go.kr,/DRF/lawService.do?OC=virtual.esq&target=prec&ID=420554&type=HTML&mobileYn=,2026-09-19 21:38:17.276657,,,
325618,자녀에 대한 증여계약은 사해행위에 해당함,서울동부지방법원-2018-가단-133459,2019-04-03,2019,4,2,,지방/기타,민사,,계약,law.go.kr,/DRF/lawService.do?OC=virtual.esq&target=prec&ID=325618&type=HTML&mobileYn=,2026-09-19 21:38:17.276657,,,
331964,이 사건 지연손해금은 재산권 계약의 위약으로 인한 손해배상으로 기타소득에 해당함.,부산고등법원-2018-누-23688,2019-04-03,2019,4,2,,지방/기타,일반행정,,계약,law.go.kr,/DRF/lawService.do?OC=virtual.esq&target=prec&ID=331964&type=HTML&mobileYn=,2026-09-19 21:38:17.276657,,,
332116,주식매매 계약의 당사자 및 관련 위약금 소득의 귀속자로서 기타소득 과세대상자인지 여부,서울고등법원-2018-누-56031,2019-04-03,2019,4,2,,지방/기타,일반행정,,계약,law.go.kr,/DRF/lawService.do?OC=virtual.esq&target=prec&ID=332116&type=HTML&mobileYn=,2026-09-19 21:38:17.276657,,,
225081,계약해지무효확인의소,2018나72468,2019-04-02,2019,4,2,수원지방법원,지방/기타,민사,판결,계약,law.go.kr,/DRF/lawService.do?OC=virtual.esq&target=prec&ID=225081&type=HTML&mobileYn=,2026-09-19 21:38:17.276657,,,
333028,(심리불속행)계약의 해지는 장래에 향하여만 효력을 미치고 물품 납품이 업계의 거래 관행에 부합하므로 허위 세금계산서로 볼 수 없다.,대법원-2018-두-65545,2019-03-28,2019,3,1,,지방/기타,일반행정,,계약,law.go.kr,/DRF/lawService.do?OC=virtual.esq&target=prec&ID=333028&type=HTML&mobileYn=,2026-09-19 21:38:17.276657,,,
327754,이 사건 증여계약 당시 망인은 치매 등으로 증여의 법률적인 의미와 효과를 이해할 수 있는 의사능력을 갖추고 있지 않았으므로 증여계약은 무효임,순천지원-2018-가단-78180,2019-03-27,2019,3,1,,지방/기타,민사,,계약,law.go.kr,/DRF/lawService.do?OC=virtual.esq&target=prec&ID=327754&type=HTML&mobileYn=,2026-09-19 21:38:17.276657,,,
323698,이 사건 증여계약이 사해행위취소권 행사의 대상이 되는지 여부,서울고등법원-2018-나-2066044,2019-03-22,2019,3,1,,지방/기타,민사,,계약,law.go.kr,/DRF/lawService.do?OC=virtual.esq&target=prec&ID=323698&type=HTML&mobileYn=,2026-09-19 21:38:17.276657,,,
323428,임대차계약에서 임대료가 확정되어 있고 지급기일이 정해져 있으므로 매 임대료의 지급기일이 공급시기임,서울행정법원-2018-구합-75320,2019-03-22,2019,3,1,,지방/기타,일반행정,,계약,law.go.kr,/DRF/lawService.do?OC=virtual.esq&target=prec&ID=323428&type=HTML&mobileYn=,2026-09-19 21:38:17.276657,,,
334210,증여로 분양권을 취득한자는 최초로 매매계약을 체결한 자로 인정할 수 없음,서울고등법원-2018-누-71351,2019-03-21,2019,3,1,,지방/기타,일반행정,,계약,law.go.kr,/DRF/lawService.do?OC=virtual.esq&target=prec&ID=334210&type=HTML&mobileYn=,2026-09-19 21:38:17.276657,,,
325458,증여계약이 사해행위에 해당하는지 여부,서울고등법원-2018-나-2040004,2019-03-13,2019,3,1,,지방/기타,민사,,계약,law.go.kr,/DRF/lawService.do?OC=virtual.esq&target=prec&ID=325458&type=HTML&mobileYn=,2026-09-19 21:38:17.276657,,,
217619,보험계약무효확인등청구의소,2018가합11201,2019-02-19,2019,2,1,광주지방법원목포지원,지방/기타,민사,판결,계약,law.go.kr,/DRF/lawService.do?OC=virtual.esq&target=prec&ID=217619&type=HTML&mobileYn=,2026-09-19 21:38:17.277662,,,
326290,신고당시 제출된 허위 매매계약서에도 불구하고 거래상대방의 진술 등에 비추어 토지취득당시 가액은 타당하므로 과세관청의 처분은 타당하지 않음,서울행정법원-2018-구단-55756,2019-02-19,2019,2,1,,지방/기타,일반행정,,계약,law.go.kr,/DRF/lawService.do?OC=virtual.esq&target=prec&ID=326290&type=HTML&mobileYn=,2026-09-19 21:38:17.277662,,,
330206,이 사건 증여계약은 사해행위에 해당한다,창원지방법원-2017-가합-52309,2019-02-14,2019,2,1,,지방/기타,민사,,계약,law.go.kr,/DRF/lawService.do?OC=virtual.esq&target=prec&ID=330206&type=HTML&mobileYn=,2026-09-19 21:38:17.277662,,,
324876,"분양권양도계약이 사해행위에 해당하는 경우, 사해행위 당시의 분양권 시가 범위 내에서만 사해행위를 취소하여야 함",서울중앙지방법원-2018-가합-531071,2019-02-13,2019,2,1,,지방/기타,민사,,계약,law.go.kr,/DRF/lawService.do?OC=virtual.esq&target=prec&ID=324876&type=HTML&mobileYn=,2026-09-19 21:38:17.277662,,,
303600,(심리불속행) 아파트분양계약이 해제된 경우 그 해제된 계약을 근거로 한 부과처분은 위법함,대법원-2018-두-60182,2019-02-07,2019,2,1,,지방/기타,일반행정,,계약,law.go.kr,/DRF/lawService.do?OC=virtual.esq&target=prec&ID=303600&type=HTML&mobileYn=,2026-09-19 21:38:17.277662,,,
208836,계약유효확인의소,2014다67621,2019-01-31,2019,1,1,대법원,대법원,민사,판결,계약,law.go.kr,/DRF/lawService.do?OC=virtual.esq&target=prec&ID=208836&type=HTML&mobileYn=,2026-09-19 21:38:17.277662,,,
324658,초청계약자 지정을 받지 못한 자는 SOFA 규정에 따라 법인세 납부 의무가 면제되지 아니함,수원지방법원-2018-구합-68934,2019-01-30,2019,1,1,,지방/기타,일반행정,,계약,law.go.kr,/DRF/lawService.do?OC=virtual.esq&target=prec&ID=324658&type=HTML&mobileYn=,2026-09-19 21:38:17.277662,,,
323880,피고와 체납자 사이의 상속재산협의분할계약은 사해행위에 해당하지 않음,서울서부지방법원-2018-가단-207178,2019-01-18,2019,1,1,,지방/기타,민사,,계약,law.go.kr,/DRF/lawService.do?OC=virtual.esq&target=prec&ID=323880&type=HTML&mobileYn=,2026-09-19 21:38:17.277662,,,
303868,피고는 보조참가인에게 이 사건 용역계약에 따른 용역대금의 지급의무가 발생함,대구고등법원-2018-나-22115,2019-01-18,2019,1,1,,지방/기타,민사,,계약,law.go.kr,/DRF/lawService.do?OC=virtual.esq&target=prec&ID=303868&type=HTML&mobileYn=,2026-09-19 21:38:17.277662,,,
328518,(심리불속행) 법인세법 기본통칙에 따라 그 이후에 지출된 신계약비만을 안분하여 순손익액을 산정함이 타당함,대법원-2018-두-56626,2019-01-17,2019,1,1,,지방/기타,일반행정,,계약,law.go.kr,/DRF/lawService.do?OC=virtual.esq&target=prec&ID=328518&type=HTML&mobileYn=,2026-09-19 21:38:17.277662,,,
333024,(심리불속행) 상속재산의 협의분할계약은 사해행위에 해당함.,대법원-2018-다-273394,2018-12-28,2018,12,4,,지방/기타,민사,,계약,law.go.kr,/DRF/lawService.do?OC=virtual.esq&target=prec&ID=333024&type=HTML&mobileYn=,2026-09-19 21:38:17.277662,,,
331666,"취득세 납세의무 성립하는 신고행위가 있었다면, 계약이 해지되었더라도 당연.무효로 볼 수 없음",대법원-2016-다-262321,2018-12-27,2018,12,4,,지방/기타,민사,,계약,law.go.kr,/DRF/lawService.do?OC=virtual.esq&target=prec&ID=331666&type=HTML&mobileYn=,2026-09-19 21:38:17.277662,,,
332722,매수인이 채무불이행으로 제2매매계약이 체결된 점을 고려하면 비과세규정 적용을 받는 것은 세법해석의 기준에 부합된다.,의정부지방법원-2018-구합-12836,2018-12-20,2018,12,4,,지방/기타,일반행정,,계약,law.go.kr,/DRF/lawService.do?OC=virtual.esq&target=prec&ID=332722&type=HTML&mobileYn=,2026-09-19 21:38:17.277662,,,
323608,위탁자와 수탁자가 약정한 신탁계약서상 ‘은행명의로 고지된 재산세 등 조세공과금’에 위탁자에게 부과된 당해세는 포함되지 않음,대법원-2018-다-264383,2018-12-13,2018,12,4,,지방/기타,민사,,계약,law.go.kr,/DRF/lawService.do?OC=virtual.esq&target=prec&ID=323608&type=HTML&mobileYn=,2026-09-19 21:38:17.277662,,,
323476,체납자와 배우자 사이에 체결된 채권양도계약이 사해행위에 해당하는지 여부,서울북부지방법원-2018-나-34726,2018-12-13,2018,12,4,,지방/기타,민사,,계약,law.go.kr,/DRF/lawService.do?OC=virtual.esq&target=prec&ID=323476&type=HTML&mobileYn=,2026-09-19 21:38:17.277662,,,
335108,계약의 완성으로 법정해제권이 없고 거래상대방 법인이 폐업하였으므로 약정해제권도 없으므로 계약해제로 인한 경정청구권 없음.,서울고등법원-2018-누-60467,2018-12-13,2018,12,4,,지방/기타,일반행정,,계약,law.go.kr,/DRF/lawService.do?OC=virtual.esq&target=prec&ID=335108&type=HTML&mobileYn=,2026-09-19 21:38:17.277662,,,
333388,이 사건 증여계약은 사해행위에 해당하므로 취소되어야 함,수원지방법원-2018-가합-23097,2018-12-12,2018,12,4,,지방/기타,민사,,계약,law.go.kr,/DRF/lawService.do?OC=virtual.esq&target=prec&ID=333388&type=HTML&mobileYn=,2026-09-19 21:38:17.277662,,,
334146,용역계약서에 따른 용역제공의 대가를 지급하고 수취한 세금계산서인지 여부,수원지방법원-2018-구합-64253,2018-12-06,2018,12,4,,지방/기타,일반행정,,계약,law.go.kr,/DRF/lawService.do?OC=virtual.esq&target=prec&ID=334146&type=HTML&mobileYn=,2026-09-19 21:38:17.277662,,,
322340,검인계약서는 실지거래가액을 확인할 수 있는 증빙서류로서 진실한 거래내용에 따라 작성된 것으로 추정됨,서울행정법원-2017-구합-89605,2018-12-06,2018,12,4,,지방/기타,일반행정,,계약,law.go.kr,/DRF/lawService.do?OC=virtual.esq&target=prec&ID=322340&type=HTML&mobileYn=,2026-09-19 21:38:17.277662,,,
332552,동업계약에 의한 약정금인지 아니면 부가가치세 면세대상인 교육용역에 대한 대가인지 여부,서울고등법원-2018-누-59535,2018-12-05,2018,12,4,,지방/기타,일반행정,,계약,law.go.kr,/DRF/lawService.do?OC=virtual.esq&target=prec&ID=332552&type=HTML&mobileYn=,2026-09-19 21:38:17.277662,,,
302340,무상 공여한다는 데에 관한 의사의 합치가 있어야 증여계약이 성립하였다고 보는 것임,광주지방법원-2018-나-54384,2018-11-30,2018,11,4,,지방/기타,민사,,계약,law.go.kr,/DRF/lawService.do?OC=virtual.esq&target=prec&ID=302340&type=HTML&mobileYn=,2026-09-19 21:38:17.277662,,,
302466,"현장확인은 세무조사로 볼 수 없으나, 용역계약 체결 당시부터 용역비 지급시기 유예 합의가 존재하여 용역의 공급시기는 시공사 선정 이후임",대법원-2017-두-66190,2018-11-29,2018,11,4,,지방/기타,일반행정,,계약,law.go.kr,/DRF/lawService.do?OC=virtual.esq&target=prec&ID=302466&type=HTML&mobileYn=,2026-09-19 21:38:17.277662,,,
303472,(심리불속행) 이 사건 2차 매매계약은 1차 매매계약의 연장선상에 있다고 보아야 함,대법원-2018-두-53719,2018-11-29,2018,11,4,,지방/기타,일반행정,,계약,law.go.kr,/DRF/lawService.do?OC=virtual.esq&target=prec&ID=303472&type=HTML&mobileYn=,2026-09-19 21:38:17.277662,,,
334010,주식매매계약서상 가액은 구 법인세법에서 정한 시가라 할 수 없고 주식가치를 반영한 금액도 아니어서 취득 당시 시가로 볼 수 없음,서울고등법원-2018-누-54738,2018-11-23,2018,11,4,,지방/기타,일반행정,,계약,law.go.kr,/DRF/lawService.do?OC=virtual.esq&target=prec&ID=334010&type=HTML&mobileYn=,2026-09-19 21:38:17.277662,,,
329596,주식 현물출자 계약의 해제 여부 및 계약당사자의 출자 여부,대법원-2018-두-51164,2018-11-16,2018,11,4,,지방/기타,일반행정,,계약,law.go.kr,/DRF/lawService.do?OC=virtual.esq&target=prec&ID=329596&type=HTML&mobileYn=,2026-09-19 21:38:17.277662,,,
332626,계약의 해지는 장래에 향하여만 효력을 미치고 물품 납품이 업계의 거래 관행에 부합하므로 허위 세금계산서로 볼 수 없다.,서울고등법원-2018-누-38699,2018-11-16,2018,11,4,,지방/기타,일반행정,,계약,law.go.kr,/DRF/lawService.do?OC=virtual.esq&target=prec&ID=332626&type=HTML&mobileYn=,2026-09-19 21:38:17.277662,,,
303366,간주고정사업장에 용역을 제공한 거래도 외국법인과 직접 계약에 의해 용역을 제공한 것으로 보아 영세율을 적용하여야 함,수원지방법원-2018-구합-60053,2018-11-15,2018,11,4,,지방/기타,일반행정,,계약,law.go.kr,/DRF/lawService.do?OC=virtual.esq&target=prec&ID=303366&type=HTML&mobileYn=,2026-09-19 21:38:17.277662,,,
303526,소외 회사와 투자자들 간의 거래가 당연 무효인 경우 그 계약 체결을 중개하는 용역을 공급한 자의 거래도 당연 무효로 보아야 하는지 여부,서울행정법원-2018-구합-54040,2018-11-09,2018,11,4,,지방/기타,일반행정,,계약,law.go.kr,/DRF/lawService.do?OC=virtual.esq&target=prec&ID=303526&type=HTML&mobileYn=,2026-09-19 21:38:17.277662,,,
303756,계약 체결을 중개하는 용역을 제공하고 받은 대가는 부가가치세 과세대상 거래에 해당함,서울행정법원-2016-구합-70833,2018-11-09,2018,11,4,,지방/기타,일반행정,,계약,law.go.kr,/DRF/lawService.do?OC=virtual.esq&target=prec&ID=303756&type=HTML&mobileYn=,2026-09-19 21:38:17.277662,,,
322410,유사수신행위와 별도로 관련 상품의 설치장소 제공 및 계약자 알선 용역을 제공한 이상 부가가치세 과세대상에 해당함,서울행정법원-2018-구합-63037,2018-11-09,2018,11,4,,지방/기타,일반행정,,계약,law.go.kr,/DRF/lawService.do?OC=virtual.esq&target=prec&ID=322410&type=HTML&mobileYn=,2026-09-19 21:38:17.277662,,,
334528,이 사건 부동산 증여계약이 체납처분을 피하기 위한 것으로 사해행위취소 대상에 해당하는지 여부,인천지방법원-2018-가단-236356,2018-11-07,2018,11,4,,지방/기타,민사,,계약,law.go.kr,/DRF/lawService.do?OC=virtual.esq&target=prec&ID=334528&type=HTML&mobileYn=,2026-09-19 21:38:17.277662,,,
304002,이 사건 채권을 양도함으로써 채무초과 상태를 심화시켰으므로 이 사건 채권양도계약은 사해행위에 해당한다.,서울남부지방법원-2017-가합-110282,2018-11-02,2018,11,4,,지방/기타,민사,,계약,law.go.kr,/DRF/lawService.do?OC=virtual.esq&target=prec&ID=304002&type=HTML&mobileYn=,2026-09-19 21:38:17.277662,,,
331752,채무자와 피고들 사이에 체결된 증여계약이 사해행위에 해당하는지,대법원-2018-다-210140,2018-10-25,2018,10,4,,지방/기타,민사,,계약,law.go.kr,/DRF/lawService.do?OC=virtual.esq&target=prec&ID=331752&type=HTML&mobileYn=,2026-09-19 21:38:17.278674,,,
323188,이 사건 증여계약이 사해행위취소권 행사의 대상이 되는지 여부,인천지방법원-2017-가합-55755,2018-10-19,2018,10,4,,지방/기타,민사,,계약,law.go.kr,/DRF/lawService.do?OC=virtual.esq&target=prec&ID=323188&type=HTML&mobileYn=,2026-09-19 21:38:17.278674,,,
304520,이 사건 지연손해금은 재산권 계약의 위약으로 인한 손해배상으로 기타소득에 해당함.,부산지방법원-2018-구합-1115,2018-10-19,2018,10,4,,지방/기타,일반행정,,계약,law.go.kr,/DRF/lawService.do?OC=virtual.esq&target=prec&ID=304520&type=HTML&mobileYn=,2026-09-19 21:38:17.278674,,,
305372,외국법인과 직접 계약에 의해 용역을 제공한 것으로 보아 영세율을 적용하여야 함,서울고등법원-2018-누-30992,2018-10-05,2018,10,4,,지방/기타,일반행정,,계약,law.go.kr,/DRF/lawService.do?OC=virtual.esq&target=prec&ID=305372&type=HTML&mobileYn=,2026-09-19 21:38:17.278674,,,
322110,하도급업자의 일방적 계약해지 통보만으로 공급받은 용역이 사실과 다른 세금계산서에 해당하는 지 여부,서울행정법원-2017-구합-58236,2018-09-21,2018,9,3,,지방/기타,일반행정,,계약,law.go.kr,/DRF/lawService.do?OC=virtual.esq&target=prec&ID=322110&type=HTML&mobileYn=,2026-09-19 21:38:17.278674,,,
324526,아파트분양계약이 해제된 경우 그 해제된 계약을 근거로 한 부과처분은 위법함,서울고등법원-2017-누-69269,2018-09-21,2018,9,3,,지방/기타,일반행정,,계약,law.go.kr,/DRF/lawService.do?OC=virtual.esq&target=prec&ID=324526&type=HTML&mobileYn=,2026-09-19 21:38:17.278674,,,
303104,"매매계약서의 존재만으로는 이 사건 각 토지를 공동 매수하였고, 명의신탁한 것으로 볼 수 없음",인천지방법원-2017-구합-55224,2018-09-14,2018,9,3,,지방/기타,일반행정,,계약,law.go.kr,/DRF/lawService.do?OC=virtual.esq&target=prec&ID=303104&type=HTML&mobileYn=,2026-09-19 21:38:17.278674,,,
203018,계약보증금청구의소,2015다209347,2018-09-13,2018,9,3,대법원,대법원,민사,판결,계약,law.go.kr,/DRF/lawService.do?OC=virtual.esq&target=prec&ID=203018&type=HTML&mobileYn=,2026-09-19 21:38:17.278674,,,
304376,(심리불속행) 주식매매계약으로 받은 대금은 합병교부금이 아닌 주식매매대금임,대법원-2018-두-47127,2018-09-13,2018,9,3,,지방/기타,일반행정,,계약,law.go.kr,/DRF/lawService.do?OC=virtual.esq&target=prec&ID=304376&type=HTML&mobileYn=,2026-09-19 21:38:17.278674,,,
304500,원고가 제공한 용역의 공급은 도급계약에 의한 사업자의 지위에서 제공한 것임,광주지방법원-2017-구합-923,2018-09-13,2018,9,3,,지방/기타,일반행정,,계약,law.go.kr,/DRF/lawService.do?OC=virtual.esq&target=prec&ID=304500&type=HTML&mobileYn=,2026-09-19 21:38:17.278674,,,
203024,계약무효확인등,2016다255125,2018-09-13,2018,9,3,대법원,대법원,민사,판결,계약,law.go.kr,/DRF/lawService.do?OC=virtual.esq&target=prec&ID=203024&type=HTML&mobileYn=,2026-09-19 21:38:17.278674,,,
302768,계약명의신탁에 해당하는지 여부,대법원-2018-다-243102,2018-09-13,2018,9,3,,지방/기타,민사,,계약,law.go.kr,/DRF/lawService.do?OC=virtual.esq&target=prec&ID=302768&type=HTML&mobileYn=,2026-09-19 21:38:17.278674,,,
302574,(심리불속행) 계약의 위약 또는 해약으로 인하여 받은 위약금은 기타소득에 해당함,대법원-2018-두-46278,2018-09-13,2018,9,3,,지방/기타,일반행정,,계약,law.go.kr,/DRF/lawService.do?OC=virtual.esq&target=prec&ID=302574&type=HTML&mobileYn=,2026-09-19 21:38:17.278674,,,
332222,명의신탁관계는 신탁자와 수탁자 사이의 명시적 계약에 의하여만 성립하는 것이 아니라 묵시적 합의에 의하여도 성립하는 것임,광주고등법원-2017-누-4962,2018-09-06,2018,9,3,,지방/기타,일반행정,,계약,law.go.kr,/DRF/lawService.do?OC=virtual.esq&target=prec&ID=332222&type=HTML&mobileYn=,2026-09-19 21:38:17.278674,,,
304502,토지거래허가구역 지정해제일 이전에 매수인의 잔금미지급을 사유로 한 계약의 해제는 적법ㆍ유효한 계약의 해제에 해당하지 아니함,서울행정법원-2017-구합-88695,2018-09-06,2018,9,3,,지방/기타,일반행정,,계약,law.go.kr,/DRF/lawService.do?OC=virtual.esq&target=prec&ID=304502&type=HTML&mobileYn=,2026-09-19 21:38:17.278674,,,
304806,"필요경비는 원고에게 증명의 필요성이 있고, 조정에 의해 소유권이 환원되었어도 매매계약이 해제되었다고 볼 수 없음",대전지방법원-2017-구합-1331,2018-09-05,2018,9,3,,지방/기타,일반행정,,계약,law.go.kr,/DRF/lawService.do?OC=virtual.esq&target=prec&ID=304806&type=HTML&mobileYn=,2026-09-19 21:38:17.278674,,,
325154,체납자가 사위와 부동산매매계약을 체결하고 소유권이전한 것이 사해행위에 해당하는지 여부,경주지원-2018-가단-10541,2018-09-04,2018,9,3,,지방/기타,민사,,계약,law.go.kr,/DRF/lawService.do?OC=virtual.esq&target=prec&ID=325154&type=HTML&mobileYn=,2026-09-19 21:38:17.278674,,,
332698,법인세법 기본통칙에 따라 그 이후에 지출된 신계약비만을 안분하여 순손익액을 산정함이 타당함,서울고등법원-2017-누-90195,2018-08-22,2018,8,3,,지방/기타,일반행정,,계약,law.go.kr,/DRF/lawService.do?OC=virtual.esq&target=prec&ID=332698&type=HTML&mobileYn=,2026-09-19 21:38:17.279662,,,
304650,계약 해지로 받은 위약금은 분양계약 해제에 따른 위약금임.,대법원-2018-두-43316,2018-08-16,2018,8,3,,지방/기타,일반행정,,계약,law.go.kr,/DRF/lawService.do?OC=virtual.esq&target=prec&ID=304650&type=HTML&mobileYn=,2026-09-19 21:38:17.279662,,,
332358,징수유예신청에 따른 납세담보 근저당설정계약은 사해행위에 해당하지 않음,서울중앙지방법원-2017-가단-5202855,2018-08-14,2018,8,3,,지방/기타,민사,,계약,law.go.kr,/DRF/lawService.do?OC=virtual.esq&target=prec&ID=332358&type=HTML&mobileYn=,2026-09-19 21:38:17.279662,,,
333662,위탁자와 수탁자가 약정한 신탁계약서상 ‘은행명의로 고지된 재산세 등 조세공과금’에 위탁자에게 부과된 당해세는 포함되지 않음,서울고등법원-2018-나-2004992,2018-07-26,2018,7,3,,지방/기타,민사,,계약,law.go.kr,/DRF/lawService.do?OC=virtual.esq&target=prec&ID=333662&type=HTML&mobileYn=,2026-09-19 21:38:17.279662,,,
322746,계약의 완성으로 법정해제권이 없고 거래상대방 법인이 폐업하였으므로 약정해제권도 없으므로 계약해제로 인한 경정청구권 없음.,의정부지방법원-2017-구합-11492,2018-07-24,2018,7,3,,지방/기타,일반행정,,계약,law.go.kr,/DRF/lawService.do?OC=virtual.esq&target=prec&ID=322746&type=HTML&mobileYn=,2026-09-19 21:38:17.279662,,,
201334,계약체결절차이행,2016나272,2018-07-20,2018,7,3,대구고등법원,고등법원,민사,판결 : 확정,계약,law.go.kr,/DRF/lawService.do?OC=virtual.esq&target=prec&ID=201334&type=HTML&mobileYn=,2026-09-19 21:38:17.279662,,,
302896,분양신탁계약의 내용과 배치되는 확약서의 우선순위약정은 유효,수원지방법원-2017-가합-19732,2018-07-20,2018,7,3,,지방/기타,민사,,계약,law.go.kr,/DRF/lawService.do?OC=virtual.esq&target=prec&ID=302896&type=HTML&mobileYn=,2026-09-19 21:38:17.279662,,,
304426,이 사건 2차 매매계약은 1차 매매계약의 연장선상에 있다고 보아야 함,서울고등법원-2017-누-77888,2018-07-18,2018,7,3,,지방/기타,일반행정,,계약,law.go.kr,/DRF/lawService.do?OC=virtual.esq&target=prec&ID=304426&type=HTML&mobileYn=,2026-09-19 21:38:17.279662,,,
302824,계약 해지로 받은 위약금은 분양계약 해제에 따른 위약금임.,서울고등법원-2017-누-40558,2018-07-17,2018,7,3,,지방/기타,일반행정,,계약,law.go.kr,/DRF/lawService.do?OC=virtual.esq&target=prec&ID=302824&type=HTML&mobileYn=,2026-09-19 21:38:17.279662,,,
304900,신탁계약 조항에서 규정하고 있는 ‘당해세’에 신탁부동산에 대하여 위탁자를 납세의무자로 하여 부과된 당해세가 포함되는지 여부,서울중앙지방법원-2018-가합-502066,2018-07-13,2018,7,3,,지방/기타,민사,,계약,law.go.kr,/DRF/lawService.do?OC=virtual.esq&target=prec&ID=304900&type=HTML&mobileYn=,2026-09-19 21:38:17.279662,,,
322516,임대인의 동의없이 이루어진 사업양도에 따른 세금계산서의 공급받는자는 기존 계약자이다,대전지방법원-2017-구합-107512,2018-07-12,2018,7,3,,지방/기타,일반행정,,계약,law.go.kr,/DRF/lawService.do?OC=virtual.esq&target=prec&ID=322516&type=HTML&mobileYn=,2026-09-19 21:38:17.279662,,,
199851,보험금(생명보험계약에서 보험계약자의 지위 이전 여부가 문제된 사건),2017다235647,2018-07-12,2018,7,3,대법원,대법원,민사,판결,계약,law.go.kr,/DRF/lawService.do?OC=virtual.esq&target=prec&ID=199851&type=HTML&mobileYn=,2026-09-19 21:38:17.279662,,,
199865,임금등ㆍ부당이득금반환(이른바 도급제 방식의 근로계약을 체결한 택시운전근로자들이 최저임금법 특례 조항에 따른 최저임금의 지급을 구한 사건),2016다9261,2018-07-11,2018,7,3,대법원,대법원,민사,판결,계약,law.go.kr,/DRF/lawService.do?OC=virtual.esq&target=prec&ID=199865&type=HTML&mobileYn=,2026-09-19 21:38:17.279662,,,
323152,증여계약서가 위조되어 무효인 이상 증여세부과처분은 부적법함,수원지방법원-2018-구합-60060,2018-07-05,2018,7,3,,지방/기타,일반행정,,계약,law.go.kr,/DRF/lawService.do?OC=virtual.esq&target=prec&ID=323152&type=HTML&mobileYn=,2026-09-19 21:38:17.279662,,,
302492,합의해제는 조세의 회피를 목적으로 한 통정허위이거나 별도의 새로운 계약임,대전지방법원-2018-구단-130,2018-06-28,2018,6,2,,지방/기타,일반행정,,계약,law.go.kr,/DRF/lawService.do?OC=virtual.esq&target=prec&ID=302492&type=HTML&mobileYn=,2026-09-19 21:38:17.279662,,,
304602,무변론 판결로 인한 사해행위취소소송(근저당설정계약취소),울산지방법원-2018-가합-21377,2018-06-28,2018,6,2,,지방/기타,민사,,계약,law.go.kr,/DRF/lawService.do?OC=virtual.esq&target=prec&ID=304602&type=HTML&mobileYn=,2026-09-19 21:38:17.279662,,,
322508,채무초과 상태에서 체납자 명의의 부동산에 대하여 매매계약을 체결한 것은 사해해행위에 해당함.,울산지방법원-2017-가단-67515,2018-06-28,2018,6,2,,지방/기타,민사,,계약,law.go.kr,/DRF/lawService.do?OC=virtual.esq&target=prec&ID=322508&type=HTML&mobileYn=,2026-09-19 21:38:17.279662,,,
320526,원고가 이 사건 주식매매 계약의 당사자 및 이 사건 위약금 소득의 귀속자로서 기타소득 과세대상자인지 여부,서울행정법원-2017-구합-59475,2018-06-28,2018,6,2,,지방/기타,일반행정,,계약,law.go.kr,/DRF/lawService.do?OC=virtual.esq&target=prec&ID=320526&type=HTML&mobileYn=,2026-09-19 21:38:17.279662,,,
302512,보상금과 별도로 계약서를 작성하여 지급한 5억원 사례금이라는 입증이 없어 과세처분은 위법함,서울고등법원-2017-누-84398,2018-06-28,2018,6,2,,지방/기타,일반행정,,계약,law.go.kr,/DRF/lawService.do?OC=virtual.esq&target=prec&ID=302512&type=HTML&mobileYn=,2026-09-19 21:38:17.279662,,,
329546,(1심과 같음)주식 현물출자 계약의 해제 여부,대전고등법원(청주)-2016-누-10757,2018-06-27,2018,6,2,,지방/기타,일반행정,,계약,law.go.kr,/DRF/lawService.do?OC=virtual.esq&target=prec&ID=329546&type=HTML&mobileYn=,2026-09-19 21:38:17.279662,,,
334982,주식매매계약서상 가액은 구 법인세법에서 정한 시가라 할 수 없고 주식가치를 반영한 금액도 아니어서 취득 당시 시가로 볼 수 없음,서울행정법원-2017-구합-70700,2018-06-21,2018,6,2,,지방/기타,일반행정,,계약,law.go.kr,/DRF/lawService.do?OC=virtual.esq&target=prec&ID=334982&type=HTML&mobileYn=,2026-09-19 21:38:17.279662,,,
325200,상장주식의 시가 산정기준일은 잔금청산일이 아니라 매매계약일로 보아야 함.,부산고등법원-2017-누-24370,2018-06-15,2018,6,2,,지방/기타,일반행정,,계약,law.go.kr,/DRF/lawService.do?OC=virtual.esq&target=prec&ID=325200&type=HTML&mobileYn=,2026-09-19 21:38:17.279662,,,
302494,다운계약서에 의한 부과제척기간 10년 적용,서울고등법원-2017-누-86288,2018-06-15,2018,6,2,,지방/기타,일반행정,,계약,law.go.kr,/DRF/lawService.do?OC=virtual.esq&target=prec&ID=302494&type=HTML&mobileYn=,2026-09-19 21:38:17.279662,,,
322744,상속형 즉시연금계약의 수익자의 지위와 더불어 그 실질상 ‘계약 해지에 따른 해지환급금을 받을 권리’ 또한 취득하였다 할 것임,대법원-2018-두-36486,2018-06-15,2018,6,2,,지방/기타,일반행정,,계약,law.go.kr,/DRF/lawService.do?OC=virtual.esq&target=prec&ID=322744&type=HTML&mobileYn=,2026-09-19 21:38:17.279662,,,
303376,매매계약의 해제로 인하여 원고가 수령한 위약금은 원고에게 귀속되었다고 봄이 타당함,서울행정법원-2017-구합-73990,2018-06-07,2018,6,2,,지방/기타,일반행정,,계약,law.go.kr,/DRF/lawService.do?OC=virtual.esq&target=prec&ID=303376&type=HTML&mobileYn=,2026-09-19 21:38:17.279662,,,
304784,건설하도급 계약을 통해 건설용역을 제공한 자는 부가가치세 납세의무가 있음,부산지방법원-2018-구합-631,2018-06-01,2018,6,2,,지방/기타,일반행정,,계약,law.go.kr,/DRF/lawService.do?OC=virtual.esq&target=prec&ID=304784&type=HTML&mobileYn=,2026-09-19 21:38:17.279662,,,
303234,양도소득세 부과처분 후 타 주택의 매매계약 합의해제로 소유권이 환원된 경우 해제의 소급효가 인정되는지 여부,서울고등법원-2018-누-33366,2018-05-31,2018,5,2,,지방/기타,일반행정,,계약,law.go.kr,/DRF/lawService.do?OC=virtual.esq&target=prec&ID=303234&type=HTML&mobileYn=,2026-09-19 21:38:17.279662,,,
334198,이 사건 합의금은 회사채 매매계약 해제로 인한 지급자체 원본의 손해를 배상받은 금전으로 국내원천 기타소득에 해당하지 아니함,대법원-2018-두-33470,2018-05-30,2018,5,2,,지방/기타,일반행정,,계약,law.go.kr,/DRF/lawService.do?OC=virtual.esq&target=prec&ID=334198&type=HTML&mobileYn=,2026-09-19 21:38:17.279662,,,
321586,계약명의신탁에 해당하는지 여부,수원지방법원-2017-나-69915,2018-05-25,2018,5,2,,지방/기타,민사,,계약,law.go.kr,/DRF/lawService.do?OC=virtual.esq&target=prec&ID=321586&type=HTML&mobileYn=,2026-09-19 21:38:17.279662,,,
304346,해당 증여계약은 채무자의 사해의사가 인정되지 않아 사해행위에 해당하지 않음,서부지원-2017-가단-101490,2018-05-11,2018,5,2,,지방/기타,민사,,계약,law.go.kr,/DRF/lawService.do?OC=virtual.esq&target=prec&ID=304346&type=HTML&mobileYn=,2026-09-19 21:38:17.279662,,,
302720,주식매매계약으로 받은 대금은 합병교부금이 아닌 주식매매대금임,서울고등법원-2017-누-83746,2018-05-11,2018,5,2,,지방/기타,일반행정,,계약,law.go.kr,/DRF/lawService.do?OC=virtual.esq&target=prec&ID=302720&type=HTML&mobileYn=,2026-09-19 21:38:17.279662,,,
205625,분양계약자명의변경절차이행,2017가합104228,2018-05-09,2018,5,2,대전지방법원,지방/기타,민사,판결 : 항소,계약,law.go.kr,/DRF/lawService.do?OC=virtual.esq&target=prec&ID=205625&type=HTML&mobileYn=,2026-09-19 21:38:17.279662,,,
317442,매매계약이 합의해제 되었다 하더라도 관련 사실들을 살펴 이 사건 양도에 따른 처분은 적법함.,수원지방법원-2016-구단-654,2018-05-09,2018,5,2,,지방/기타,일반행정,,계약,law.go.kr,/DRF/lawService.do?OC=virtual.esq&target=prec&ID=317442&type=HTML&mobileYn=,2026-09-19 21:38:17.279662,,,
419078,일반분양 대상 세대의 아파트에 관하여 부대시설 공급·설치계약에 따른 부대시설비용이 취득세 과세표준에 포함되어야 하는 지 여부,2018두31535,2018-04-26,2018,4,2,대법원,대법원,일반행정,처분청일부승소,계약,law.go.kr,/DRF/lawService.do?OC=virtual.esq&target=prec&ID=419078&type=HTML&mobileYn=,2026-09-19 21:38:17.279662,,,
303670,사후 변경계약이 후발적 경정청구에 해당하는지 여부,청주지방법원-2017-구합-1082,2018-04-26,2018,4,2,,지방/기타,일반행정,,계약,law.go.kr,/DRF/lawService.do?OC=virtual.esq&target=prec&ID=303670&type=HTML&mobileYn=,2026-09-19 21:38:17.279662,,,
303008,채무자와 피고 사이의 이 사건 부동산 매매계약은 사해행위임,대구지방법원-2018-가단-101939,2018-04-26,2018,4,2,,지방/기타,민사,,계약,law.go.kr,/DRF/lawService.do?OC=virtual.esq&target=prec&ID=303008&type=HTML&mobileYn=,2026-09-19 21:38:17.279662,,,
321334,(심리불속행) 원고 명의로 체결된 쟁점 보험계약의 보험료가 남편의 자금으로 납입되었다는 사정만으로 증여사실이 인정될 수 있는지,대법원-2018-두-31443,2018-04-26,2018,4,2,,지방/기타,일반행정,,계약,law.go.kr,/DRF/lawService.do?OC=virtual.esq&target=prec&ID=321334&type=HTML&mobileYn=,2026-09-19 21:38:17.279662,,,
320824,(심리불속행)이 사건 지연손해금은 재산권 계약의 위약에 따른 배상금으로 기타소득임,대법원-2018-두-31948,2018-04-26,2018,4,2,,지방/기타,일반행정,,계약,law.go.kr,/DRF/lawService.do?OC=virtual.esq&target=prec&ID=320824&type=HTML&mobileYn=,2026-09-19 21:38:17.279662,,,
303452,이 사건 용역계약이 불공정한 법률행위로 인한 무효에 해당하는지 여부,대구지방법원-2016-가합-2066,2018-04-19,2018,4,2,,지방/기타,민사,,계약,law.go.kr,/DRF/lawService.do?OC=virtual.esq&target=prec&ID=303452&type=HTML&mobileYn=,2026-09-19 21:38:17.279662,,,
194890,계약무효에따른원상회복등,2017다229536,2018-04-12,2018,4,2,대법원,대법원,민사,판결,계약,law.go.kr,/DRF/lawService.do?OC=virtual.esq&target=prec&ID=194890&type=HTML&mobileYn=,2026-09-19 21:38:17.279662,,,
304218,무변론판결로 사해행위취소소송에서 증여계약 취소하고 소유권이전등기 말소함,서울중앙지방법원-2017-가단-5214667,2018-04-06,2018,4,2,,지방/기타,민사,,계약,law.go.kr,/DRF/lawService.do?OC=virtual.esq&target=prec&ID=304218&type=HTML&mobileYn=,2026-09-19 21:38:17.279662,,,
304702,계약 해지로 받은 위약금은 분양계약 해제에 따른 위약금임.,서울고등법원-2017-누-40541,2018-04-06,2018,4,2,,지방/기타,일반행정,,계약,law.go.kr,/DRF/lawService.do?OC=virtual.esq&target=prec&ID=304702&type=HTML&mobileYn=,2026-09-19 21:38:17.279662,,,
303184,계약의 위약 또는 해약으로 인하여 받은 위약금은 기타소득에 해당함,서울고등법원-2017-누-87120,2018-04-03,2018,4,2,,지방/기타,일반행정,,계약,law.go.kr,/DRF/lawService.do?OC=virtual.esq&target=prec&ID=303184&type=HTML&mobileYn=,2026-09-19 21:38:17.279662,,,
321528,무상 공여한다는 데에 관한 의사의 합치가 있어야 증여계약이 성립하였다고 보는 것임,광주지방법원-2017-가단-513663,2018-03-30,2018,3,1,,지방/기타,민사,,계약,law.go.kr,/DRF/lawService.do?OC=virtual.esq&target=prec&ID=321528&type=HTML&mobileYn=,2026-09-19 21:38:17.279662,,,
304034,(심리불속행)처분문서인 이 사건 매매계약서상의 금액이 취득가액임.,대법원-2017-두-74450,2018-03-29,2018,3,1,,지방/기타,일반행정,,계약,law.go.kr,/DRF/lawService.do?OC=virtual.esq&target=prec&ID=304034&type=HTML&mobileYn=,2026-09-19 21:38:17.279662,,,
321946,현금증여계약 행위가 사해행위인지 여부,고양지원-2016-가합-75367,2018-03-23,2018,3,1,,지방/기타,민사,,계약,law.go.kr,/DRF/lawService.do?OC=virtual.esq&target=prec&ID=321946&type=HTML&mobileYn=,2026-09-19 21:38:17.279662,,,
303320,(심리불속행)민사소송에서 기존 협의매매계약 착오취소 후 강제조정결정을 통해 수령한 돈은 양도소득에 해당하고 귀속시기는 강제조정결정이 확정된 때임,대법원-2017-두-73396,2018-03-15,2018,3,1,,지방/기타,일반행정,,계약,law.go.kr,/DRF/lawService.do?OC=virtual.esq&target=prec&ID=303320&type=HTML&mobileYn=,2026-09-19 21:38:17.279662,,,
422406,위탁자와 신탁재산에 관한 매매계약을 체결한 매도인으로부터 직접 수탁자에게 신탁재산이 이전되는 경우 그 취득세의 납세의무자,2017두64798,2018-03-15,2018,3,1,대법원,대법원,일반행정,처분청패소,계약,law.go.kr,/DRF/lawService.do?OC=virtual.esq&target=prec&ID=422406&type=HTML&mobileYn=,2026-09-19 21:38:17.279662,,,
304152,(심리불속행)기준시가 원칙일 때 허위 매매계약서를 제출하여 양도소득세 신고를 한 경우,대법원-2017-두-67926,2018-02-28,2018,2,1,,지방/기타,일반행정,,계약,law.go.kr,/DRF/lawService.do?OC=virtual.esq&target=prec&ID=304152&type=HTML&mobileYn=,2026-09-19 21:38:17.280649,,,
318662,원고는 새로운 계약의 선급금이라고 주장하나 당초 계약의 잔금으로 보아 과세한 처분은 정당함,인천지방법원-2017-구합-53242,2018-02-22,2018,2,1,,지방/기타,일반행정,,계약,law.go.kr,/DRF/lawService.do?OC=virtual.esq&target=prec&ID=318662&type=HTML&mobileYn=,2026-09-19 21:38:17.280649,,,
193386,손해배상(기)(리조트 숙박권 구매계약에 승마체험이 포함되어 있는지 여부와 채무자의 부탁에 따라 제3자가 호의로 채무 이행행위를 한 경우 이행보조자로 볼 수 있는지가 문제된 사례),2017다275447,2018-02-13,2018,2,1,대법원,대법원,민사,판결,계약,law.go.kr,/DRF/lawService.do?OC=virtual.esq&target=prec&ID=193386&type=HTML&mobileYn=,2026-09-19 21:38:17.280649,,,
318774,증여계약으로 인하여 채무초과 상태에 빠지게 되었으므로 위 증여계약은 사해행위에 해당함,의정부지방법원-2017-나-212560,2018-02-09,2018,2,1,,지방/기타,민사,,계약,law.go.kr,/DRF/lawService.do?OC=virtual.esq&target=prec&ID=318774&type=HTML&mobileYn=,2026-09-19 21:38:17.280649,,,
303654,발코니확장공사계약의 공사대금을 이 사건 분양계약의 지급자체에 대한 손해를산정할 때 포함시킬 수는 없음,광주고등법원-2016-누-5135,2018-02-08,2018,2,1,,지방/기타,일반행정,,계약,law.go.kr,/DRF/lawService.do?OC=virtual.esq&target=prec&ID=303654&type=HTML&mobileYn=,2026-09-19 21:38:17.280649,,,
302982,이 사건 매매계약은 합의 해제되었는지 여부,전주지방법원-2016-구단-612,2018-02-07,2018,2,1,,지방/기타,일반행정,,계약,law.go.kr,/DRF/lawService.do?OC=virtual.esq&target=prec&ID=302982&type=HTML&mobileYn=,2026-09-19 21:38:17.280649,,,
302628,상속재산 협의분할계약을 취소하고 소유권이전등기절차를 이행함,수원지방법원-2017-나-65593,2018-02-07,2018,2,1,,지방/기타,민사,,계약,law.go.kr,/DRF/lawService.do?OC=virtual.esq&target=prec&ID=302628&type=HTML&mobileYn=,2026-09-19 21:38:17.280649,,,
333618,이중계약서 작성한 것이 사기 기타 부정한 행위에 해당하여 국세부과 제척기간 10년을 적용한 처분의 당부,인천지방법원-2017-구단-494,2018-02-06,2018,2,1,,지방/기타,일반행정,,계약,law.go.kr,/DRF/lawService.do?OC=virtual.esq&target=prec&ID=333618&type=HTML&mobileYn=,2026-09-19 21:38:17.280649,,,
317274,"계약의 해지는 장래에 향하여만 효력을 미치고, 제조사에서 최종 소비자에게 물품 납품은 업계의 거래 관행에 부합함.",서울행정법원-2017-구합-53163,2018-02-02,2018,2,1,,지방/기타,일반행정,,계약,law.go.kr,/DRF/lawService.do?OC=virtual.esq&target=prec&ID=317274&type=HTML&mobileYn=,2026-09-19 21:38:17.280649,,,
317600,체납자가 피고에 대하여 한 부동산 양도계약은 취소되어야 함,서울고등법원-2016-나-2006734,2018-02-02,2018,2,1,,지방/기타,민사,,계약,law.go.kr,/DRF/lawService.do?OC=virtual.esq&target=prec&ID=317600&type=HTML&mobileYn=,2026-09-19 21:38:17.280649,,,
321358,(심리불속행)매매계약에 잔금지급채무성립이 불가하여 발생하지 아니하는 것으로 확정되면 불확정기간은 이미 도래한 것임,대법원-2017-다-275997,2018-01-31,2018,1,1,,지방/기타,민사,,계약,law.go.kr,/DRF/lawService.do?OC=virtual.esq&target=prec&ID=321358&type=HTML&mobileYn=,2026-09-19 21:38:17.280649,,,
303384,(심리불속행)계약해제로 인한 원상회복의무 이행을 구하는 소가 제기된 경우 기타소득으로서 과세대상인 부분,대법원-2017-두-63672,2018-01-31,2018,1,1,,지방/기타,일반행정,,계약,law.go.kr,/DRF/lawService.do?OC=virtual.esq&target=prec&ID=303384&type=HTML&mobileYn=,2026-09-19 21:38:17.280649,,,
311398,상장주식의 장외거래 계약해제시 지급자체의 손해는 계약일과 해제일사이의 시가하락분임.,서울고등법원-2017-누-57648,2018-01-25,2018,1,1,,지방/기타,일반행정,,계약,law.go.kr,/DRF/lawService.do?OC=virtual.esq&target=prec&ID=311398&type=HTML&mobileYn=,2026-09-19 21:38:17.280649,,,
309270,(심리불속행) 예금주 명의신탁계약이 사해행위에 해당하는지 여부,대법원-2017-다-273595,2018-01-25,2018,1,1,,지방/기타,민사,,계약,law.go.kr,/DRF/lawService.do?OC=virtual.esq&target=prec&ID=309270&type=HTML&mobileYn=,2026-09-19 21:38:17.280649,,,
309982,상속형 즉시연금계약의 수익자의 지위와 더불어 그 실질상 ‘계약 해지에 따른 해지환급금을 받을 권리’ 또한 취득하였다 할 것임,서울고등법원-2017-누-46846,2018-01-24,2018,1,1,,지방/기타,일반행정,,계약,law.go.kr,/DRF/lawService.do?OC=virtual.esq&target=prec&ID=309982&type=HTML&mobileYn=,2026-09-19 21:38:17.280649,,,
321096,주식의 실질적인 매도인이 명의신탁자라는 사실을 알면서 이 사건 주식을 명의신탁자로부터 양수한다는 의사로 이 사건 계약을 체결하였다 할 것임.,부산고등법원-2017-누-23148,2018-01-19,2018,1,1,,지방/기타,일반행정,,계약,law.go.kr,/DRF/lawService.do?OC=virtual.esq&target=prec&ID=321096&type=HTML&mobileYn=,2026-09-19 21:38:17.280649,,,
209368,계약이행보증금,2017나2043617,2018-01-19,2018,1,1,서울고등법원,고등법원,민사,판결,계약,law.go.kr,/DRF/lawService.do?OC=virtual.esq&target=prec&ID=209368&type=HTML&mobileYn=,2026-09-19 21:38:17.280649,,,
217525,계약금반환등,2017나65449,2018-01-18,2018,1,1,수원지방법원,지방/기타,민사,판결,계약,law.go.kr,/DRF/lawService.do?OC=virtual.esq&target=prec&ID=217525&type=HTML&mobileYn=,2026-09-19 21:38:17.280649,,,
302954,주택분양신탁의 경우 분양보증회사의 주택분양보증계약에 기초한 분양계약자들에대한 분양대금 환급은 재화의 공급이 아님,서울고등법원-2017-누-338,2018-01-17,2018,1,1,,지방/기타,일반행정,,계약,law.go.kr,/DRF/lawService.do?OC=virtual.esq&target=prec&ID=302954&type=HTML&mobileYn=,2026-09-19 21:38:17.280649,,,
321044,쟁점부동산의 매매계약시 특약사항으로 정한 가액은 양도가액에 포함되는 금액으로 볼 수 있다,서울고등법원-2017-누-75264,2018-01-11,2018,1,1,,지방/기타,일반행정,,계약,law.go.kr,/DRF/lawService.do?OC=virtual.esq&target=prec&ID=321044&type=HTML&mobileYn=,2026-09-19 21:38:17.280649,,,
322348,부동산 증여계약은 사해행위에 해당함,여주지원-2017-가단-52950,2018-01-11,2018,1,1,,지방/기타,민사,,계약,law.go.kr,/DRF/lawService.do?OC=virtual.esq&target=prec&ID=322348&type=HTML&mobileYn=,2026-09-19 21:38:17.280649,,,
319082,택지개발사업에서 공사항목별로 실제 체결된 하도급계약 금액에 따라 각 사업연도 말에 총공사예정비를 다시 산정하고 작업진행률을 산출하여야 함,수원지방법원-2017-구합-64034,2018-01-09,2018,1,1,,지방/기타,일반행정,,계약,law.go.kr,/DRF/lawService.do?OC=virtual.esq&target=prec&ID=319082&type=HTML&mobileYn=,2026-09-19 21:38:17.280649,,,
321236,채무자와 피고들 사이에 체결된 증여계약이 사해행위에 해당하는지,서울고등법원-2016-나-2053495,2018-01-09,2018,1,1,,지방/기타,민사,,계약,law.go.kr,/DRF/lawService.do?OC=virtual.esq&target=prec&ID=321236&type=HTML&mobileYn=,2026-09-19 21:38:17.280649,,,
321558,양도소득세 부과처분 후 타 주택의 매매계약 합의해제로 소유권이 환원된 경우 해제의 소급효가 인정되는지 여부,서울행정법원-2017-구합-62785,2017-12-22,2017,12,4,,지방/기타,일반행정,,계약,law.go.kr,/DRF/lawService.do?OC=virtual.esq&target=prec&ID=321558&type=HTML&mobileYn=,2026-09-19 21:38:17.280649,,,
235311,계약금반환등,2017다265112,2017-12-22,2017,12,4,대법원,대법원,민사,판결,계약,law.go.kr,/DRF/lawService.do?OC=virtual.esq&target=prec&ID=235311&type=HTML&mobileYn=,2026-09-19 21:38:17.280649,,,
321464,신계약비를 보험료 납입기간에 안분하여 순손익액을 산정함이 타당함,대법원-2014-두-47693,2017-12-22,2017,12,4,,지방/기타,일반행정,,계약,law.go.kr,/DRF/lawService.do?OC=virtual.esq&target=prec&ID=321464&type=HTML&mobileYn=,2026-09-19 21:38:17.280649,,,
318016,이 사건 합의금은 회사채 매매계약 해제로 인한 지급자체 원본의 손해를 배상받은 금전으로 국내원천 기타소득에 해당하지 아니함,대전고등법원-2017-누-12450,2017-12-21,2017,12,4,,지방/기타,일반행정,,계약,law.go.kr,/DRF/lawService.do?OC=virtual.esq&target=prec&ID=318016&type=HTML&mobileYn=,2026-09-19 21:38:17.280649,,,
318540,근저당권설정계약의 당사자 사이에서 3자간 등기합의가 있었고 피담보채권은 실제로 존재한다고 보이므로 근저당권설정등기는 유효함,서울서부지방법원-2017-나-36530,2017-12-21,2017,12,4,,지방/기타,민사,,계약,law.go.kr,/DRF/lawService.do?OC=virtual.esq&target=prec&ID=318540&type=HTML&mobileYn=,2026-09-19 21:38:17.280649,,,
309002,채권양도계약은 사해행위에 해당한다.,평택지원-2017-가합-9987,2017-12-20,2017,12,4,,지방/기타,민사,,계약,law.go.kr,/DRF/lawService.do?OC=virtual.esq&target=prec&ID=309002&type=HTML&mobileYn=,2026-09-19 21:38:17.280649,,,
303808,"양도인과 당초 매수인 사이의 계약금 등이 양도인과 최종 매수인 사이의 매매대금 일부로 충당된 경우, 이를 위약금으로 볼 수 없음",부산고등법원-2017-누-22855,2017-12-20,2017,12,4,,지방/기타,일반행정,,계약,law.go.kr,/DRF/lawService.do?OC=virtual.esq&target=prec&ID=303808&type=HTML&mobileYn=,2026-09-19 21:38:17.280649,,,
317924,원고 명의로 체결된 쟁점 보험계약의 보험료가 남편의 자금으로 납입되었다는 사정만으로 증여사실이 인정될 수 있는지,서울고등법원-2017-누-64912,2017-12-19,2017,12,4,,지방/기타,일반행정,,계약,law.go.kr,/DRF/lawService.do?OC=virtual.esq&target=prec&ID=317924&type=HTML&mobileYn=,2026-09-19 21:38:17.280649,,,
320844,이 사건 지연손해금은 재산권에 관한 계약의 위약으로 인한 배상금으로 기타소득임,부산고등법원-2017-누-23469,2017-12-15,2017,12,4,,지방/기타,일반행정,,계약,law.go.kr,/DRF/lawService.do?OC=virtual.esq&target=prec&ID=320844&type=HTML&mobileYn=,2026-09-19 21:38:17.280649,,,
319492,"매매당사자들이 작성하여 시장, 군수 등의 검인을 받은 검인계약서는 그 계약서가 실제와 달리 작성되었다는 점은 주장자가 입증해야함",서울행정법원-2017-구합-60673,2017-12-15,2017,12,4,,지방/기타,일반행정,,계약,law.go.kr,/DRF/lawService.do?OC=virtual.esq&target=prec&ID=319492&type=HTML&mobileYn=,2026-09-19 21:38:17.280649,,,
319490,매매계약이 합의해제 되었다면 매매계약의 효력은 상실되어 자산의 양도 가 이루어지지 않는 것,부산고등법원-2016-누-24298,2017-12-15,2017,12,4,,지방/기타,일반행정,,계약,law.go.kr,/DRF/lawService.do?OC=virtual.esq&target=prec&ID=319490&type=HTML&mobileYn=,2026-09-19 21:38:17.280649,,,
422404,"실질적인 매수인으로 중도금과 잔금 대출을 위하여 명의만 원고로 하고 분양사도 이를 알고 있었다면, 이를 명의수탁 등기가 무효인 매도인이 악의인 계약명의신탁으로 볼 수 있는지 여부",2014두40067,2017-12-13,2017,12,4,대법원,대법원,일반행정,처분청패소,계약,law.go.kr,/DRF/lawService.do?OC=virtual.esq&target=prec&ID=422404&type=HTML&mobileYn=,2026-09-19 21:38:17.280649,,,
317174,(심리불속행)양수인이 실질적으로 대금지급을 완료한 후 계약해지된 것이므로 실질적인 양도가 이루러진 것임,대법원-2017-두-60802,2017-12-13,2017,12,4,,지방/기타,일반행정,,계약,law.go.kr,/DRF/lawService.do?OC=virtual.esq&target=prec&ID=317174&type=HTML&mobileYn=,2026-09-19 21:38:17.281658,,,
324350,"이 사건 현물출자계약은 기망 또는 원고의 착오에 의해 이루어진 것으로, 이 사건 양도소득세 부과처분이 취소되어야 하는지 여부",대전고등법원(청주)-2017-누-3176,2017-12-13,2017,12,4,,지방/기타,일반행정,,계약,law.go.kr,/DRF/lawService.do?OC=virtual.esq&target=prec&ID=324350&type=HTML&mobileYn=,2026-09-19 21:38:17.281658,,,
322606,공사대금을 분할하여 지급하기로 한 중간지급조건부 용역공급계약에 해당하므로 각 대가를 지급받기로 한 때가 용역의 공급시기에 해당함,대법원-2017-두-60819,2017-12-07,2017,12,4,,지방/기타,일반행정,,계약,law.go.kr,/DRF/lawService.do?OC=virtual.esq&target=prec&ID=322606&type=HTML&mobileYn=,2026-09-19 21:38:17.281658,,,
310060,위탁자와 수탁자가 약정한 신탁계약서상 ‘은행명의로 고지된 재산세 등 조세공과금’에 위탁자에게 부과된 당해세는 포함되지 않음,서울중앙지방법원-2017-가합-501301,2017-12-01,2017,12,4,,지방/기타,민사,,계약,law.go.kr,/DRF/lawService.do?OC=virtual.esq&target=prec&ID=310060&type=HTML&mobileYn=,2026-09-19 21:38:17.281658,,,
309232,처분문서인 이 사건 매매계약서상의 금액이 취득가액임.,서울고등법원-2017-누-55260,2017-11-29,2017,11,4,,지방/기타,일반행정,,계약,law.go.kr,/DRF/lawService.do?OC=virtual.esq&target=prec&ID=309232&type=HTML&mobileYn=,2026-09-19 21:38:17.281658,,,
320884,계약 해지에 따른 계약금의 기타소득(위약금) 귀속 시기,의정부지방법원-2016-구합-10706,2017-11-28,2017,11,4,,지방/기타,일반행정,,계약,law.go.kr,/DRF/lawService.do?OC=virtual.esq&target=prec&ID=320884&type=HTML&mobileYn=,2026-09-19 21:38:17.281658,,,
303782,원고는 용역계약을 체결한 바 없어 선교사업이라는 비과세사업을 영위하거나 용역 제공의 대가로 후원금을 받은 것으로 볼 수 없음,서울행정법원-2017-구합-58946,2017-11-24,2017,11,4,,지방/기타,일반행정,,계약,law.go.kr,/DRF/lawService.do?OC=virtual.esq&target=prec&ID=303782&type=HTML&mobileYn=,2026-09-19 21:38:17.281658,,,
309712,피고와 소외 체납자 사이에 증여계약이 사해행위 해당여부,부천지원-2016-가단-120474,2017-11-24,2017,11,4,,지방/기타,민사,,계약,law.go.kr,/DRF/lawService.do?OC=virtual.esq&target=prec&ID=309712&type=HTML&mobileYn=,2026-09-19 21:38:17.281658,,,
320238,분양계약이 해제된 경우 개정 시행령에 의한 처분이 응능부담의 원칙 및 소급과세    금지의 원칙에 위배되는지 여부,대법원-2017-두-60253,2017-11-23,2017,11,4,,지방/기타,일반행정,,계약,law.go.kr,/DRF/lawService.do?OC=virtual.esq&target=prec&ID=320238&type=HTML&mobileYn=,2026-09-19 21:38:17.281658,,,
321238,민사소송에서 기존 협의매매계약 착오취소 후 강제조정결정을 통해 수령한 돈은 양도소득에 해당하고 양도소득의 귀속시기는 강제조정결정이 확정된 때임,서울고등법원-2017-누-43083,2017-11-15,2017,11,4,,지방/기타,일반행정,,계약,law.go.kr,/DRF/lawService.do?OC=virtual.esq&target=prec&ID=321238&type=HTML&mobileYn=,2026-09-19 21:38:17.281658,,,
319024,다운계약에 의한 사기 기타 부정한 행위로 10년의 부과제척기간을 적용하려면 신고한 매매계약서가 이중계약서라는 직접적인 증거가 있어야 함.,서울행정법원-2016-구단-61757,2017-11-14,2017,11,4,,지방/기타,일반행정,,계약,law.go.kr,/DRF/lawService.do?OC=virtual.esq&target=prec&ID=319024&type=HTML&mobileYn=,2026-09-19 21:38:17.281658,,,
308808,매매계약서상 양도자가 미등기전매를 하였다 하더라도 특별한 사정이 없으면 납세의무가 있음,춘천지방법원-2016-구합-50288,2017-11-10,2017,11,4,,지방/기타,일반행정,,계약,law.go.kr,/DRF/lawService.do?OC=virtual.esq&target=prec&ID=308808&type=HTML&mobileYn=,2026-09-19 21:38:17.281658,,,
321272,이 사건 부동산에 관한 상속재산협의분할계약이 사해행위에 해당하지는 여부,서울서부지방법원-2017-가단-216397,2017-11-09,2017,11,4,,지방/기타,민사,,계약,law.go.kr,/DRF/lawService.do?OC=virtual.esq&target=prec&ID=321272&type=HTML&mobileYn=,2026-09-19 21:38:17.281658,,,
319332,며느리와의 이 사건 주식 증여계약은 사해행위에 해당함,대구고등법원-2016-나-27444,2017-11-09,2017,11,4,,지방/기타,민사,,계약,law.go.kr,/DRF/lawService.do?OC=virtual.esq&target=prec&ID=319332&type=HTML&mobileYn=,2026-09-19 21:38:17.281658,,,
319060,이 사건 부동산에 관한 매매계약이 사해행위에 해당하지는 여부,안산지원-2017-가단-61266,2017-11-08,2017,11,4,,지방/기타,민사,,계약,law.go.kr,/DRF/lawService.do?OC=virtual.esq&target=prec&ID=319060&type=HTML&mobileYn=,2026-09-19 21:38:17.281658,,,
321576,"토지 매매계약 및 이 사건 협약 등을 해제한 것이 적법·유효한지 여부, 이 사건 이행보증금의 귀속여부",서울고등법원-2014-나-2043876,2017-11-03,2017,11,4,,지방/기타,민사,,계약,law.go.kr,/DRF/lawService.do?OC=virtual.esq&target=prec&ID=321576&type=HTML&mobileYn=,2026-09-19 21:38:17.281658,,,
321088,(심리불속행) 거래계약허가구역 내 토지의 양도시기는 대금청산일임,대법원-2017-두-53934,2017-10-26,2017,10,4,,지방/기타,일반행정,,계약,law.go.kr,/DRF/lawService.do?OC=virtual.esq&target=prec&ID=321088&type=HTML&mobileYn=,2026-09-19 21:38:17.281658,,,
199896,계약무효확인·소유권이전등기,2016다40545,2017-10-26,2017,10,4,대법원,대법원,민사,판결,계약,law.go.kr,/DRF/lawService.do?OC=virtual.esq&target=prec&ID=199896&type=HTML&mobileYn=,2026-09-19 21:38:17.282657,,,
321596,(심리불속행) 매매 등의 계약이 무효이거나 취소되는 등으로 효력이 없는 때에는 양도소득세의 과세대상으로 삼을 수 없음,대법원-2017-두-52061,2017-10-26,2017,10,4,,지방/기타,일반행정,,계약,law.go.kr,/DRF/lawService.do?OC=virtual.esq&target=prec&ID=321596&type=HTML&mobileYn=,2026-09-19 21:38:17.282657,,,
310420,(심리불속행) 허위의 매매계약서를 작성한 것은 부과제척기간 10년을 적용함이 타당,대법원-2017-두-51273,2017-10-26,2017,10,4,,지방/기타,일반행정,,계약,law.go.kr,/DRF/lawService.do?OC=virtual.esq&target=prec&ID=310420&type=HTML&mobileYn=,2026-09-19 21:38:17.282657,,,
309752,명의신탁관계는 계약명의신탁에 해당하므로 소유권이전청구권가등기의 말소 등기절    차를 이행하여야 하는지의 여부,서울남부지방법원-2016-나-58282,2017-10-20,2017,10,4,,지방/기타,민사,,계약,law.go.kr,/DRF/lawService.do?OC=virtual.esq&target=prec&ID=309752&type=HTML&mobileYn=,2026-09-19 21:38:17.282657,,,
309262,상장주식의 시가 산정기준일은 잔금청산일이 아니라 매매계약일로 보아야 함.,울산지방법원-2017-구합-5632,2017-10-19,2017,10,4,,지방/기타,일반행정,,계약,law.go.kr,/DRF/lawService.do?OC=virtual.esq&target=prec&ID=309262&type=HTML&mobileYn=,2026-09-19 21:38:17.282657,,,
320266,원고가 실제 수령한 계약금 등이 양도대가에 포함되는지 여부,수원지방법원-2016-구단-8481,2017-10-18,2017,10,4,,지방/기타,일반행정,,계약,law.go.kr,/DRF/lawService.do?OC=virtual.esq&target=prec&ID=320266&type=HTML&mobileYn=,2026-09-19 21:38:17.282657,,,
308712,원고가 당초 신고시 제출한 검인계약서가 아닌 추후 재작성된 계약서 상의 금액을    취득가액으로 인정할 수 있는지 여부,서울고등법원-2017-누-44406,2017-10-17,2017,10,4,,지방/기타,일반행정,,계약,law.go.kr,/DRF/lawService.do?OC=virtual.esq&target=prec&ID=308712&type=HTML&mobileYn=,2026-09-19 21:38:17.282657,,,
197935,이주택지분양권매매계약무효확인,2017다230277,2017-10-12,2017,10,4,대법원,대법원,민사,판결,계약,law.go.kr,/DRF/lawService.do?OC=virtual.esq&target=prec&ID=197935&type=HTML&mobileYn=,2026-09-19 21:38:17.282657,,,
322702,"양도가액이 6억원인지, 4.25억원인지에 대해 이중계약서 존재, 대리인 위임 계약인지 여부",대법원-2017-두-50294,2017-10-12,2017,10,4,,지방/기타,일반행정,,계약,law.go.kr,/DRF/lawService.do?OC=virtual.esq&target=prec&ID=322702&type=HTML&mobileYn=,2026-09-19 21:38:17.282657,,,
185873,이주택지분양권매매계약무효확인·분양자명의변경절차이행청구등,2016다229393,2017-10-12,2017,10,4,대법원,대법원,민사,판결,계약,law.go.kr,/DRF/lawService.do?OC=virtual.esq&target=prec&ID=185873&type=HTML&mobileYn=,2026-09-19 21:38:17.282657,,,
321202,계약의 위약 또는 해약으로 인하여 받은 위약금은 기타소득에 해당함,수원지방법원-2017-구합-30,2017-10-12,2017,10,4,,지방/기타,일반행정,,계약,law.go.kr,/DRF/lawService.do?OC=virtual.esq&target=prec&ID=321202&type=HTML&mobileYn=,2026-09-19 21:38:17.282657,,,
317830,(심리불속행) 토지와 건물의 가액 구분이 불분명한 때에는 공급계약일 현재의 기준시가에 비례하여 안분계산할 수 있음,대법원-2017-두-52160,2017-09-29,2017,9,3,,지방/기타,일반행정,,계약,law.go.kr,/DRF/lawService.do?OC=virtual.esq&target=prec&ID=317830&type=HTML&mobileYn=,2026-09-19 21:38:17.282657,,,
322656,예금주 명의신탁계약이 사해행위에 해당하는지 여부,수원지방법원-2016-나-79304,2017-09-28,2017,9,3,,지방/기타,민사,,계약,law.go.kr,/DRF/lawService.do?OC=virtual.esq&target=prec&ID=322656&type=HTML&mobileYn=,2026-09-19 21:38:17.282657,,,
317206,증여계약으로 인하여 채무초과 상태에 빠지게 되었으므로 위 증여계약은 사해행위에 해당함,고양지원-2017-가단-72283,2017-09-27,2017,9,3,,지방/기타,민사,,계약,law.go.kr,/DRF/lawService.do?OC=virtual.esq&target=prec&ID=317206&type=HTML&mobileYn=,2026-09-19 21:38:17.282657,,,
319300,미지급 공사채무에 갈음하여 채권자를 우선수익자로 지정하여 이 사건 신탁계약을 체결한 것은 재화의 공급에 해당하지 않음,서울고등법원-2017-누-253,2017-09-22,2017,9,3,,지방/기타,일반행정,,계약,law.go.kr,/DRF/lawService.do?OC=virtual.esq&target=prec&ID=319300&type=HTML&mobileYn=,2026-09-19 21:38:17.282657,,,
320422,분양계약해제에 따른 손익의 귀속시기를 언제로 보아야 하는지의 당부,대법원-2017-두-38096,2017-09-21,2017,9,3,,지방/기타,일반행정,,계약,law.go.kr,/DRF/lawService.do?OC=virtual.esq&target=prec&ID=320422&type=HTML&mobileYn=,2026-09-19 21:38:17.282657,,,
317878,"명의신탁일 현재의 가액에 의해 산정하여야 할 것이지, 후에 발생한 계약 해제의 소급효를 인정할 수 없음",대법원-2017-두-48192,2017-09-21,2017,9,3,,지방/기타,일반행정,,계약,law.go.kr,/DRF/lawService.do?OC=virtual.esq&target=prec&ID=317878&type=HTML&mobileYn=,2026-09-19 21:38:17.282657,,,
311154,소외 체납자는 피고인 동생에게 본인 소유의 부동산에 대하여 피고를 근저당권자로하여 실제로 존재하지않는 채권으로 계약체결한 행위는사해행위에 해당함,순천지원-2017-가단-74624,2017-09-21,2017,9,3,,지방/기타,민사,,계약,law.go.kr,/DRF/lawService.do?OC=virtual.esq&target=prec&ID=311154&type=HTML&mobileYn=,2026-09-19 21:38:17.282657,,,
197939,계약보증금등,2013다58668,2017-09-21,2017,9,3,대법원,대법원,민사,판결,계약,law.go.kr,/DRF/lawService.do?OC=virtual.esq&target=prec&ID=197939&type=HTML&mobileYn=,2026-09-19 21:38:17.282657,,,
317688,아파트 분양계약의 해제에 따른 손익의 귀속시기를 그 계약해제일이 속하는 사업연도로 보아 법인세를 과세한 처분의 당부,대법원-2017-두-44251,2017-09-21,2017,9,3,,지방/기타,일반행정,,계약,law.go.kr,/DRF/lawService.do?OC=virtual.esq&target=prec&ID=317688&type=HTML&mobileYn=,2026-09-19 21:38:17.282657,,,
318326,피고와 소외 체납자 사이에 증여계약이 사해행위 해당여부,인천지방법원-2017-가단-224035,2017-09-21,2017,9,3,,지방/기타,민사,,계약,law.go.kr,/DRF/lawService.do?OC=virtual.esq&target=prec&ID=318326&type=HTML&mobileYn=,2026-09-19 21:38:17.282657,,,
317210,주식매매대금의 일부 반환을 주식매매계약이 해제로 볼 수 있는지 여부,수원지방법원-2017-구단-6437,2017-09-20,2017,9,3,,지방/기타,일반행정,,계약,law.go.kr,/DRF/lawService.do?OC=virtual.esq&target=prec&ID=317210&type=HTML&mobileYn=,2026-09-19 21:38:17.282657,,,
317392,"SOFA 초청계약자 지정의 효과를 소급할 수 없고, SOFA 제16조 제3항에 따라 공급된 재화 또는 용역은 부가가치세 영세율이 적용됨",서울고등법원-2017-누-37262,2017-09-19,2017,9,3,,지방/기타,일반행정,,계약,law.go.kr,/DRF/lawService.do?OC=virtual.esq&target=prec&ID=317392&type=HTML&mobileYn=,2026-09-19 21:38:17.282657,,,
310412,계약보증금의 몰취에 따른 손익의 귀속시기는 관련소송의 대법원 판결이 확정된 사업연도에 귀속됨,서울고등법원-2017-누-36627,2017-09-14,2017,9,3,,지방/기타,일반행정,,계약,law.go.kr,/DRF/lawService.do?OC=virtual.esq&target=prec&ID=310412&type=HTML&mobileYn=,2026-09-19 21:38:17.282657,,,
322020,"현장확인은 세무조사로 볼 수 없으나, 용역계약 체결 당시부터 용역비 지급시기 유예 합의가 존재하여 용역의 공급시기는 시공사 선정 이후임",서울고등법원-2016-누-75762,2017-09-14,2017,9,3,,지방/기타,일반행정,,계약,law.go.kr,/DRF/lawService.do?OC=virtual.esq&target=prec&ID=322020&type=HTML&mobileYn=,2026-09-19 21:38:17.282657,,,
322350,임대차계약서나 임차인진술 등 자료에 의하여 신고내용에 오류·탈루가 있음이 인정되고 실지조사가 가능한 경우 그 자료에 의해 경정할 수 있음,서울고등법원-2016-누-76772,2017-09-13,2017,9,3,,지방/기타,일반행정,,계약,law.go.kr,/DRF/lawService.do?OC=virtual.esq&target=prec&ID=322350&type=HTML&mobileYn=,2026-09-19 21:38:17.282657,,,
302484,검인계약서의 취득가액 적정 여부,서울행정법원-2017-구단-55124,2017-09-13,2017,9,3,,지방/기타,일반행정,,계약,law.go.kr,/DRF/lawService.do?OC=virtual.esq&target=prec&ID=302484&type=HTML&mobileYn=,2026-09-19 21:38:17.282657,,,
319584,쟁점부동산의 매매계약시 특약사항으로 정한 가액은 양도가액에 포함되는 금액으로 볼 수 있다,인천지방법원-2016-구합-54071,2017-09-08,2017,9,3,,지방/기타,일반행정,,계약,law.go.kr,/DRF/lawService.do?OC=virtual.esq&target=prec&ID=319584&type=HTML&mobileYn=,2026-09-19 21:38:17.282657,,,
310202,분양계약해지시 손익귀속시기는 분양계약당시로 소급,대법원-2017-두-44053,2017-09-07,2017,9,3,,지방/기타,일반행정,,계약,law.go.kr,/DRF/lawService.do?OC=virtual.esq&target=prec&ID=310202&type=HTML&mobileYn=,2026-09-19 21:38:17.282657,,,
310110,"선박건조계약해제로 인한 선수금외 관련 환급가산금은 국내원천소득에 해당되고, 이를 보증한 원고에게 원천징수의무가 있다",서울행정법원-2016-구합-52248,2017-09-07,2017,9,3,,지방/기타,일반행정,,계약,law.go.kr,/DRF/lawService.do?OC=virtual.esq&target=prec&ID=310110&type=HTML&mobileYn=,2026-09-19 21:38:17.282657,,,
322202,토지에 대한 매매계약을 체결하고 잔금지급 전 소유자의 동의를 받아 건축공사를 하였으나 별도의 공사계약이 없다면 법인의 매출로 볼 수 없음.,부산지방법원-2017-구합-771,2017-09-07,2017,9,3,,지방/기타,일반행정,,계약,law.go.kr,/DRF/lawService.do?OC=virtual.esq&target=prec&ID=322202&type=HTML&mobileYn=,2026-09-19 21:38:17.282657,,,
310072,쟁점금원은 당사자간에 작성된 소비대차계약서등에 따라 차입금에 해당함,서울고등법원-2017-누-43014,2017-09-05,2017,9,3,,지방/기타,일반행정,,계약,law.go.kr,/DRF/lawService.do?OC=virtual.esq&target=prec&ID=310072&type=HTML&mobileYn=,2026-09-19 21:38:17.282657,,,
311380,보험계약자의 명의변경시점을 증여시기로 볼 수 있는지와 증여시기에 따른 증여재산가액산정의 적정성 여부,서울고등법원-2017-누-42677,2017-08-30,2017,8,3,,지방/기타,일반행정,,계약,law.go.kr,/DRF/lawService.do?OC=virtual.esq&target=prec&ID=311380&type=HTML&mobileYn=,2026-09-19 21:38:17.282657,,,
310954,주식매매계약이 무효인지 여부 및 이 사건 소득처분이 적법한지 여부,서울행정법원-2015-구합-58843,2017-08-25,2017,8,3,,지방/기타,일반행정,,계약,law.go.kr,/DRF/lawService.do?OC=virtual.esq&target=prec&ID=310954&type=HTML&mobileYn=,2026-09-19 21:38:17.282657,,,
311458,이 사건 지연손해금은 재산권에 관한 계약의 위약으로 인한 배상금으로 기타소득임,울산지방법원-2017-구합-255,2017-08-24,2017,8,3,,지방/기타,일반행정,,계약,law.go.kr,/DRF/lawService.do?OC=virtual.esq&target=prec&ID=311458&type=HTML&mobileYn=,2026-09-19 21:38:17.282657,,,
311530,"이 사건 부가가치세 매출누락은 마감장부에 의한 것이고, 근로계약서가 없는 점 등으로 보아 이 사건 처분은 적법함",대전지방법원-2016-구합-104851,2017-08-24,2017,8,3,,지방/기타,일반행정,,계약,law.go.kr,/DRF/lawService.do?OC=virtual.esq&target=prec&ID=311530&type=HTML&mobileYn=,2026-09-19 21:38:17.282657,,,
193232,입주계약해지처분무효확인,2017두35055,2017-08-23,2017,8,3,대법원,대법원,일반행정,판결,계약,law.go.kr,/DRF/lawService.do?OC=virtual.esq&target=prec&ID=193232&type=HTML&mobileYn=,2026-09-19 21:38:17.282657,,,
304750,양수인이 실질적으로 대금지급을 완료한 후 계약해지된 것이므로 실질적인 양도가 이루러진 것임,서울고등법원-2017-누-36108,2017-08-23,2017,8,3,,지방/기타,일반행정,,계약,law.go.kr,/DRF/lawService.do?OC=virtual.esq&target=prec&ID=304750&type=HTML&mobileYn=,2026-09-19 21:38:17.282657,,,
195431,계약금반환청구의소,2017다221396,2017-08-18,2017,8,3,대법원,대법원,민사,판결,계약,law.go.kr,/DRF/lawService.do?OC=virtual.esq&target=prec&ID=195431&type=HTML&mobileYn=,2026-09-19 21:38:17.282657,,,
420324,사업인정 고시일 이후 신탁계약을 체결하고 사업을 시작한 경우 종전토지의 수용에 따른 대체취득 부동산 감면대상에 해당하는지 여부,2016누82593,2017-08-18,2017,8,3,서울행정법원,지방/기타,일반행정,처분청 승소,계약,law.go.kr,/DRF/lawService.do?OC=virtual.esq&target=prec&ID=420324&type=HTML&mobileYn=,2026-09-19 21:38:17.282657,,,
318708,매매계약에 잔금지급채무성립이 불가하여 발생하지 아니하는 것으로 확정되면 불확정기간은 이미 도래한 것임,서울고등법원-2017-나-2012637,2017-08-17,2017,8,3,,지방/기타,민사,,계약,law.go.kr,/DRF/lawService.do?OC=virtual.esq&target=prec&ID=318708&type=HTML&mobileYn=,2026-09-19 21:38:17.282657,,,
318718,조합 동업계약서 체결일에 현물출자가 있었던 것으로 보아 양도시기를 적용,서울고등법원-2017-누-46259,2017-08-17,2017,8,3,,지방/기타,일반행정,,계약,law.go.kr,/DRF/lawService.do?OC=virtual.esq&target=prec&ID=318718&type=HTML&mobileYn=,2026-09-19 21:38:17.282657,,,
320428,아파트분양계약이 해제된 경우 그 해제된 계약을 근거로한 부과처분은 위법함,서울행정법원-2015-구합-63869,2017-08-11,2017,8,3,,지방/기타,일반행정,,계약,law.go.kr,/DRF/lawService.do?OC=virtual.esq&target=prec&ID=320428&type=HTML&mobileYn=,2026-09-19 21:38:17.282657,,,
311314,상속분할협의계약은 사해행위에 해당하여 이를 취소한다,성남지원-2017-가단-209739,2017-08-11,2017,8,3,,지방/기타,민사,,계약,law.go.kr,/DRF/lawService.do?OC=virtual.esq&target=prec&ID=311314&type=HTML&mobileYn=,2026-09-19 21:38:17.283620,,,
311476,이 사건 증여계약은 사해행위에 해당함,여주지원-2017-가단-52011,2017-08-10,2017,8,3,,지방/기타,민사,,계약,law.go.kr,/DRF/lawService.do?OC=virtual.esq&target=prec&ID=311476&type=HTML&mobileYn=,2026-09-19 21:38:17.283620,,,
319284,명의신탁관계는 반드시 신탁자와 수탁자 사이의 명시적 계약에 의하여만 성립하는 것이 아니라 묵시적 합의에 의하여도 성립하는 것임,광주지방법원-2015-구합-13680,2017-08-10,2017,8,3,,지방/기타,일반행정,,계약,law.go.kr,/DRF/lawService.do?OC=virtual.esq&target=prec&ID=319284&type=HTML&mobileYn=,2026-09-19 21:38:17.283620,,,
310180,매매계약의 위약으로 인하여 받는 위약금은 매매계약상 잔금지급일에 귀속되었다고 판단함이 타당함,수원지방법원-2017-구합-62847,2017-08-08,2017,8,3,,지방/기타,일반행정,,계약,law.go.kr,/DRF/lawService.do?OC=virtual.esq&target=prec&ID=310180&type=HTML&mobileYn=,2026-09-19 21:38:17.283620,,,
209380,계약이행보증금,2017가합508357,2017-07-21,2017,7,3,서울중앙지방법원,지방/기타,민사,판결,계약,law.go.kr,/DRF/lawService.do?OC=virtual.esq&target=prec&ID=209380&type=HTML&mobileYn=,2026-09-19 21:38:17.283620,,,
318400,근저당권설정계약의 당사자 사이에서 3자간 등기합의가 있었다고 보기 어려우므로 근저당권설정행위는 무효에 해당함,서울서부지방법원-2017-가단-206543,2017-07-20,2017,7,3,,지방/기타,민사,,계약,law.go.kr,/DRF/lawService.do?OC=virtual.esq&target=prec&ID=318400&type=HTML&mobileYn=,2026-09-19 21:38:17.283620,,,
320244,양도소득세 감면배제(자경한 농지에 대하여 허위계약서 제시)시 부당과소가산세 부과처분이 적법한 지 여부,대전고등법원(청주)-2017-누-2838,2017-07-19,2017,7,3,,지방/기타,일반행정,,계약,law.go.kr,/DRF/lawService.do?OC=virtual.esq&target=prec&ID=320244&type=HTML&mobileYn=,2026-09-19 21:38:17.283620,,,
308504,계약 해제에 따른 위약금의 기타소득세 과세범위는 위약금 몰취자가 현실로 지배·관리한 금원에 미침,부산지방법원-2017-구합-20720,2017-07-13,2017,7,3,,지방/기타,일반행정,,계약,law.go.kr,/DRF/lawService.do?OC=virtual.esq&target=prec&ID=308504&type=HTML&mobileYn=,2026-09-19 21:38:17.283620,,,
311374,각 매매계약은 부가가치세의 과세대상인 재화의 공급에 해당함,부산지방법원-2017-구합-21273,2017-07-06,2017,7,3,,지방/기타,일반행정,,계약,law.go.kr,/DRF/lawService.do?OC=virtual.esq&target=prec&ID=311374&type=HTML&mobileYn=,2026-09-19 21:38:17.283620,,,
317874,원고가 받은 계약금은 상대방의 채무불이행을 이유로 계약을 해제하고 계약금으로 받은 돈을 위약금으로 몰취함으로써 기타소득에 해당하게 됨,서울고등법원-2016-누-54550,2017-06-29,2017,6,2,,지방/기타,일반행정,,계약,law.go.kr,/DRF/lawService.do?OC=virtual.esq&target=prec&ID=317874&type=HTML&mobileYn=,2026-09-19 21:38:17.283620,,,
319542,이 사건 증여계약은 사해행위에 해당함,성남지원-2016-가단-229613,2017-06-28,2017,6,2,,지방/기타,민사,,계약,law.go.kr,/DRF/lawService.do?OC=virtual.esq&target=prec&ID=319542&type=HTML&mobileYn=,2026-09-19 21:38:17.283620,,,
311562,매매 등의 계약이 무효이거나 취소되는 등으로 효력이 없는 때에는 양도소득세의 과세대상으로 삼을 수 없음,서울고등법원-2017-누-30131,2017-06-23,2017,6,2,,지방/기타,일반행정,,계약,law.go.kr,/DRF/lawService.do?OC=virtual.esq&target=prec&ID=311562&type=HTML&mobileYn=,2026-09-19 21:38:17.283620,,,
317538,토지와 건물의 가액 구분이 불분명한 때에는 공급계약일 현재의 기준시가에 비례하여 안분계산할 수 있음,대전고등법원-2017-누-10294,2017-06-22,2017,6,2,,지방/기타,일반행정,,계약,law.go.kr,/DRF/lawService.do?OC=virtual.esq&target=prec&ID=317538&type=HTML&mobileYn=,2026-09-19 21:38:17.283620,,,
311418,매매계약서가 소급작성된 것으로 보아 환산가액을 취득가액으로 한 처분을 정당함,제주지방법원-2016-구합-487,2017-06-21,2017,6,2,,지방/기타,일반행정,,계약,law.go.kr,/DRF/lawService.do?OC=virtual.esq&target=prec&ID=311418&type=HTML&mobileYn=,2026-09-19 21:38:17.283620,,,
319244,거래계약허가구역 내 토지의 양도시기는 대금청산일임,서울고등법원-2017-누-34539,2017-06-21,2017,6,2,,지방/기타,일반행정,,계약,law.go.kr,/DRF/lawService.do?OC=virtual.esq&target=prec&ID=319244&type=HTML&mobileYn=,2026-09-19 21:38:17.283620,,,
318798,(심리불속행)이중계약서 작성은 사기·기타부정한 행위인지 여부,대법원-2017-두-39150,2017-06-20,2017,6,2,,지방/기타,일반행정,,계약,law.go.kr,/DRF/lawService.do?OC=virtual.esq&target=prec&ID=318798&type=HTML&mobileYn=,2026-09-19 21:38:17.283620,,,
185161,입주변경계약취소처분등취소,2014두46843,2017-06-15,2017,6,2,대법원,대법원,일반행정,판결,계약,law.go.kr,/DRF/lawService.do?OC=virtual.esq&target=prec&ID=185161&type=HTML&mobileYn=,2026-09-19 21:38:17.283620,,,
319364,이 사건 토지의 매수 당시 실지거래가액은 위 매매계약서에 기재된 8억8천만원이라고 봄이 상당함.,서울고등법원-2016-누-61527,2017-06-14,2017,6,2,,지방/기타,일반행정,,계약,law.go.kr,/DRF/lawService.do?OC=virtual.esq&target=prec&ID=319364&type=HTML&mobileYn=,2026-09-19 21:38:17.283620,,,
309276,이 사건 계약에 의하여 원고가 받은 금원을 기타소득으로 볼 수 있는지 여부,수원지방법원-2015-구합-65392,2017-06-12,2017,6,2,,지방/기타,일반행정,,계약,law.go.kr,/DRF/lawService.do?OC=virtual.esq&target=prec&ID=309276&type=HTML&mobileYn=,2026-09-19 21:38:17.283620,,,
310882,(심리불속행) 하도급계약 내용에 따라 부가가치세를 납부하지 아니한 것은 의무해태를 탓할 수 없는 정당한 사유가 있음,대법원-2017-두-39228,2017-06-09,2017,6,2,,지방/기타,일반행정,,계약,law.go.kr,/DRF/lawService.do?OC=virtual.esq&target=prec&ID=310882&type=HTML&mobileYn=,2026-09-19 21:38:17.283620,,,
317992,허위의 매매계약서를 작성한 것은 부과제척기간 10년을 적용함이 타당,부산고등법원-2017-누-20507,2017-06-09,2017,6,2,,지방/기타,일반행정,,계약,law.go.kr,/DRF/lawService.do?OC=virtual.esq&target=prec&ID=317992&type=HTML&mobileYn=,2026-09-19 21:38:17.283620,,,
317930,"이 사건 현물출자계약은 기망 또는 원고의 착오에 의해 이루어진 것으로, 이 사건 양도소득세 부과처분이 취소되어야 하는지 여부",청주지방법원-2016-구합-11013,2017-06-08,2017,6,2,,지방/기타,일반행정,,계약,law.go.kr,/DRF/lawService.do?OC=virtual.esq&target=prec&ID=317930&type=HTML&mobileYn=,2026-09-19 21:38:17.283620,,,
311246,원고가 지급받은 금전의 가액이  이 사건 변경계약에 따라 당초 이행하여야 하는 총금액을 넘는다고 볼 수 없다.,대법원-2017-두-35493,2017-05-31,2017,5,2,,지방/기타,일반행정,,계약,law.go.kr,/DRF/lawService.do?OC=virtual.esq&target=prec&ID=311246&type=HTML&mobileYn=,2026-09-19 21:38:17.283620,,,
300538,근저당권설정계약의 피담보채무 변제여부,광주지방법원-2016-나-52520,2017-05-31,2017,5,2,,지방/기타,민사,,계약,law.go.kr,/DRF/lawService.do?OC=virtual.esq&target=prec&ID=300538&type=HTML&mobileYn=,2026-09-19 21:38:17.283620,,,
317528,처분문서인 이 사건 매매계약서상의 금액이 취득가액임.,서울행정법원-2016-구단-67144,2017-05-30,2017,5,2,,지방/기타,일반행정,,계약,law.go.kr,/DRF/lawService.do?OC=virtual.esq&target=prec&ID=317528&type=HTML&mobileYn=,2026-09-19 21:38:17.283620,,,
309544,채무초과 상태에서 자신의 상속분을 포기하는 상속재산분할협의 계약은 사해행위에 해당함,서울북부지방법원-2016-가단-151565,2017-05-30,2017,5,2,,지방/기타,민사,,계약,law.go.kr,/DRF/lawService.do?OC=virtual.esq&target=prec&ID=309544&type=HTML&mobileYn=,2026-09-19 21:38:17.283620,,,
310140,(심리불속행)제2계약서가 다운계약서일 가능성이 있으며 제1계약서가 실제 계약서임,대법원-2017-두-37901,2017-05-26,2017,5,2,,지방/기타,일반행정,,계약,law.go.kr,/DRF/lawService.do?OC=virtual.esq&target=prec&ID=310140&type=HTML&mobileYn=,2026-09-19 21:38:17.283620,,,
301846,"원고의 대리인으로 이 사건 용역 계약을 체결하고, 그 효과가 원고에게 귀속되었다고 봄이 타당함",서울행정법원-2016-구합-9060,2017-05-26,2017,5,2,,지방/기타,일반행정,,계약,law.go.kr,/DRF/lawService.do?OC=virtual.esq&target=prec&ID=301846&type=HTML&mobileYn=,2026-09-19 21:38:17.283620,,,
300656,이 사건 증여계약이 채권자인 원고를 해하는 사해행위에 해당하는지 여부,안산지원-2016-가합-6900,2017-05-25,2017,5,2,,지방/기타,민사,,계약,law.go.kr,/DRF/lawService.do?OC=virtual.esq&target=prec&ID=300656&type=HTML&mobileYn=,2026-09-19 21:38:17.283620,,,
309614,사업용 자산을 포괄양수하였으나 계약이 취소된 경우 기공제받은 매입세액의 납세의무자는 양수자임.,서울고등법원-2016-누-69408,2017-05-25,2017,5,2,,지방/기타,일반행정,,계약,law.go.kr,/DRF/lawService.do?OC=virtual.esq&target=prec&ID=309614&type=HTML&mobileYn=,2026-09-19 21:38:17.283620,,,
299562,"명의신탁일 현재의 가액에 의해 산정하여야 할 것이지, 후에 발생한 계약 해제의 소급효를 인정할 수 없음",서울고등법원-2016-누-56914,2017-05-25,2017,5,2,,지방/기타,일반행정,,계약,law.go.kr,/DRF/lawService.do?OC=virtual.esq&target=prec&ID=299562&type=HTML&mobileYn=,2026-09-19 21:38:17.283620,,,
302228,허위매매계약서로 양도소득을 신고한 건에 대하여는 구 국세기본법 26조의2 제1항 제1호에 규정된 10년의 부과제척기간이 적용됨,서울고등법원-2017-누-35228,2017-05-23,2017,5,2,,지방/기타,일반행정,,계약,law.go.kr,/DRF/lawService.do?OC=virtual.esq&target=prec&ID=302228&type=HTML&mobileYn=,2026-09-19 21:38:17.283620,,,
300678,(무변론판결)상속협의분할에 따른 사해행위로 상속재산 협의분할 계약은 취소됨.,전주지방법원-2016-가단-37534,2017-05-23,2017,5,2,,지방/기타,민사,,계약,law.go.kr,/DRF/lawService.do?OC=virtual.esq&target=prec&ID=300678&type=HTML&mobileYn=,2026-09-19 21:38:17.283620,,,
311428,상속재산 협의분할계약을 취소하고 소유권이전등기절차를 이행함,수원지방법원-2016-가단-534947,2017-05-16,2017,5,2,,지방/기타,민사,,계약,law.go.kr,/DRF/lawService.do?OC=virtual.esq&target=prec&ID=311428&type=HTML&mobileYn=,2026-09-19 21:38:17.283620,,,
310212,(심리불속행)제출된 검인계약서는 특별한 사정이 없는 한 당사자 사이의 매매계약 내용대로 작성되었다고 추정됨,대법원-2017-두-33091,2017-05-16,2017,5,2,,지방/기타,일반행정,,계약,law.go.kr,/DRF/lawService.do?OC=virtual.esq&target=prec&ID=310212&type=HTML&mobileYn=,2026-09-19 21:38:17.283620,,,
217531,계약금반환등,2016가단514998,2017-05-11,2017,5,2,수원지방법원,지방/기타,민사,판결,계약,law.go.kr,/DRF/lawService.do?OC=virtual.esq&target=prec&ID=217531&type=HTML&mobileYn=,2026-09-19 21:38:17.283620,,,
306038,체납법인과 피고 사이의 채권양도계약은 사해행위에 해당함,고양지원-2017-가합-70772,2017-05-10,2017,5,2,,지방/기타,민사,,계약,law.go.kr,/DRF/lawService.do?OC=virtual.esq&target=prec&ID=306038&type=HTML&mobileYn=,2026-09-19 21:38:17.283620,,,
304984,체납자의 증여계약이 사해행위에 해당하는지 여부,서울중앙지방법원-2016-가단-5149728,2017-04-27,2017,4,2,,지방/기타,민사,,계약,law.go.kr,/DRF/lawService.do?OC=virtual.esq&target=prec&ID=304984&type=HTML&mobileYn=,2026-09-19 21:38:17.283620,,,
200510,계약무효에따른원상회복등,2015나11398,2017-04-25,2017,4,2,대전고등법원청주재판부,고등법원,민사,판결,계약,law.go.kr,/DRF/lawService.do?OC=virtual.esq&target=prec&ID=200510&type=HTML&mobileYn=,2026-09-19 21:38:17.283620,,,
302902,(심리불속행)원고가 제출한 계약서는 신뢰할 수 없고 취득가액이 확인되지 아니하므로 환산가액을 적용한 처분은 정당함,대법원-2017-두-37390,2017-04-21,2017,4,2,,지방/기타,일반행정,,계약,law.go.kr,/DRF/lawService.do?OC=virtual.esq&target=prec&ID=302902&type=HTML&mobileYn=,2026-09-19 21:38:17.283620,,,
311016,형제한 부동산 매매계약은 사해행위로 취소되어야  함.,광주지방법원-2016-가단-512786,2017-04-18,2017,4,2,,지방/기타,민사,,계약,law.go.kr,/DRF/lawService.do?OC=virtual.esq&target=prec&ID=311016&type=HTML&mobileYn=,2026-09-19 21:38:17.284663,,,
305432,불완전한 명의신탁계약서 만으로 명의신탁자를 원고로 단정하는 것은 국기법상 실질과세 원칙에 어긋남,서울고등법원-2016-누-58484,2017-04-12,2017,4,2,,지방/기타,일반행정,,계약,law.go.kr,/DRF/lawService.do?OC=virtual.esq&target=prec&ID=305432&type=HTML&mobileYn=,2026-09-19 21:38:17.284663,,,
318592,원고가 제출한 1987년도의 매매계약서 및 문서감정결과만으로는 취득가액을 실지거래가액으로 인정할 수 없음.,수원지방법원-2016-구단-7808,2017-04-07,2017,4,2,,지방/기타,일반행정,,계약,law.go.kr,/DRF/lawService.do?OC=virtual.esq&target=prec&ID=318592&type=HTML&mobileYn=,2026-09-19 21:38:17.284663,,,
302030,상속형 즉시연금계약의 수익자의 지위와 더불어 그 실질상 ‘계약 해지에 따른 해지환급금을 받을 권리’ 또한 취득하였다 할 것임,서울행정법원-2016-구합-61044,2017-04-07,2017,4,2,,지방/기타,일반행정,,계약,law.go.kr,/DRF/lawService.do?OC=virtual.esq&target=prec&ID=302030&type=HTML&mobileYn=,2026-09-19 21:38:17.284663,,,
299118,구 법인세법시행령 제132조 제10항 소정의 계약의 내용이 되는 지급자체에 대한 손해를 넘는 손해란 적극적 손해를 넘어서는 손해를 의미함,서울행정법원-2016-구합-57083,2017-04-07,2017,4,2,,지방/기타,일반행정,,계약,law.go.kr,/DRF/lawService.do?OC=virtual.esq&target=prec&ID=299118&type=HTML&mobileYn=,2026-09-19 21:38:17.284663,,,
184692,계약무효확인등,2014다234827,2017-04-07,2017,4,2,대법원,대법원,민사,판결,계약,law.go.kr,/DRF/lawService.do?OC=virtual.esq&target=prec&ID=184692&type=HTML&mobileYn=,2026-09-19 21:38:17.284663,,,
310592,물납재산이 이미 매각되었음에도 소의 이익이 있는지 여부와 임대차계약이 있는 경우에 관리처분이 부적당하여 물납이 불허되어야 하는지 여부,서울고등법원-2016-누-46337,2017-04-05,2017,4,2,,지방/기타,일반행정,,계약,law.go.kr,/DRF/lawService.do?OC=virtual.esq&target=prec&ID=310592&type=HTML&mobileYn=,2026-09-19 21:38:17.284663,,,
311570,"민사소송에서 기존 협의매매계약 착오취소 후 조정결정을 통해 수령한 돈은 양도대가이나, 그 귀속시기는 소유권이전등기가 있었던 때임",수원지방법원-2016-구단-8207,2017-03-31,2017,3,1,,지방/기타,일반행정,,계약,law.go.kr,/DRF/lawService.do?OC=virtual.esq&target=prec&ID=311570&type=HTML&mobileYn=,2026-09-19 21:38:17.284663,,,
310278,조합 동업계약서 체결일에 현물출자가 있었던 것으로 보아 양도시기를 적용,인천지방법원-2016-구합-51195,2017-03-30,2017,3,1,,지방/기타,일반행정,,계약,law.go.kr,/DRF/lawService.do?OC=virtual.esq&target=prec&ID=310278&type=HTML&mobileYn=,2026-09-19 21:38:17.284663,,,
184652,계약효력부존재확인,2016나2071844,2017-03-30,2017,3,1,서울고등법원,고등법원,민사,판결 : 상고,계약,law.go.kr,/DRF/lawService.do?OC=virtual.esq&target=prec&ID=184652&type=HTML&mobileYn=,2026-09-19 21:38:17.285658,,,
308714,원고가 당초 신고시 제출한 검인계약서가 아닌 추후 재작성된 계약서 상의 금액을    취득가액으로 인정할 수 있는지 여부,수원지방법원-2016-구단-1909,2017-03-29,2017,3,1,,지방/기타,일반행정,,계약,law.go.kr,/DRF/lawService.do?OC=virtual.esq&target=prec&ID=308714&type=HTML&mobileYn=,2026-09-19 21:38:17.285658,,,
302444,쟁점보험 계약시 납입보험료를 증여재산가액으로 하여 증여세를 과세한 처분은 적법함,서울행정법원-2015-구합-58560,2017-03-24,2017,3,1,,지방/기타,일반행정,,계약,law.go.kr,/DRF/lawService.do?OC=virtual.esq&target=prec&ID=302444&type=HTML&mobileYn=,2026-09-19 21:38:17.285658,,,
299962,보험계약자의 명의변경시점을 증여시기로 볼 수 있는지와 증여시기에 따른 증여재산가액산정의 적정성 여부,서울행정법원-2016-구합-66209,2017-03-24,2017,3,1,,지방/기타,일반행정,,계약,law.go.kr,/DRF/lawService.do?OC=virtual.esq&target=prec&ID=299962&type=HTML&mobileYn=,2026-09-19 21:38:17.285658,,,
308388,대리인(처의 작은 아버지)을 통한 이중계약서가 무효인지 여부,대전고등법원-2016-누-12828,2017-03-23,2017,3,1,,지방/기타,일반행정,,계약,law.go.kr,/DRF/lawService.do?OC=virtual.esq&target=prec&ID=308388&type=HTML&mobileYn=,2026-09-19 21:38:17.285658,,,
310516,쟁점금원은 당사자간에 작성된 소비대차계약서등에 따라 차입금에 해당함,서울행정법원-2016-구합-73160,2017-03-23,2017,3,1,,지방/기타,일반행정,,계약,law.go.kr,/DRF/lawService.do?OC=virtual.esq&target=prec&ID=310516&type=HTML&mobileYn=,2026-09-19 21:38:17.285658,,,
305736,체납자가 배우자와 납세고지 다음날 체결한 부동산매매계약은 사해행위에 해당함,서울중앙지방법원-2016-가합-526013,2017-03-22,2017,3,1,,지방/기타,민사,,계약,law.go.kr,/DRF/lawService.do?OC=virtual.esq&target=prec&ID=305736&type=HTML&mobileYn=,2026-09-19 21:38:17.285658,,,
300772,아파트 분양계약의 해제에 따른 손익의 귀속시기를 그 계약해제일이 속하는 사업연도로 보아 법인세를 과세한 처분의 당부,서울고등법원-2016-누-77362,2017-03-21,2017,3,1,,지방/기타,일반행정,,계약,law.go.kr,/DRF/lawService.do?OC=virtual.esq&target=prec&ID=300772&type=HTML&mobileYn=,2026-09-19 21:38:17.285658,,,
310128,명의위장 거래 및 허위계약서 작성 등으로 인한 조세포탈행위는 부과제척기간 10년이 적용됨,대구지방법원-2016-구합-22720,2017-03-17,2017,3,1,,지방/기타,일반행정,,계약,law.go.kr,/DRF/lawService.do?OC=virtual.esq&target=prec&ID=310128&type=HTML&mobileYn=,2026-09-19 21:38:17.285658,,,
422296,사업양수도계약 전의 차입금이 순자산가액 산출시 부채로 계상되는지,2016두62474,2017-03-09,2017,3,1,대법원,대법원,일반행정,처분청패소,계약,law.go.kr,/DRF/lawService.do?OC=virtual.esq&target=prec&ID=422296&type=HTML&mobileYn=,2026-09-19 21:38:17.285658,,,
305760,부동산관리신탁계약을 체결한 때에 토지를 양도하여 현물출자의무를 이행하였다고 볼 수 있음,서울행정법원-2016-구단-53305,2017-03-07,2017,3,1,,지방/기타,일반행정,,계약,law.go.kr,/DRF/lawService.do?OC=virtual.esq&target=prec&ID=305760&type=HTML&mobileYn=,2026-09-19 21:38:17.285658,,,
240928,이 사건 매매계약이 해제된 이상 양도소득을 전제로 한 이 사건 처분은 위법함,대법원-2016-두-56400,2017-02-23,2017,2,1,,지방/기타,일반행정,,계약,law.go.kr,/DRF/lawService.do?OC=virtual.esq&target=prec&ID=240928&type=HTML&mobileYn=,2026-09-19 21:38:17.285658,,,
310360,양도소득세 감면배제(자경한 농지에 대하여 허위계약서 제시)시 부당과소가산세 부과처분이 적법한 지 여부,청주지방법원-2016-구합-11570,2017-02-16,2017,2,1,,지방/기타,일반행정,,계약,law.go.kr,/DRF/lawService.do?OC=virtual.esq&target=prec&ID=310360&type=HTML&mobileYn=,2026-09-19 21:38:17.285658,,,
300542,주식을 매수한 자의 대리인 자격으로 주식을 양도하는 계약을 체결한 경우 당초 주식을 매도한 가액이 취득가액에 해당함,수원지방법원-2016-구합-61656,2017-02-14,2017,2,1,,지방/기타,일반행정,,계약,law.go.kr,/DRF/lawService.do?OC=virtual.esq&target=prec&ID=300542&type=HTML&mobileYn=,2026-09-19 21:38:17.285658,,,
311076,분양계약해지시 손익귀속시기는 분양계약당시로 소급,의정부지방법원-2016-구합-235,2017-02-14,2017,2,1,,지방/기타,일반행정,,계약,law.go.kr,/DRF/lawService.do?OC=virtual.esq&target=prec&ID=311076&type=HTML&mobileYn=,2026-09-19 21:38:17.285658,,,
245120,기존 토지 임대차계약과 동일한 조건으로 지상권 설정 계약을 한 경우 그 대가가 기타소득에 해당하는지 여부,서울행정법원-2016-구합-58659,2017-02-10,2017,2,1,,지방/기타,일반행정,,계약,law.go.kr,/DRF/lawService.do?OC=virtual.esq&target=prec&ID=245120&type=HTML&mobileYn=,2026-09-19 21:38:17.285658,,,
322194,계약 해지로 받은 위약금은 분양계약 해제에 따른 위약금임.,서울행정법원-2014-구합-72071,2017-02-10,2017,2,1,,지방/기타,일반행정,,계약,law.go.kr,/DRF/lawService.do?OC=virtual.esq&target=prec&ID=322194&type=HTML&mobileYn=,2026-09-19 21:38:17.285658,,,
301140,구 법인세법 시행령 제69조 제3항은 2012 사업연도에 분양계약이 체결된 경우부터 적용됨,서울고등법원-2016-누-50497,2017-02-08,2017,2,1,,지방/기타,일반행정,,계약,law.go.kr,/DRF/lawService.do?OC=virtual.esq&target=prec&ID=301140&type=HTML&mobileYn=,2026-09-19 21:38:17.285658,,,
317756,분양계약해제에 따른 손익의 귀속시기를 언제로 보아야 하는지의 당부,서울고등법원-2016-누-51919,2017-02-08,2017,2,1,,지방/기타,일반행정,,계약,law.go.kr,/DRF/lawService.do?OC=virtual.esq&target=prec&ID=317756&type=HTML&mobileYn=,2026-09-19 21:38:17.285658,,,
301212,이중계약서 작성은 사기·기타부정한 행위인지 여부,서울고등법원-2016-누-63509,2017-02-07,2017,2,1,,지방/기타,일반행정,,계약,law.go.kr,/DRF/lawService.do?OC=virtual.esq&target=prec&ID=301212&type=HTML&mobileYn=,2026-09-19 21:38:17.285658,,,
303506,(심리불속행)기준시가 원칙일 때 허위 매매계약서를 제출하여 양도소득세 신고를 한 경우,대법원-2016-두-56356,2017-02-03,2017,2,1,,지방/기타,일반행정,,계약,law.go.kr,/DRF/lawService.do?OC=virtual.esq&target=prec&ID=303506&type=HTML&mobileYn=,2026-09-19 21:38:17.285658,,,
320982,원고가 제출한 계약서는 신뢰할 수 없고 취득가액이 확인되지 아니하므로 환산가액을 적용한 처분은 정당함,대구고등법원-2016-누-5526,2017-02-03,2017,2,1,,지방/기타,일반행정,,계약,law.go.kr,/DRF/lawService.do?OC=virtual.esq&target=prec&ID=320982&type=HTML&mobileYn=,2026-09-19 21:38:17.285658,,,
184385,계약금반환,2016다259677,2017-02-03,2017,2,1,대법원,대법원,민사,판결,계약,law.go.kr,/DRF/lawService.do?OC=virtual.esq&target=prec&ID=184385&type=HTML&mobileYn=,2026-09-19 21:38:17.285658,,,
310124,이 사건 매매계약은 통정허위표시에 의한 계약으로 볼 수 없음,서울고등법원-2015-나-2064115,2017-02-03,2017,2,1,,지방/기타,민사,,계약,law.go.kr,/DRF/lawService.do?OC=virtual.esq&target=prec&ID=310124&type=HTML&mobileYn=,2026-09-19 21:38:17.285658,,,
299444,(심리불속행) 이 사건 대여금은 각 토지에 대한 매매계약서상 금액으로 보아야함,대법원-2016-두-55599,2017-02-03,2017,2,1,,지방/기타,일반행정,,계약,law.go.kr,/DRF/lawService.do?OC=virtual.esq&target=prec&ID=299444&type=HTML&mobileYn=,2026-09-19 21:38:17.285658,,,
300730,(심리불속행)원고 소외 이○호  사이에 체결된 매매계약은 사해행위에 해당함,대법원-2016-다-262888,2017-02-02,2017,2,1,,지방/기타,민사,,계약,law.go.kr,/DRF/lawService.do?OC=virtual.esq&target=prec&ID=300730&type=HTML&mobileYn=,2026-09-19 21:38:17.285658,,,
317408,이 사건 토지에 관하여 증여계약은 사해행위에 의한 계약으로 소유권을 원상회복하    여야 하는지 여부,대법원-2016-다-264198,2017-01-25,2017,1,1,,지방/기타,민사,,계약,law.go.kr,/DRF/lawService.do?OC=virtual.esq&target=prec&ID=317408&type=HTML&mobileYn=,2026-09-19 21:38:17.285658,,,
300642,쟁점토지 협의매수 계약이 취소 판결되었으나 원물반환이 불가능한 경우 등 양도에 해당되는지 여부,서울행정법원-2015-구단-53582,2017-01-20,2017,1,1,,지방/기타,일반행정,,계약,law.go.kr,/DRF/lawService.do?OC=virtual.esq&target=prec&ID=300642&type=HTML&mobileYn=,2026-09-19 21:38:17.285658,,,
244986,"SOFA 초청계약자 지정의 효과를 소급할 수 없고, SOFA 제16조 제3항에 따라 공급된 재화 또는 용역은 부가가치세 영세율이 적용됨",서울행정법원-2015-구합-70645,2017-01-20,2017,1,1,,지방/기타,일반행정,,계약,law.go.kr,/DRF/lawService.do?OC=virtual.esq&target=prec&ID=244986&type=HTML&mobileYn=,2026-09-19 21:38:17.285658,,,
301740,토지와 건물의 가액 구분이 불분명한 때에는 공급계약일 현재의 기준시가에 비례하여 안분계산할 수 있음,대전지방법원-2016-구단-100104,2017-01-19,2017,1,1,,지방/기타,일반행정,,계약,law.go.kr,/DRF/lawService.do?OC=virtual.esq&target=prec&ID=301740&type=HTML&mobileYn=,2026-09-19 21:38:17.285658,,,
305924,거래계약허가구역 내 토지의 양도시기는 대금청산일임,서울행정법원-2016-구합-2878,2017-01-13,2017,1,1,,지방/기타,일반행정,,계약,law.go.kr,/DRF/lawService.do?OC=virtual.esq&target=prec&ID=305924&type=HTML&mobileYn=,2026-09-19 21:38:17.285658,,,
240116,"내국법인의 해외현지법인이 체결한 계약의 실질적 당사자, 외국법인과 계약이 해제되어 기 지급한 금액을 국내원천 위약금으로 볼 수 있는 요건",서울행정법원-2016-구합-50693,2017-01-13,2017,1,1,,지방/기타,일반행정,,계약,law.go.kr,/DRF/lawService.do?OC=virtual.esq&target=prec&ID=240116&type=HTML&mobileYn=,2026-09-19 21:38:17.285658,,,
245424,계약보증금의 몰취에 따른 손익의 귀속시기는 관련소송의 대법원 판결이 확정된 사업연도에 귀속됨,서울행정법원-2015-구합-67960,2017-01-12,2017,1,1,,지방/기타,일반행정,,계약,law.go.kr,/DRF/lawService.do?OC=virtual.esq&target=prec&ID=245424&type=HTML&mobileYn=,2026-09-19 21:38:17.285658,,,
300744,(심리불속행) 매매계약이 합의해제 되었다면 자산의 양도가 이루어지지 않는 것이 되므로 양도소득세가 부과될 수 없음,대법원-2016-두-52835,2017-01-12,2017,1,1,,지방/기타,일반행정,,계약,law.go.kr,/DRF/lawService.do?OC=virtual.esq&target=prec&ID=300744&type=HTML&mobileYn=,2026-09-19 21:38:17.285658,,,
300038,허위매매계약서로 양도소득을 신고한 건에 대하여는 구 국세기본법 26조의2 제1항 제1호에 규정된 10년의 부과제척기간이 적용됨,서울행정법원-2015-구합-74456,2017-01-12,2017,1,1,,지방/기타,일반행정,,계약,law.go.kr,/DRF/lawService.do?OC=virtual.esq&target=prec&ID=300038&type=HTML&mobileYn=,2026-09-19 21:38:17.285658,,,
245022,(심리불속행) 검인계약서외에 별도로 작성된 매매계약서가 존재하지 않은 이상 검인계약서는 실제 매매계약서에 해당함,대법원-2016-두-57991,2017-01-12,2017,1,1,,지방/기타,일반행정,,계약,law.go.kr,/DRF/lawService.do?OC=virtual.esq&target=prec&ID=245022&type=HTML&mobileYn=,2026-09-19 21:38:17.285658,,,
310252,분양계약 취소로 인하여 환급받은 매입세액을 고지한 처분은 당연무효로 볼 수없어 부당이득 반환대상이 되지 않음.,서울중앙지방법원-2016-가합-535833,2017-01-11,2017,1,1,,지방/기타,민사,,계약,law.go.kr,/DRF/lawService.do?OC=virtual.esq&target=prec&ID=310252&type=HTML&mobileYn=,2026-09-19 21:38:17.285658,,,
309596,양수인이 원고에게 실질적으로 대금지급을 완료한 후 계약해지된 것이므로 실질적인 양도가 이루어진 것임,인천지방법원-2015-구단-50198,2017-01-10,2017,1,1,,지방/기타,일반행정,,계약,law.go.kr,/DRF/lawService.do?OC=virtual.esq&target=prec&ID=309596&type=HTML&mobileYn=,2026-09-19 21:38:17.285658,,,
282556,(심리불속행)명의신탁계약을 해지하고 반환하는 경우에도 증여세 신고기한 이후나 결정이후에 해지된 것이라면 명의신탁 증여의제 과세대상이 된다,대법원-2016-두-52170,2016-12-29,2016,12,4,,지방/기타,일반행정,,계약,law.go.kr,/DRF/lawService.do?OC=virtual.esq&target=prec&ID=282556&type=HTML&mobileYn=,2026-09-19 21:38:17.285658,,,
301290,후발적 이유로 독립적으로 이루어진 대여계약을 취소할 수 없으므로 후발적 경정청구 사유가 존재한다고 보기 어려움,서울행정법원-2016-구합-57564,2016-12-22,2016,12,4,,지방/기타,일반행정,,계약,law.go.kr,/DRF/lawService.do?OC=virtual.esq&target=prec&ID=301290&type=HTML&mobileYn=,2026-09-19 21:38:17.285658,,,
301538,"공사도급계약에서 건축중인 건물은 수급인의 소유이고, 이를 자녀들에게 무상으로 증여하였다면 사업상 증여로 재화의 공급에 해당함",수원지방법원-2015-구합-3134,2016-12-20,2016,12,4,,지방/기타,일반행정,,계약,law.go.kr,/DRF/lawService.do?OC=virtual.esq&target=prec&ID=301538&type=HTML&mobileYn=,2026-09-19 21:38:17.285658,,,
298794,"확인서, 계약서, 수사자료 등 근거자료는 합리적이고, 진실성이 있으므로 근거과세의 원칙을 위반한 위법이 없음",서울고등법원-2016-누-54628,2016-12-16,2016,12,4,,지방/기타,일반행정,,계약,law.go.kr,/DRF/lawService.do?OC=virtual.esq&target=prec&ID=298794&type=HTML&mobileYn=,2026-09-19 21:38:17.285658,,,
301074,매매예약의 매매완결일자는 계약의 내용에 따라야 함.,대구지방법원-2016-가단-24847,2016-12-16,2016,12,4,,지방/기타,민사,,계약,law.go.kr,/DRF/lawService.do?OC=virtual.esq&target=prec&ID=301074&type=HTML&mobileYn=,2026-09-19 21:38:17.285658,,,
422242,증여계약에 따른 소유권이전등기를 할 수 없어 계약일로부터 60일 이후에 해제한 경우 후발적경정청구대상에 해당되는지 여부,2016두49983,2016-12-15,2016,12,4,대법원,대법원,일반행정,처분청패소,계약,law.go.kr,/DRF/lawService.do?OC=virtual.esq&target=prec&ID=422242&type=HTML&mobileYn=,2026-09-19 21:38:17.285658,,,
301282,원고가 금전소비대차계약을 합의해지한 사실을 입증하여야만 피고 대한민국의 승낙의 의사표시를 구할 수 있음,서울중앙지방법원-2016-가합-549405,2016-12-15,2016,12,4,,지방/기타,민사,,계약,law.go.kr,/DRF/lawService.do?OC=virtual.esq&target=prec&ID=301282&type=HTML&mobileYn=,2026-09-19 21:38:17.285658,,,
301412,제출된 검인계약서는 특별한 사정이 없는 한 당사자 사이의 매매계약 내용대로 작성되었다고 추정됨,서울고등법원-2015-누-66976,2016-12-15,2016,12,4,,지방/기타,일반행정,,계약,law.go.kr,/DRF/lawService.do?OC=virtual.esq&target=prec&ID=301412&type=HTML&mobileYn=,2026-09-19 21:38:17.285658,,,
309472,예금주 명의신탁계약이 사해행위에 해당하는지 여부,안양지원-2015-가단-113710,2016-12-09,2016,12,4,,지방/기타,민사,,계약,law.go.kr,/DRF/lawService.do?OC=virtual.esq&target=prec&ID=309472&type=HTML&mobileYn=,2026-09-19 21:38:17.285658,,,
280844,증여계약이 사해행위에 해당하는지 여부,서울고등법원-2016-나-2005748,2016-12-09,2016,12,4,,지방/기타,민사,,계약,law.go.kr,/DRF/lawService.do?OC=virtual.esq&target=prec&ID=280844&type=HTML&mobileYn=,2026-09-19 21:38:17.285658,,,
301534,원고가 주장하는 형식의 계약이 있었다고 볼 수 없는 등 원고와 특수관계자와의 임대차 계약은 부당행위에 해당,서울행정법원-2016-구합-54114,2016-12-02,2016,12,4,,지방/기타,일반행정,,계약,law.go.kr,/DRF/lawService.do?OC=virtual.esq&target=prec&ID=301534&type=HTML&mobileYn=,2026-09-19 21:38:17.285658,,,
240556,토지거래허가를 받을 것을 전제로 매매계약 체결후 대금 청산한 경우 토지의 양도시기는 그 대금청산일임,수원지방법원-2015-구단-30337,2016-11-30,2016,11,4,,지방/기타,일반행정,,계약,law.go.kr,/DRF/lawService.do?OC=virtual.esq&target=prec&ID=240556&type=HTML&mobileYn=,2026-09-19 21:38:17.286661,,,
309120,매매계약이 합의해제되었다면 매매계약은 효력이 상실되어 양도소득세부과처분은 위법함.,수원지방법원-2016-구합-60813,2016-11-22,2016,11,4,,지방/기타,일반행정,,계약,law.go.kr,/DRF/lawService.do?OC=virtual.esq&target=prec&ID=309120&type=HTML&mobileYn=,2026-09-19 21:38:17.286661,,,
420320,사업인정 고시일 이후 신탁계약을 체결하고 사업을 시작한 경우 종전토지의 수용에 따른 대체취득 부동산 감면대상에 해당하는지 여부,2016구합72273,2016-11-18,2016,11,4,서울행정법원,지방/기타,일반행정,처분청 승소,계약,law.go.kr,/DRF/lawService.do?OC=virtual.esq&target=prec&ID=420320&type=HTML&mobileYn=,2026-09-19 21:38:17.286661,,,
420322,사업인정 고시일 이후 신탁계약을 체결하고 사업을 시작한 경우 종전토지의 수용에 따른 대체취득 부동산 감면대상에 해당하는지 여부,2016구합72273,2016-11-18,2016,11,4,서울행정법원,지방/기타,일반행정,처분청 승소,계약,law.go.kr,/DRF/lawService.do?OC=virtual.esq&target=prec&ID=420322&type=HTML&mobileYn=,2026-09-19 21:38:17.286661,,,
309772,소유자가 아닌 자와의 매매계약을 원인으로 한 소유권 이전등기는 무효임,서울동부지방법원-2016-가단-21668,2016-11-18,2016,11,4,,지방/기타,민사,,계약,law.go.kr,/DRF/lawService.do?OC=virtual.esq&target=prec&ID=309772&type=HTML&mobileYn=,2026-09-19 21:38:17.286661,,,
297830,위약금 약정이 없는 계약의 해제시 계약금은 부당이득반환대상이므로 기타소득으로 과세할 수 없음,인천지방법원-2016-구합-52310,2016-11-18,2016,11,4,,지방/기타,일반행정,,계약,law.go.kr,/DRF/lawService.do?OC=virtual.esq&target=prec&ID=297830&type=HTML&mobileYn=,2026-09-19 21:38:17.286661,,,
245504,(1심 판결과 같음)동업계약 파기 후 실제 운영에 대한 약정이 없으므로 당초 사업자가 계속 운영한 것임,대구고등법원-2016-누-5137,2016-11-11,2016,11,4,,지방/기타,일반행정,,계약,law.go.kr,/DRF/lawService.do?OC=virtual.esq&target=prec&ID=245504&type=HTML&mobileYn=,2026-09-19 21:38:17.286661,,,
296612,아무런 약정없이 채 매매계약을 해제하기만 하는 것은 해제로 볼 수 없음,부산지방법원-2016-구합-21245,2016-11-11,2016,11,4,,지방/기타,일반행정,,계약,law.go.kr,/DRF/lawService.do?OC=virtual.esq&target=prec&ID=296612&type=HTML&mobileYn=,2026-09-19 21:38:17.286661,,,
300990,(심리불속행)계약금 반환명목으로 지금한 금원은 소비대차약정서에 기한 권리로 인정하기 어렵다,대법원-2016-두-49297,2016-11-10,2016,11,4,,지방/기타,일반행정,,계약,law.go.kr,/DRF/lawService.do?OC=virtual.esq&target=prec&ID=300990&type=HTML&mobileYn=,2026-09-19 21:38:17.286661,,,
240012,아파트 분양계약 해제에 따른 위약금 청구소송에 발코니 확장공사 계약금은 포함되지 않음,광주지방법원-2016-구합-11629,2016-11-10,2016,11,4,,지방/기타,일반행정,,계약,law.go.kr,/DRF/lawService.do?OC=virtual.esq&target=prec&ID=240012&type=HTML&mobileYn=,2026-09-19 21:38:17.286661,,,
301656,(심리불속행) 아파트 분양의 계약해제는 후발적 경정청구 사유에 해당됨.,대법원-2016-두-45868,2016-11-10,2016,11,4,,지방/기타,일반행정,,계약,law.go.kr,/DRF/lawService.do?OC=virtual.esq&target=prec&ID=301656&type=HTML&mobileYn=,2026-09-19 21:38:17.286661,,,
245084,매매계약한 토지에 대하여 합의해제 하였으나 사실상 소유한 것으로 보아 미등기양도자산에서 제외되는 자산으로 볼 수 없음.,광주고등법원-2016-누-3399,2016-11-10,2016,11,4,,지방/기타,일반행정,,계약,law.go.kr,/DRF/lawService.do?OC=virtual.esq&target=prec&ID=245084&type=HTML&mobileYn=,2026-09-19 21:38:17.286661,,,
245406,퇴직시 계약에 의해 지급받은 금원은 근로소득에 해당함.,부산지방법원-2015-구합-2711,2016-11-10,2016,11,4,,지방/기타,일반행정,,계약,law.go.kr,/DRF/lawService.do?OC=virtual.esq&target=prec&ID=245406&type=HTML&mobileYn=,2026-09-19 21:38:17.286661,,,
302338,임대차계약서나 임차인진술 등 자료에 의하여 신고내용에 오류·탈루가 있음이 인정되고 실지조사가 가능한 경우 그 자료에 의해 경정할 수 있음,서울행정법원-2016-구합-51801,2016-11-03,2016,11,4,,지방/기타,일반행정,,계약,law.go.kr,/DRF/lawService.do?OC=virtual.esq&target=prec&ID=302338&type=HTML&mobileYn=,2026-09-19 21:38:17.286661,,,
245310,아파트를 증여받고 생활비지급계약서를 작성하였으나 이는 아파트의 매매계약이 아니라 부담부증여계약이므로 과세처분은 적법한 것임,서울고등법원-2016-누-47484,2016-11-02,2016,11,4,,지방/기타,일반행정,,계약,law.go.kr,/DRF/lawService.do?OC=virtual.esq&target=prec&ID=245310&type=HTML&mobileYn=,2026-09-19 21:38:17.286661,,,
311622,양도소득세가 부과될 예정이라는 취지의 세무조사 결과통지를 받고 배우자와 증여계약을 체결한 것은 사해행위에 해당함.,수원지방법원-2016-나-60690,2016-10-28,2016,10,4,,지방/기타,민사,,계약,law.go.kr,/DRF/lawService.do?OC=virtual.esq&target=prec&ID=311622&type=HTML&mobileYn=,2026-09-19 21:38:17.286661,,,
296628,아파트 분양계약의 해제에 따른 손익의 귀속시기를 그 계약해제일이 속하는 사업연도로 보아 법인세를 과세한 처분의 당부,서울행정법원-2015-구합-73125,2016-10-27,2016,10,4,,지방/기타,일반행정,,계약,law.go.kr,/DRF/lawService.do?OC=virtual.esq&target=prec&ID=296628&type=HTML&mobileYn=,2026-09-19 21:38:17.286661,,,
301842,4건의 양도계약서중  제3차 매매계약은 원고의 대출을 위해 임의로 작성된 계약서임,청주지방법원-2016-구합-10126,2016-10-27,2016,10,4,,지방/기타,일반행정,,계약,law.go.kr,/DRF/lawService.do?OC=virtual.esq&target=prec&ID=301842&type=HTML&mobileYn=,2026-09-19 21:38:17.286661,,,
422208,주식양도양수계약서상 양수인이 사실상 주주가 아니라는 주장,2016두43763,2016-10-27,2016,10,4,대법원,대법원,일반행정,처분청승소,계약,law.go.kr,/DRF/lawService.do?OC=virtual.esq&target=prec&ID=422208&type=HTML&mobileYn=,2026-09-19 21:38:17.286661,,,
278494,"(심리불속행) 양도양수계약서상 양수자와 실제 사업양수주체가 다르다면, 합병예정 등의 사유만으로 사업의 양도로 볼 수 없음",대법원-2016-두-44018,2016-10-27,2016,10,4,,지방/기타,일반행정,,계약,law.go.kr,/DRF/lawService.do?OC=virtual.esq&target=prec&ID=278494&type=HTML&mobileYn=,2026-09-19 21:38:17.286661,,,
240898,검인계약서외에 별도로 작성된 매매계약서가 존재하지 않은 인상 검인계약서는 실제 매매계약서에 해당함,부산고등법원-2016-누-20081,2016-10-21,2016,10,4,,지방/기타,일반행정,,계약,law.go.kr,/DRF/lawService.do?OC=virtual.esq&target=prec&ID=240898&type=HTML&mobileYn=,2026-09-19 21:38:17.286661,,,
245128,검인계약서상의 양도가액을 실지거래가액으로 인정할 수 없음,서울고등법원-2016-누-49961,2016-10-18,2016,10,4,,지방/기타,일반행정,,계약,law.go.kr,/DRF/lawService.do?OC=virtual.esq&target=prec&ID=245128&type=HTML&mobileYn=,2026-09-19 21:38:17.286661,,,
300392,기준시가 원칙일 때 허위 매매계약서를 제출하여 양도소득세 신고를 한 경우,대구고등법원-2016-누-4004,2016-10-14,2016,10,4,,지방/기타,일반행정,,계약,law.go.kr,/DRF/lawService.do?OC=virtual.esq&target=prec&ID=300392&type=HTML&mobileYn=,2026-09-19 21:38:17.286661,,,
241204,계약해제는 적법하며 후발적경정청구 사유에 해당함,대전고등법원-2015-누-10603,2016-10-13,2016,10,4,,지방/기타,일반행정,,계약,law.go.kr,/DRF/lawService.do?OC=virtual.esq&target=prec&ID=241204&type=HTML&mobileYn=,2026-09-19 21:38:17.286661,,,
278294,연금개시일 전 상속형즉시연금의 계약자를 변경하는 경우 증여재산가액은 계약자 변경일 현재 해지환급금으로 평가함이 타당함,대법원-2015-두-49535,2016-10-13,2016,10,4,,지방/기타,일반행정,,계약,law.go.kr,/DRF/lawService.do?OC=virtual.esq&target=prec&ID=278294&type=HTML&mobileYn=,2026-09-19 21:38:17.286661,,,
305962,이 사건 토지 지분에 관하여 체결한 증여계약이 사해행위에 해당하여 소유권 말소    등기절차를 이행하여야 하는지의 여부,수원지방법원-2015-나-40859,2016-10-11,2016,10,4,,지방/기타,민사,,계약,law.go.kr,/DRF/lawService.do?OC=virtual.esq&target=prec&ID=305962&type=HTML&mobileYn=,2026-09-19 21:38:17.286661,,,
299746,분양계약 해제는 후발적 경정청구사유가 됨,의정부지방법원-2015-구합-924,2016-10-11,2016,10,4,,지방/기타,일반행정,,계약,law.go.kr,/DRF/lawService.do?OC=virtual.esq&target=prec&ID=299746&type=HTML&mobileYn=,2026-09-19 21:38:17.286661,,,
188357,계약금반환,2015나104495,2016-10-07,2016,10,4,대전지방법원,지방/기타,민사,판결,계약,law.go.kr,/DRF/lawService.do?OC=virtual.esq&target=prec&ID=188357&type=HTML&mobileYn=,2026-09-19 21:38:17.286661,,,
300976,애초에 작성된 상가공급계약서 및 증인의 증언 등을 고려하면 중간지급조건부계약에 해당함,광주고등법원-2016-누-3412,2016-10-06,2016,10,4,,지방/기타,일반행정,,계약,law.go.kr,/DRF/lawService.do?OC=virtual.esq&target=prec&ID=300976&type=HTML&mobileYn=,2026-09-19 21:38:17.286661,,,
296860,(심리불속행) 기타소득의 귀속은 계약해제일이 속하는 날임,대법원-2016-두-44384,2016-09-30,2016,9,3,,지방/기타,일반행정,,계약,law.go.kr,/DRF/lawService.do?OC=virtual.esq&target=prec&ID=296860&type=HTML&mobileYn=,2026-09-19 21:38:17.286661,,,
298306,잔금 미지급으로 인한 주식양수계약의 해제(법원 강제조정결정에 의함)는 후발적 경정청구 사유에 해당함,서울행정법원-2015-구단-58914,2016-09-30,2016,9,3,,지방/기타,일반행정,,계약,law.go.kr,/DRF/lawService.do?OC=virtual.esq&target=prec&ID=298306&type=HTML&mobileYn=,2026-09-19 21:38:17.286661,,,
244496,(심리불속행) 토지거래허가가 나지 않은 상태에서 부동산이 제3자에게 소유권이전되는 경우 매매계약은 무효가 됨,대법원-2016-두-45981,2016-09-29,2016,9,3,,지방/기타,일반행정,,계약,law.go.kr,/DRF/lawService.do?OC=virtual.esq&target=prec&ID=244496&type=HTML&mobileYn=,2026-09-19 21:38:17.286661,,,
301936,(심리불속행) 부동산 증여 당시 증여자에게 의사능력이 없었다면 증여계약이 무효,대법원-2016-다-230256,2016-09-29,2016,9,3,,지방/기타,민사,,계약,law.go.kr,/DRF/lawService.do?OC=virtual.esq&target=prec&ID=301936&type=HTML&mobileYn=,2026-09-19 21:38:17.286661,,,
302112,사업용 자산을 포괄양수하였으나 계약이 취소된 경우 기공제받은 매입세액을 추징하는 것은 적법함,수원지방법원-2015-구합-64740,2016-09-28,2016,9,3,,지방/기타,일반행정,,계약,law.go.kr,/DRF/lawService.do?OC=virtual.esq&target=prec&ID=302112&type=HTML&mobileYn=,2026-09-19 21:38:17.286661,,,
240784,이 사건 매매계약의 효력이 소급하여 상실되었다면 양도소득세의 과세요건인 자산의 양도가 있다고 볼 수 없음,대법원-2016-두-42388,2016-09-28,2016,9,3,,지방/기타,일반행정,,계약,law.go.kr,/DRF/lawService.do?OC=virtual.esq&target=prec&ID=240784&type=HTML&mobileYn=,2026-09-19 21:38:17.286661,,,
240378,분양권이 실질양도가액을 매매계약서 등에 의하여 확인된 가액으로 하여 양도소득세를 과세한 처분은 적법한 것임,서울고등법원-2016-누-34662,2016-09-23,2016,9,3,,지방/기타,일반행정,,계약,law.go.kr,/DRF/lawService.do?OC=virtual.esq&target=prec&ID=240378&type=HTML&mobileYn=,2026-09-19 21:38:17.286661,,,
241374,"전문점 운영계약은 경영위탁계약에 해당하며, 쟁점금액은 임대료가 아닌 일종의 위약금에 해당하므로 부가가치세 과세대상이 아님",대법원-2016-두-39900,2016-09-23,2016,9,3,,지방/기타,일반행정,,계약,law.go.kr,/DRF/lawService.do?OC=virtual.esq&target=prec&ID=241374&type=HTML&mobileYn=,2026-09-19 21:38:17.286661,,,
245476,협의매매계약 이후 보상금을 지급한 경우 양도소득세 산정시기,서울고등법원-2016-누-32772,2016-09-22,2016,9,3,,지방/기타,일반행정,,계약,law.go.kr,/DRF/lawService.do?OC=virtual.esq&target=prec&ID=245476&type=HTML&mobileYn=,2026-09-19 21:38:17.286661,,,
244912,이 사건 대여금은 각 토지에 대한 매매계약서상 금액으로 보아야함.,서울고등법원-2016-누-47156,2016-09-13,2016,9,3,,지방/기타,일반행정,,계약,law.go.kr,/DRF/lawService.do?OC=virtual.esq&target=prec&ID=244912&type=HTML&mobileYn=,2026-09-19 21:38:17.286661,,,
205444,계약무효확인등,2016나10949,2016-09-09,2016,9,3,광주고등법원,고등법원,민사,판결,계약,law.go.kr,/DRF/lawService.do?OC=virtual.esq&target=prec&ID=205444&type=HTML&mobileYn=,2026-09-19 21:38:17.286661,,,
300350,(심리불속행) 이익분배비율이나 손해분담비율이 없어 동업계약으로 볼 수 없음,대법원-2016-두-42937,2016-09-08,2016,9,3,,지방/기타,일반행정,,계약,law.go.kr,/DRF/lawService.do?OC=virtual.esq&target=prec&ID=300350&type=HTML&mobileYn=,2026-09-19 21:38:17.286661,,,
308690,이 사건 아파트에 관하여 체결된 매매계약은 사해행위에 의한 계약으로 가액배상의    대상이 되는지의 여부,대법원-2016-다-229515,2016-09-08,2016,9,3,,지방/기타,민사,,계약,law.go.kr,/DRF/lawService.do?OC=virtual.esq&target=prec&ID=308690&type=HTML&mobileYn=,2026-09-19 21:38:17.286661,,,
310956,매매계약이 체결된 경우 매매예약완결권이 제척기간의 도과로 소멸되었다고 할 수 없음,의정부지방법원-2016-나-51973,2016-09-02,2016,9,3,,지방/기타,민사,,계약,law.go.kr,/DRF/lawService.do?OC=virtual.esq&target=prec&ID=310956&type=HTML&mobileYn=,2026-09-19 21:38:17.287659,,,
302004,매매계약이 합의해제 되었다면 매매계약의 효력은 상실되어 자산의 양도가 이루어지지 않는 것이 되므로 양도소득세가 부과될 수 없음,부산고등법원-2015-누-21759,2016-09-02,2016,9,3,,지방/기타,일반행정,,계약,law.go.kr,/DRF/lawService.do?OC=virtual.esq&target=prec&ID=302004&type=HTML&mobileYn=,2026-09-19 21:38:17.287659,,,
299096,명의신탁계약을 해지하고 반환하는 경우에도 증여세 신고기한 이후나 결정이후에 해지된 것이라면 명의신탁 증여의제 과세대상이 된다,부산고등법원-2015-누-21841,2016-09-02,2016,9,3,,지방/기타,일반행정,,계약,law.go.kr,/DRF/lawService.do?OC=virtual.esq&target=prec&ID=299096&type=HTML&mobileYn=,2026-09-19 21:38:17.287659,,,
310208,이 사건 증여계약은 사해행위에 해당함,서울남부지방법원-2016-가단-227704,2016-08-31,2016,8,3,,지방/기타,민사,,계약,law.go.kr,/DRF/lawService.do?OC=virtual.esq&target=prec&ID=310208&type=HTML&mobileYn=,2026-09-19 21:38:17.287659,,,
310538,체납자가 채무초과상태에서 자신의 형제인 피고와 매매예약 및 매매계약을 체결한 행위는 사해행위에 해당함,성남지원-2016-가단-212844,2016-08-26,2016,8,3,,지방/기타,민사,,계약,law.go.kr,/DRF/lawService.do?OC=virtual.esq&target=prec&ID=310538&type=HTML&mobileYn=,2026-09-19 21:38:17.287659,,,
311042,이중계약서 작성은 사기·기타부정한 행위인지 여부,서울행정법원-2015-구합-50054,2016-08-25,2016,8,3,,지방/기타,일반행정,,계약,law.go.kr,/DRF/lawService.do?OC=virtual.esq&target=prec&ID=311042&type=HTML&mobileYn=,2026-09-19 21:38:17.287659,,,
241182,이 사건 부동산에 대하여 이중계약에 의해 거래한 것으로 보인다,서울고등법원-2016-누-39391,2016-08-25,2016,8,3,,지방/기타,일반행정,,계약,law.go.kr,/DRF/lawService.do?OC=virtual.esq&target=prec&ID=241182&type=HTML&mobileYn=,2026-09-19 21:38:17.287659,,,
302360,사해행위계약의 취소와 원물반환을 구하는 청구취지 속에는 가액배상을 구하는 취지도 포함되어 있음,대법원-2016-다-20794,2016-08-25,2016,8,3,,지방/기타,민사,,계약,law.go.kr,/DRF/lawService.do?OC=virtual.esq&target=prec&ID=302360&type=HTML&mobileYn=,2026-09-19 21:38:17.287659,,,
299430,"체납자와 피고 사이에 이 사건 부동산에 관하여 체결된 증여계약은 사해행위에 해당하고, 이혼시 재산분할로 이루어진 것으로 볼 수 없음.",인천지방법원-2015-가단-249955,2016-08-24,2016,8,3,,지방/기타,민사,,계약,law.go.kr,/DRF/lawService.do?OC=virtual.esq&target=prec&ID=299430&type=HTML&mobileYn=,2026-09-19 21:38:17.287659,,,
296852,주식 현물출자 계약의 해제 여부,청주지방법원-2015-구합-11900,2016-08-18,2016,8,3,,지방/기타,일반행정,,계약,law.go.kr,/DRF/lawService.do?OC=virtual.esq&target=prec&ID=296852&type=HTML&mobileYn=,2026-09-19 21:38:17.287659,,,
245016,매매계약서상 기재가액을 실지취득가액으로 인정하고 철거한 쟁점건물의 취득가액 및 수리비를 필요경비로 공제하여야 한다는 청구주장,수원지방법원-2015-구단-3458,2016-08-17,2016,8,3,,지방/기타,일반행정,,계약,law.go.kr,/DRF/lawService.do?OC=virtual.esq&target=prec&ID=245016&type=HTML&mobileYn=,2026-09-19 21:38:17.288662,,,
300096,부동산임대차계약을 합의해지하면서 지급받은 이 사건 금액인 기타소득에 해당함.,의정부지방법원-2015-구합-1217,2016-08-16,2016,8,3,,지방/기타,일반행정,,계약,law.go.kr,/DRF/lawService.do?OC=virtual.esq&target=prec&ID=300096&type=HTML&mobileYn=,2026-09-19 21:38:17.288662,,,
298978,양도소득세의 과세요건인 ‘양도’는 자산이 유상으로 이전된 원인인 매매 등 계약이 법률상 유효할 것까지 요구하는 것은 아님,서울고등법원-2016-누-32796,2016-08-10,2016,8,3,,지방/기타,일반행정,,계약,law.go.kr,/DRF/lawService.do?OC=virtual.esq&target=prec&ID=298978&type=HTML&mobileYn=,2026-09-19 21:38:17.288662,,,
305068,(심리불속행)이 사건 매매는 사해행위에 해당하므로 피고의 매매계약은 취소되어야 함,대법원-2016-다-220020,2016-07-22,2016,7,3,,지방/기타,민사,,계약,law.go.kr,/DRF/lawService.do?OC=virtual.esq&target=prec&ID=305068&type=HTML&mobileYn=,2026-09-19 21:38:17.288662,,,
298286,(심리불속행)교환계약의 경우 시가감정을 하지 않으면 실지거래가액을 확인할 수 없음,대법원-2016-두-36949,2016-07-22,2016,7,3,,지방/기타,일반행정,,계약,law.go.kr,/DRF/lawService.do?OC=virtual.esq&target=prec&ID=298286&type=HTML&mobileYn=,2026-09-19 21:38:17.288662,,,
241422,허위 부동산매매계약서를 작성하는 방법으로 양도소득세 신고를 한 것은 사기 기타 부정한 행위에 해당하고 부과제척기간은 10년임,부산지방법원-2016-구합-316,2016-07-22,2016,7,3,,지방/기타,일반행정,,계약,law.go.kr,/DRF/lawService.do?OC=virtual.esq&target=prec&ID=241422&type=HTML&mobileYn=,2026-09-19 21:38:17.288662,,,
300146,이 사건 증여계약은 사해행위에 해당함,서울서부지방법원-2015-가단-244824,2016-07-21,2016,7,3,,지방/기타,민사,,계약,law.go.kr,/DRF/lawService.do?OC=virtual.esq&target=prec&ID=300146&type=HTML&mobileYn=,2026-09-19 21:38:17.288662,,,
299242,계약금 반환명목으로 지금한 금원은 소비대차약정서에 기한 권리로 인정하기 어렵다,서울고등법원-2015-누-67757,2016-07-20,2016,7,3,,지방/기타,일반행정,,계약,law.go.kr,/DRF/lawService.do?OC=virtual.esq&target=prec&ID=299242&type=HTML&mobileYn=,2026-09-19 21:38:17.288662,,,
245350,"계약의 해제로 인한 법정이자는 위약금과 배상금으로서의 기타소득에 포함될 수 없고, 금전사용에 따른 대가로서의 성격을 가지고 있지 아니함",서울행정법원-2016-구합-51634,2016-07-15,2016,7,3,,지방/기타,일반행정,,계약,law.go.kr,/DRF/lawService.do?OC=virtual.esq&target=prec&ID=245350&type=HTML&mobileYn=,2026-09-19 21:38:17.288662,,,
274628,유일한 재산인 아파트에 관하여 사위와 매매계약을 체결한 행위는 사해행위임,광주지방법원-2016-가단-508077,2016-07-14,2016,7,3,,지방/기타,민사,,계약,law.go.kr,/DRF/lawService.do?OC=virtual.esq&target=prec&ID=274628&type=HTML&mobileYn=,2026-09-19 21:38:17.288662,,,
300758,양도담로 제공된 주식을 회수하고 새로운 양도담보계약 체결하는 것은 사해행위라고 볼 수 없다.,의정부지방법원-2015-가합-50054,2016-07-14,2016,7,3,,지방/기타,민사,,계약,law.go.kr,/DRF/lawService.do?OC=virtual.esq&target=prec&ID=300758&type=HTML&mobileYn=,2026-09-19 21:38:17.288662,,,
324220,"영화감독 또는 영화제작업 업종의 구별은 계약내용, 업무수행내역, 경비지출, 회계  처리 등을 종합하여 합목적적으로 판단하여야 함",서울행정법원-2015-구합-75336,2016-07-14,2016,7,3,,지방/기타,일반행정,,계약,law.go.kr,/DRF/lawService.do?OC=virtual.esq&target=prec&ID=324220&type=HTML&mobileYn=,2026-09-19 21:38:17.288662,,,
279684,"확인서, 위임계약서, 수사자료 등을 근거로 한 처분은 근거과세원칙에 위반되지 아니함",서울고등법원-2015-누-45078,2016-07-14,2016,7,3,,지방/기타,일반행정,,계약,law.go.kr,/DRF/lawService.do?OC=virtual.esq&target=prec&ID=279684&type=HTML&mobileYn=,2026-09-19 21:38:17.288662,,,
282320,(심리불속행) 먼저 체결된 매매계약의 해제 대가인 위약금은 양도가액에서 제외되거나 필요경비로 처리 될 성질의 것이 아님,대법원-2016-두-37935,2016-07-14,2016,7,3,,지방/기타,일반행정,,계약,law.go.kr,/DRF/lawService.do?OC=virtual.esq&target=prec&ID=282320&type=HTML&mobileYn=,2026-09-19 21:38:17.288662,,,
275880,불완전한 명의신탁계약서 만으로 명의신탁자를 원고로 단정하는 것은 국기법상 실질과세 원칙에 어긋남,서울행정법원-2015-구단-12383,2016-07-08,2016,7,3,,지방/기타,일반행정,,계약,law.go.kr,/DRF/lawService.do?OC=virtual.esq&target=prec&ID=275880&type=HTML&mobileYn=,2026-09-19 21:38:17.288662,,,
301232,(심리불속행)도급계약서를 작성하고 자기의 계산과 책임하에 공사를 수행하였다면 부가가치세법상 사업자에 해당함,대법원-2016-두-37683,2016-07-07,2016,7,3,,지방/기타,일반행정,,계약,law.go.kr,/DRF/lawService.do?OC=virtual.esq&target=prec&ID=301232&type=HTML&mobileYn=,2026-09-19 21:38:17.288662,,,
298482,아파트 분양의 계약해제는 후발적 경정청구 사유에 해당됨.,대구고등법원-2015-누-7419,2016-06-24,2016,6,2,,지방/기타,일반행정,,계약,law.go.kr,/DRF/lawService.do?OC=virtual.esq&target=prec&ID=298482&type=HTML&mobileYn=,2026-09-19 21:38:17.288662,,,
301620,양도 실거래가액을 판단할 수 있는 계약서,서울고등법원-2015-누-61063,2016-06-24,2016,6,2,,지방/기타,일반행정,,계약,law.go.kr,/DRF/lawService.do?OC=virtual.esq&target=prec&ID=301620&type=HTML&mobileYn=,2026-09-19 21:38:17.288662,,,
182982,매매계약원인무효로인한소유권이전등기말소,2015다13171,2016-06-23,2016,6,2,대법원,대법원,민사,판결,계약,law.go.kr,/DRF/lawService.do?OC=virtual.esq&target=prec&ID=182982&type=HTML&mobileYn=,2026-09-19 21:38:17.288662,,,
333022,"양도양수계약서상 양수자와 실제 사업양수주체가 다르다면, 합병예정 등의 사유만으로 사업의 양도로 볼 수 없음",서울고등법원(춘천)-2015-누-986,2016-06-13,2016,6,2,,지방/기타,일반행정,,계약,law.go.kr,/DRF/lawService.do?OC=virtual.esq&target=prec&ID=333022&type=HTML&mobileYn=,2026-09-19 21:38:17.288662,,,
241496,채무자와 제3채무자가 합리적 이유 없이 채권의 소멸만을 목적으로 계약관계를 합의해제한 것으로는 압류권자에게 대항할 수 없음,서울서부지방법원-2016-나-31026,2016-06-10,2016,6,2,,지방/기타,민사,,계약,law.go.kr,/DRF/lawService.do?OC=virtual.esq&target=prec&ID=241496&type=HTML&mobileYn=,2026-09-19 21:38:17.288662,,,
277144,이 사건 계약서로 이 사건 주식을 증여받았다고 볼 수 없음,서울행정법원-2015-구합-70119,2016-06-10,2016,6,2,,지방/기타,일반행정,,계약,law.go.kr,/DRF/lawService.do?OC=virtual.esq&target=prec&ID=277144&type=HTML&mobileYn=,2026-09-19 21:38:17.288662,,,
325128,계약 해제로 인한 몰취위약금의 성질,서울행정법원-2015-구합-8794,2016-06-10,2016,6,2,,지방/기타,일반행정,,계약,law.go.kr,/DRF/lawService.do?OC=virtual.esq&target=prec&ID=325128&type=HTML&mobileYn=,2026-09-19 21:38:17.288662,,,
182589,계약금반환청구의소,2015다222722,2016-06-09,2016,6,2,대법원,대법원,민사,판결,계약,law.go.kr,/DRF/lawService.do?OC=virtual.esq&target=prec&ID=182589&type=HTML&mobileYn=,2026-09-19 21:38:17.288662,,,
278514,기타소득의 귀속은 계약해제일이 속하는 날임,서울고등법원-2015-누-57712,2016-06-03,2016,6,2,,지방/기타,일반행정,,계약,law.go.kr,/DRF/lawService.do?OC=virtual.esq&target=prec&ID=278514&type=HTML&mobileYn=,2026-09-19 21:38:17.288662,,,
310578,친인척간의 매매계약이 채권자를 해하는 사해행위에 해당하고 그 사실을 알고 있었는지의 여부,의정부지방법원-2015-가단-116292,2016-06-02,2016,6,2,,지방/기타,민사,,계약,law.go.kr,/DRF/lawService.do?OC=virtual.esq&target=prec&ID=310578&type=HTML&mobileYn=,2026-09-19 21:38:17.288662,,,
278638,(1심 판결과 같음) 이익분배비율이나 손해분담비율이 없어 동업계약으로 볼 수 없음,서울고등법원-2015-누-57828,2016-06-01,2016,6,2,,지방/기타,일반행정,,계약,law.go.kr,/DRF/lawService.do?OC=virtual.esq&target=prec&ID=278638&type=HTML&mobileYn=,2026-09-19 21:38:17.288662,,,
241134,분양계약이 해제된 경우 개정 시행령에 의한 처분이 응능부담의 원칙 및 소급과세금지의 원칙에 위배되는지 여부,의정부지방법원-2015-구합-9556,2016-05-31,2016,5,2,,지방/기타,일반행정,,계약,law.go.kr,/DRF/lawService.do?OC=virtual.esq&target=prec&ID=241134&type=HTML&mobileYn=,2026-09-19 21:38:17.288662,,,
298490,검인계약서상의 양도가액을 실지거래가액으로 인정할 수 없음,서울행정법원-2013-구단-11027,2016-05-30,2016,5,2,,지방/기타,일반행정,,계약,law.go.kr,/DRF/lawService.do?OC=virtual.esq&target=prec&ID=298490&type=HTML&mobileYn=,2026-09-19 21:38:17.288662,,,
274884,분양계약이 해제된 경우 해제일이 속하는 사업연도가 아닌 당초 분양계약 체결일이 속하는 사업연도의 손익으로 인식해야 함,서울행정법원-2013-구합-21472,2016-05-27,2016,5,2,,지방/기타,일반행정,,계약,law.go.kr,/DRF/lawService.do?OC=virtual.esq&target=prec&ID=274884&type=HTML&mobileYn=,2026-09-19 21:38:17.288662,,,
274734,이면합의서 및 추심계약 문언상 원고가 자산을 양도하는 부분은 통정허위표시에 의한 것으로서 민법 제108조에 따라 무효라고 봄이 상당함,서울행정법원-2015-구합-74029,2016-05-27,2016,5,2,,지방/기타,일반행정,,계약,law.go.kr,/DRF/lawService.do?OC=virtual.esq&target=prec&ID=274734&type=HTML&mobileYn=,2026-09-19 21:38:17.288662,,,
301800,소외 체납자인 임&#12295;&#12295;과 피고의 부동산에 관한 증여계약 취소,의정부지방법원-2015-가단-121966,2016-05-27,2016,5,2,,지방/기타,민사,,계약,law.go.kr,/DRF/lawService.do?OC=virtual.esq&target=prec&ID=301800&type=HTML&mobileYn=,2026-09-19 21:38:17.288662,,,
308646,부동산 증여 당시 증여자에게 의사능력이 없었다면 증여계약이 무효임,서울고등법원-2015-나-2056428,2016-05-26,2016,5,2,,지방/기타,민사,,계약,law.go.kr,/DRF/lawService.do?OC=virtual.esq&target=prec&ID=308646&type=HTML&mobileYn=,2026-09-19 21:38:17.288662,,,
300138,이 사건 매매계약은 그 효력이 소급하여 상실되어 자산의 양도로 볼 수 없는지 여부,부산고등법원-2015-누-23557,2016-05-25,2016,5,2,,지방/기타,일반행정,,계약,law.go.kr,/DRF/lawService.do?OC=virtual.esq&target=prec&ID=300138&type=HTML&mobileYn=,2026-09-19 21:38:17.288662,,,
197633,이주택지분양권매매계약무효확인·분양자명의변경절차이행청구등,2016나50108,2016-05-25,2016,5,2,부산고등법원,고등법원,민사,판결,계약,law.go.kr,/DRF/lawService.do?OC=virtual.esq&target=prec&ID=197633&type=HTML&mobileYn=,2026-09-19 21:38:17.288662,,,
297970,아파트를 증여받고 생활비지급계약서를 작성하였으나 이는 아파트의 매매계약이 아니라 부담부증여계약이므로 과세처분은 적법한 것임,수원지방법원-2015-구합-1961,2016-05-13,2016,5,2,,지방/기타,일반행정,,계약,law.go.kr,/DRF/lawService.do?OC=virtual.esq&target=prec&ID=297970&type=HTML&mobileYn=,2026-09-19 21:38:17.288662,,,
282176,(심리불속행) 부동산거래계약신고서를 제출하여 신고필증에 기재된 금액이 양도가액으로 추정됨,대법원-2016-두-33490,2016-05-12,2016,5,2,,지방/기타,일반행정,,계약,law.go.kr,/DRF/lawService.do?OC=virtual.esq&target=prec&ID=282176&type=HTML&mobileYn=,2026-09-19 21:38:17.288662,,,
242080,(심리불속행) 매매계약해제시 손해배상규정이 있는 경우 위약벌 조항에 해당,대법원-2016-두-33728,2016-05-12,2016,5,2,,지방/기타,일반행정,,계약,law.go.kr,/DRF/lawService.do?OC=virtual.esq&target=prec&ID=242080&type=HTML&mobileYn=,2026-09-19 21:38:17.288662,,,
298336,이 사건 대여금은 각 토지에 대한 매매계약서상 금액으로 보아야함.,수원지방법원-2015-구합-64719,2016-05-11,2016,5,2,,지방/기타,일반행정,,계약,law.go.kr,/DRF/lawService.do?OC=virtual.esq&target=prec&ID=298336&type=HTML&mobileYn=,2026-09-19 21:38:17.288662,,,
239936,체납자 000와 피고 사이에 체결된 증여계약이 사해행위에 해당하는지 여부,김천지원-2016-가단-30230,2016-05-02,2016,5,2,,지방/기타,민사,,계약,law.go.kr,/DRF/lawService.do?OC=virtual.esq&target=prec&ID=239936&type=HTML&mobileYn=,2026-09-19 21:38:17.288662,,,
299428,신용보증 계약에 따라 보증채무 총액을 지급한 경우 특별한 약정에 의하여 지급한 것으로 보아야 함,대법원-2015-두-60792,2016-04-29,2016,4,2,,지방/기타,일반행정,,계약,law.go.kr,/DRF/lawService.do?OC=virtual.esq&target=prec&ID=299428&type=HTML&mobileYn=,2026-09-19 21:38:17.288662,,,
277992,(심리불속행) 매매계약한 토지에 대하여 합의해제 하였으나 사실상 소유한 것으로 보아 미등기양도자산에서 제외되는 자산으로 볼 수 없음,대법원-2016-두-32107,2016-04-28,2016,4,2,,지방/기타,일반행정,,계약,law.go.kr,/DRF/lawService.do?OC=virtual.esq&target=prec&ID=277992&type=HTML&mobileYn=,2026-09-19 21:38:17.288662,,,
297974,중개업자가 원고를 대리할 권한이 없으므로 매수인이 제출한 계약서는 원고에게 효력이 없음,대전고등법원-2015-누-12265,2016-04-28,2016,4,2,,지방/기타,일반행정,,계약,law.go.kr,/DRF/lawService.do?OC=virtual.esq&target=prec&ID=297974&type=HTML&mobileYn=,2026-09-19 21:38:17.288662,,,
301042,전문점운영계약에 따라 원고에게 제공하는 용역의 대가로 약정한 것이 종합원가에서 쟁점금액을 공제한 부분이라고 보기는 어려움,서울고등법원-2015-누-54195,2016-04-27,2016,4,2,,지방/기타,일반행정,,계약,law.go.kr,/DRF/lawService.do?OC=virtual.esq&target=prec&ID=301042&type=HTML&mobileYn=,2026-09-19 21:38:17.288662,,,
240874,동업계약 파기 후 실제 운영에 대한 약정이 없으므로 당초 사업자가 계속 운영한 것임,대구지방법원-2016-구합-20090,2016-04-19,2016,4,2,,지방/기타,일반행정,,계약,law.go.kr,/DRF/lawService.do?OC=virtual.esq&target=prec&ID=240874&type=HTML&mobileYn=,2026-09-19 21:38:17.288662,,,
422566,신탁계약 체결 이후 개정법을 적용한 재산세 부과의 위법 여부,2016두33957,2016-04-15,2016,4,2,대법원,대법원,일반행정,처분청승소,계약,law.go.kr,/DRF/lawService.do?OC=virtual.esq&target=prec&ID=422566&type=HTML&mobileYn=,2026-09-19 21:38:17.288662,,,
310112,회원권매매계약 당시 체납자는 채무초과상태에 있었으므로 사해행위에 해당함,서울동부지방법원-2015-가단-131858,2016-04-08,2016,4,2,,지방/기타,민사,,계약,law.go.kr,/DRF/lawService.do?OC=virtual.esq&target=prec&ID=310112&type=HTML&mobileYn=,2026-09-19 21:38:17.288662,,,
296696,도급계약서를 작성하고 자기의 계산과 책임하에 공사를 수행하였다면 부가가치세법상 사업자에 해당함,서울고등법원-2015-누-63014,2016-04-06,2016,4,2,,지방/기타,일반행정,,계약,law.go.kr,/DRF/lawService.do?OC=virtual.esq&target=prec&ID=296696&type=HTML&mobileYn=,2026-09-19 21:38:17.288662,,,
279316,선양수인이 지급한 계약금 등을 후양수인이 반환한 것은 채권양수도 계약의 일부로 지급된 금원으로 사례금으로 볼 수 없음,서울고등법원-2015-누-56399,2016-04-06,2016,4,2,,지방/기타,일반행정,,계약,law.go.kr,/DRF/lawService.do?OC=virtual.esq&target=prec&ID=279316&type=HTML&mobileYn=,2026-09-19 21:38:17.288662,,,
181692,손해배상(기)(국제항공운송계약에 몬트리올 협약이 적용되는지 여부가 쟁점이 된 사건),2013다81514,2016-03-24,2016,3,1,대법원,대법원,민사,판결,계약,law.go.kr,/DRF/lawService.do?OC=virtual.esq&target=prec&ID=181692&type=HTML&mobileYn=,2026-09-19 21:38:17.289671,,,
422560,무상귀속계약이 체결되지 아니한 학교용지의 재산세 면제대상 여부,2015두56236,2016-03-24,2016,3,1,대법원,대법원,일반행정,처분청패소,계약,law.go.kr,/DRF/lawService.do?OC=virtual.esq&target=prec&ID=422560&type=HTML&mobileYn=,2026-09-19 21:38:17.289671,,,
240886,(심리불속행) 매매계약이 소급하여 소멸된 경우의 주식의 양도 부과처분 적법여부,대법원-2015-두-59358,2016-03-24,2016,3,1,,지방/기타,일반행정,,계약,law.go.kr,/DRF/lawService.do?OC=virtual.esq&target=prec&ID=240886&type=HTML&mobileYn=,2026-09-19 21:38:17.289671,,,
240644,이 사건 계약은 실지거래가액을 확인할 수 없는 경우에 해당되어 기준시가를 취득가액으로 인정되어야 한다,서울고등법원-2015-누-40028,2016-03-24,2016,3,1,,지방/기타,일반행정,,계약,law.go.kr,/DRF/lawService.do?OC=virtual.esq&target=prec&ID=240644&type=HTML&mobileYn=,2026-09-19 21:38:17.289671,,,
299684,"부당행위계산의 해당여부를 결정하는 기준시기는 매매계약체결일이고, 그에 따른 양도차익을 계산하는 기준시기는 양도시기에 관한 일반원칙이 적용됨",서울행정법원-2015-구단-14662,2016-03-18,2016,3,1,,지방/기타,일반행정,,계약,law.go.kr,/DRF/lawService.do?OC=virtual.esq&target=prec&ID=299684&type=HTML&mobileYn=,2026-09-19 21:38:17.289671,,,
422542,신탁계약 체결 이후 개정법을 적용한 재산세 부과의 위법 여부,2015두58539,2016-03-10,2016,3,1,대법원,대법원,일반행정,처분청승소,계약,law.go.kr,/DRF/lawService.do?OC=virtual.esq&target=prec&ID=422542&type=HTML&mobileYn=,2026-09-19 21:38:17.289671,,,
333102,양도소득세 신고시 허위계약서를 제출한 행위를 종합소득세에 대한 사기 기타 부정한 행위로 볼 수 있는지 여부,대법원-2015-두-57628,2016-03-10,2016,3,1,,지방/기타,일반행정,,계약,law.go.kr,/DRF/lawService.do?OC=virtual.esq&target=prec&ID=333102&type=HTML&mobileYn=,2026-09-19 21:38:17.289671,,,
300496,"신고기한 내에 증여계약을 합의 해제하였으므로, 증여 재산이 증여세 신고기한 내에 반환된 경우에 해당함",서울행정법원-2015-구합-76681,2016-03-04,2016,3,1,,지방/기타,일반행정,,계약,law.go.kr,/DRF/lawService.do?OC=virtual.esq&target=prec&ID=300496&type=HTML&mobileYn=,2026-09-19 21:38:17.289671,,,
275280,"카지노업체가 고객모집 에이전트와 계약한 것은 공동사업이 아니라 용역의 제공이며, 금원 중 롤링수수료는 용역의 대가로 볼 수 없다.",대법원-2015-두-52913,2016-02-18,2016,2,1,,지방/기타,일반행정,,계약,law.go.kr,/DRF/lawService.do?OC=virtual.esq&target=prec&ID=275280&type=HTML&mobileYn=,2026-09-19 21:38:17.289671,,,
298118,납세의무 성립일 이후 체결된 부동산에 대한 증여계약은 사해행위에 해당함.,광주지방법원-2015-가단-528869,2016-02-17,2016,2,1,,지방/기타,민사,,계약,law.go.kr,/DRF/lawService.do?OC=virtual.esq&target=prec&ID=298118&type=HTML&mobileYn=,2026-09-19 21:38:17.289671,,,
300180,종중이 김CC과의 명의신탁계약을 해지한 후 위 원고들에게 재차 명의신탁한 것으로 증여세 경정청구를 거부한 것은 위법함,수원지방법원-2015-구합-63679,2016-02-16,2016,2,1,,지방/기타,일반행정,,계약,law.go.kr,/DRF/lawService.do?OC=virtual.esq&target=prec&ID=300180&type=HTML&mobileYn=,2026-09-19 21:38:17.289671,,,
299698,명의신탁한 부동산 양도에 대한 납세의무자 및 허위 매매계약서 작성 행위가 ‘사기 기타 부정한 행위’에 해당되는지 여부,서울행정법원-2014-구합-64599,2016-01-29,2016,1,1,,지방/기타,일반행정,,계약,law.go.kr,/DRF/lawService.do?OC=virtual.esq&target=prec&ID=299698&type=HTML&mobileYn=,2026-09-19 21:38:17.289671,,,
300464,매매계약에서 검인계약서의 진정추정력,서울행정법원-2014-구단-54311,2016-01-29,2016,1,1,,지방/기타,일반행정,,계약,law.go.kr,/DRF/lawService.do?OC=virtual.esq&target=prec&ID=300464&type=HTML&mobileYn=,2026-09-19 21:38:17.289671,,,
209254,진료비[연명치료 중단과 기존 의료계약의 존속 여부],2015다9769,2016-01-28,2016,1,1,대법원,대법원,민사,판결,계약,law.go.kr,/DRF/lawService.do?OC=virtual.esq&target=prec&ID=209254&type=HTML&mobileYn=,2026-09-19 21:38:17.289671,,,
274382,애초에 작성된 상가공급계약서 및 증인의 증언 등을 고려하면 중간지급조건부계약에 해당함,광주지방법원-2015-구합-12090,2016-01-28,2016,1,1,,지방/기타,일반행정,,계약,law.go.kr,/DRF/lawService.do?OC=virtual.esq&target=prec&ID=274382&type=HTML&mobileYn=,2026-09-19 21:38:17.289671,,,
272280,(심리불속행) 대한민국의 납세담보제공계약을 원인으로 하는 근저당설정등기는 적법함,대법원-2015-다-245619,2016-01-28,2016,1,1,,지방/기타,민사,,계약,law.go.kr,/DRF/lawService.do?OC=virtual.esq&target=prec&ID=272280&type=HTML&mobileYn=,2026-09-19 21:38:17.289671,,,
310218,우선 변제할 의도로 근저당부 피담보채권을 별도의 매매계약에서 나온 매매대금채권과 상계하기로 하는 것은 사해행위에 해당함,여주지원-2014-가단-33644,2016-01-28,2016,1,1,,지방/기타,민사,,계약,law.go.kr,/DRF/lawService.do?OC=virtual.esq&target=prec&ID=310218&type=HTML&mobileYn=,2026-09-19 21:38:17.289671,,,
422624,취득신고한 계약서 이외 원계약서를 제출한 경우 취득일 소급 여부,2015두54773,2016-01-28,2016,1,1,대법원,대법원,일반행정,처분청패소,계약,law.go.kr,/DRF/lawService.do?OC=virtual.esq&target=prec&ID=422624&type=HTML&mobileYn=,2026-09-19 21:38:17.289671,,,
333972,투자계약을 무효화하고 돈을 지급하기로 한 것은 전보배상약정에 해당하여 ‘비영업대금의 이익’이 아닌 ‘기타소득에 해당한다.,인천지방법원-2015-구합-50843,2016-01-28,2016,1,1,,지방/기타,일반행정,,계약,law.go.kr,/DRF/lawService.do?OC=virtual.esq&target=prec&ID=333972&type=HTML&mobileYn=,2026-09-19 21:38:17.289671,,,
205502,계약무효확인등,2014가합58056,2016-01-28,2016,1,1,광주지방법원,지방/기타,민사,판결,계약,law.go.kr,/DRF/lawService.do?OC=virtual.esq&target=prec&ID=205502&type=HTML&mobileYn=,2026-09-19 21:38:17.289671,,,
296950,체납자인 임대인과 임차인의 임대차 계약은 우선변제권이 인정되는 진정임차인에 해당됨,의정부지방법원-2015-나-55695,2016-01-28,2016,1,1,,지방/기타,민사,,계약,law.go.kr,/DRF/lawService.do?OC=virtual.esq&target=prec&ID=296950&type=HTML&mobileYn=,2026-09-19 21:38:17.289671,,,
276352,원고가 매매계약서를 다시 작성하는 방법으로 양도소득세를 포탈하여 10년의 부과제척기간을 적용하여야하는지 여부,인천지방법원-2015-구단-50549,2016-01-26,2016,1,1,,지방/기타,일반행정,,계약,law.go.kr,/DRF/lawService.do?OC=virtual.esq&target=prec&ID=276352&type=HTML&mobileYn=,2026-09-19 21:38:17.289671,,,
271956,매매사례로 적용된 검인계약서상 취득가액이 소득세법상 기준시가와 소급감정가액과 현저한 차이를 보인다면 매매사례로 적용될 수 없음,서울고등법원-2014-누-56408,2016-01-22,2016,1,1,,지방/기타,일반행정,,계약,law.go.kr,/DRF/lawService.do?OC=virtual.esq&target=prec&ID=271956&type=HTML&mobileYn=,2026-09-19 21:38:17.289671,,,
280430,이 사건 검인계약서의 매매가액이 매매사례가에 해당하는지 여부,서울고등법원-2015-누-35149,2016-01-22,2016,1,1,,지방/기타,일반행정,,계약,law.go.kr,/DRF/lawService.do?OC=virtual.esq&target=prec&ID=280430&type=HTML&mobileYn=,2026-09-19 21:38:17.289671,,,
333260,매수계약 해제에 따른 위약금 약정의 성격이 손해배상의 예정인지 위약벌인지 여부,서울고등법원-2015-누-36241,2016-01-22,2016,1,1,,지방/기타,일반행정,,계약,law.go.kr,/DRF/lawService.do?OC=virtual.esq&target=prec&ID=333260&type=HTML&mobileYn=,2026-09-19 21:38:17.289671,,,
275726,사해행위계약의 취소와 원물반환을 구하는 청구취지 속에는 가액배상을 구하는 취지도 포함되어 있음,서울고등법원-2015-나-7789,2016-01-21,2016,1,1,,지방/기타,민사,,계약,law.go.kr,/DRF/lawService.do?OC=virtual.esq&target=prec&ID=275726&type=HTML&mobileYn=,2026-09-19 21:38:17.289671,,,
299730,부동산거래계약신고서를 제출하여 신고필증에 기재된 금액이 양도가액으로 추정됨,대전고등법원-2015-누-12784,2016-01-21,2016,1,1,,지방/기타,일반행정,,계약,law.go.kr,/DRF/lawService.do?OC=virtual.esq&target=prec&ID=299730&type=HTML&mobileYn=,2026-09-19 21:38:17.289671,,,
300574,이행지체를 원인으로 한 계약해제권 행사는 적법함,수원지방법원-2015-구합-62218,2016-01-20,2016,1,1,,지방/기타,일반행정,,계약,law.go.kr,/DRF/lawService.do?OC=virtual.esq&target=prec&ID=300574&type=HTML&mobileYn=,2026-09-19 21:38:17.289671,,,
240668,계약이 해제된 경우 양수도 거래는 경정청구 대상에 해당함.,수원지방법원-2014-구합-58281,2016-01-18,2016,1,1,,지방/기타,일반행정,,계약,law.go.kr,/DRF/lawService.do?OC=virtual.esq&target=prec&ID=240668&type=HTML&mobileYn=,2026-09-19 21:38:17.289671,,,
299964,분양권이 실질양도가액을 매매계약서 등에 의하여 확인된 가액으로 하여 양도소득세를 과세한 처분은 적법한 것임,수원지방법원-2014-구단-2489,2016-01-15,2016,1,1,,지방/기타,일반행정,,계약,law.go.kr,/DRF/lawService.do?OC=virtual.esq&target=prec&ID=299964&type=HTML&mobileYn=,2026-09-19 21:38:17.289671,,,
239960,이 사건 매매계약이 해제된 이상 양도소득을 전제로 한 이 사건 처분은 위법함,서울행정법원-2014-구합-66588,2016-01-15,2016,1,1,,지방/기타,일반행정,,계약,law.go.kr,/DRF/lawService.do?OC=virtual.esq&target=prec&ID=239960&type=HTML&mobileYn=,2026-09-19 21:38:17.289671,,,
310778,양도소득세 법정기일 직전 체결된 근저당권 설정계약의 통정허위표시 여부,청주지방법원-2015-나-11688,2016-01-14,2016,1,1,,지방/기타,민사,,계약,law.go.kr,/DRF/lawService.do?OC=virtual.esq&target=prec&ID=310778&type=HTML&mobileYn=,2026-09-19 21:38:17.289671,,,
298260,매매계약한 토지에 대하여 합의해제 하였으나 사실상 소유한 것으로 보아 미등기양도자산에서 제외되는 자산으로 볼 수 없음.,광주고등법원-2015-누-5824,2016-01-13,2016,1,1,,지방/기타,일반행정,,계약,law.go.kr,/DRF/lawService.do?OC=virtual.esq&target=prec&ID=298260&type=HTML&mobileYn=,2026-09-19 21:38:17.289671,,,
301858,이 사건 채권양도계약의 체결은 사해행위에 해당하지 않음,수원지방법원-2014-가합-72312,2016-01-12,2016,1,1,,지방/기타,민사,,계약,law.go.kr,/DRF/lawService.do?OC=virtual.esq&target=prec&ID=301858&type=HTML&mobileYn=,2026-09-19 21:38:17.289671,,,
240932,"이 사건 토지 매매계약일을 계약일로 보아야 하고, 원고가 지급받지 못한 매매대금은 채권이 회수불능 되어 실현 가능성이 없다고 보기 어려움",수원지방법원-2014-구합-57363,2016-01-12,2016,1,1,,지방/기타,일반행정,,계약,law.go.kr,/DRF/lawService.do?OC=virtual.esq&target=prec&ID=240932&type=HTML&mobileYn=,2026-09-19 21:38:17.289671,,,
301860,이 사건 매매계약은 가액배상에 의하여 취소되어야 함,대전지방법원-2015-나-105818,2016-01-08,2016,1,1,,지방/기타,민사,,계약,law.go.kr,/DRF/lawService.do?OC=virtual.esq&target=prec&ID=301860&type=HTML&mobileYn=,2026-09-19 21:38:17.289671,,,
301812,압류 대상인 채권의 소멸만을 목적으로 한 임대차계약 해지는 압류권자에게 대항할 수 없음,서울서부지방법원-2015-가단-206822,2016-01-08,2016,1,1,,지방/기타,민사,,계약,law.go.kr,/DRF/lawService.do?OC=virtual.esq&target=prec&ID=301812&type=HTML&mobileYn=,2026-09-19 21:38:17.289671,,,
613791,학교법인의 양도대가를 수령하면서 이중계약서를 작성한 것은 사기등 그 밖의 부정한 행위로 국세를 포탈한 경우로써 부과제척기간 10년이 적용됨,수원지방법원-2023-구합-64530,2025-10-23,2025,10,4,,지방/기타,일반행정,,계약,law.go.kr,/DRF/lawService.do?OC=virtual.esq&target=prec&ID=613791&type=HTML&mobileYn=,2026-09-19 21:38:17.290665,,,
615517,이 사건 부동산 증여계약은 사해행위에 해당함,남양주지원-2024-가단-44805,2025-10-23,2025,10,4,,지방/기타,일반행정,,계약,law.go.kr,/DRF/lawService.do?OC=virtual.esq&target=prec&ID=615517&type=HTML&mobileYn=,2026-09-19 21:38:17.290665,,,
617755,계약의 해제를 통해 지급받은 위약금 및 차임이 과세대상인지 여부,서울중앙지방법원-2024-가단-5471673,2025-10-22,2025,10,4,,지방/기타,민사,,계약,law.go.kr,/DRF/lawService.do?OC=virtual.esq&target=prec&ID=617755&type=HTML&mobileYn=,2026-09-19 21:38:17.290665,,,
613619,"이 사건 각 이전계약은 실질적인 위탁자 지위의 이전 없이 형식적으로만 위탁자 지위를 이전한 가장행위에 해당하므로, 최초 위탁자인 원고가 종부세 납세의무자에 해당함",강릉지원-2023-구합-30124,2025-10-22,2025,10,4,,지방/기타,일반행정,,계약,law.go.kr,/DRF/lawService.do?OC=virtual.esq&target=prec&ID=613619&type=HTML&mobileYn=,2026-09-19 21:38:17.290665,,,
613481,이 사건 증여계약은 사해행위에 해당함,수원고등법원-2024-나-22647,2025-10-16,2025,10,4,,지방/기타,민사,,계약,law.go.kr,/DRF/lawService.do?OC=virtual.esq&target=prec&ID=613481&type=HTML&mobileYn=,2026-09-19 21:38:17.290665,,,
617687,토지 임대 후 임차인이 건설한 건물은 임대차계약의 내용 및 이후 철거 경위를 살펴볼 때 토지 임대인에게 귀속되는 것임,서울고등법원2024누48680,2025-10-16,2025,10,4,,지방/기타,일반행정,,계약,law.go.kr,/DRF/lawService.do?OC=virtual.esq&target=prec&ID=617687&type=HTML&mobileYn=,2026-09-19 21:38:17.290665,,,
612523,특별한 사정이 없는 한 매매계약서에 기재된 대로 매매대금이 인정되어야 함,서울고등법원-2025-누-6808,2025-10-15,2025,10,4,,지방/기타,일반행정,,계약,law.go.kr,/DRF/lawService.do?OC=virtual.esq&target=prec&ID=612523&type=HTML&mobileYn=,2026-09-19 21:38:17.290665,,,
614147,이 사건 계약은 사해행위에  해당함,서울서부지방법원-2025-가단-9836,2025-10-15,2025,10,4,,지방/기타,민사,,계약,law.go.kr,/DRF/lawService.do?OC=virtual.esq&target=prec&ID=614147&type=HTML&mobileYn=,2026-09-19 21:38:17.290665,,,
615201,부동산 양도계약은 사해행위에 해당하므로 소유권이전등기의 말소등기절차를 이행해야 함,김천지원-2025-가단-31250,2025-10-02,2025,10,4,,지방/기타,민사,,계약,law.go.kr,/DRF/lawService.do?OC=virtual.esq&target=prec&ID=615201&type=HTML&mobileYn=,2026-09-19 21:38:17.290665,,,
617757,이 사건 근저당권설정계약이 사해행위에 해당하는지 여부,서울중앙지방법원-2024-나-52115,2025-10-01,2025,10,4,,지방/기타,민사,,계약,law.go.kr,/DRF/lawService.do?OC=virtual.esq&target=prec&ID=617757&type=HTML&mobileYn=,2026-09-19 21:38:17.290665,,,
613513,명의신탁관계는 반드시 신탁자와 수탁자 간의 명시적 계약에 의하여서만 성립되는 것이 아니라 묵시적 합의에 의하여서도 성립될 수 있음,의정부지방법원-2024-구합-11414,2025-09-30,2025,9,3,,지방/기타,일반행정,,계약,law.go.kr,/DRF/lawService.do?OC=virtual.esq&target=prec&ID=613513&type=HTML&mobileYn=,2026-09-19 21:38:17.290665,,,
612637,2014.7.15. OECD모델 조세조약 제10조 수익적 소유자에 대한 주석이 개정된 환경 등을 고려하여 법률상ㆍ계약상 이전의 의무가 명시되지 않더라고 그러한 정황이 존재하면 이를 인정할 수 있음,서울고등법원-2024-누-60970,2025-09-26,2025,9,3,,지방/기타,일반행정,,계약,law.go.kr,/DRF/lawService.do?OC=virtual.esq&target=prec&ID=612637&type=HTML&mobileYn=,2026-09-19 21:38:17.290665,,,
614185,명의신탁약정이 있었다 할지라도 이는 성질상 계약명의신탁으로 볼 수 있음,서울중앙지방법원-2025-나-838,2025-09-26,2025,9,3,,지방/기타,민사,,계약,law.go.kr,/DRF/lawService.do?OC=virtual.esq&target=prec&ID=614185&type=HTML&mobileYn=,2026-09-19 21:38:17.290665,,,
608741,(심리불속행) 계약명의신탁에 대한 토지의 공매처분이 집합건물의 분리처분금지에 위배되지 않음,대법원-2025-다-213123,2025-09-26,2025,9,3,,지방/기타,민사,,계약,law.go.kr,/DRF/lawService.do?OC=virtual.esq&target=prec&ID=608741&type=HTML&mobileYn=,2026-09-19 21:38:17.291659,,,
609571,계약금반환청구의소,2025다213846,2025-09-25,2025,9,3,대법원,대법원,민사,판결,계약,law.go.kr,/DRF/lawService.do?OC=virtual.esq&target=prec&ID=609571&type=HTML&mobileYn=,2026-09-19 21:38:17.291659,,,
614233,증여세 과세표준 신고기한 이후 계약의 합의해제에 의하여 증여재산을 반환하는 경우 증여세를 부과할 수 있음,대법원-2025-두-34225,2025-09-25,2025,9,3,,지방/기타,일반행정,,계약,law.go.kr,/DRF/lawService.do?OC=virtual.esq&target=prec&ID=614233&type=HTML&mobileYn=,2026-09-19 21:38:17.291659,,,
616899,경정청구사유로 주장하는 계약의 합의해제 인정 여부,서울행정법원-2024-구합-90795,2025-09-24,2025,9,3,,지방/기타,일반행정,,계약,law.go.kr,/DRF/lawService.do?OC=virtual.esq&target=prec&ID=616899&type=HTML&mobileYn=,2026-09-19 21:38:17.291659,,,
616191,이 사건 부동산 증여계약이 사해행위에 해당하는지,부산지방법원-2025-가단-46211,2025-09-24,2025,9,3,,지방/기타,일반행정,,계약,law.go.kr,/DRF/lawService.do?OC=virtual.esq&target=prec&ID=616191&type=HTML&mobileYn=,2026-09-19 21:38:17.291659,,,
616479,이 사건 상속재산분할계약이 사해행위에 해당하는지 여부,서울동부지방법원-2023-가단-174195,2025-09-24,2025,9,3,,지방/기타,민사,,계약,law.go.kr,/DRF/lawService.do?OC=virtual.esq&target=prec&ID=616479&type=HTML&mobileYn=,2026-09-19 21:38:17.291659,,,
613509,"경험칙에 비추어 이 사건 과세요건사실, 즉 이 사건 양수회사의 채무불이행으로 이 사건 주식양도계약이 해제됨에 따라 이 사건 쟁점 금원이 원고에게 귀속되었다고 봄이 타당함",광주고등법원(전주)-2024-누-1059,2025-09-24,2025,9,3,,지방/기타,일반행정,,계약,law.go.kr,/DRF/lawService.do?OC=virtual.esq&target=prec&ID=613509&type=HTML&mobileYn=,2026-09-19 21:38:17.291659,,,
615771,소외 체납자가 보유한 매매계약 잔금채권을 적극재산으로 볼 수 있는지 여부,부산지방법원-2024-나-54089,2025-09-19,2025,9,3,,지방/기타,민사,,계약,law.go.kr,/DRF/lawService.do?OC=virtual.esq&target=prec&ID=615771&type=HTML&mobileYn=,2026-09-19 21:38:17.291659,,,
613811,매매계약 해제로 인한 이전등기 말소는 사해행위에 해당하지 않음,대전지방법원-2024-가단-233233,2025-09-19,2025,9,3,,지방/기타,민사,,계약,law.go.kr,/DRF/lawService.do?OC=virtual.esq&target=prec&ID=613811&type=HTML&mobileYn=,2026-09-19 21:38:17.291659,,,
613591,합의해제계약이 양도소득세 납부의무를 회피할 목적으로 실질없이 이루어진 가장행위로 판단되므로 부당행위계산부인 규정을 적용한 처분은 적법함,광주지방법원-2024-구합-14029,2025-09-18,2025,9,3,,지방/기타,일반행정,,계약,law.go.kr,/DRF/lawService.do?OC=virtual.esq&target=prec&ID=613591&type=HTML&mobileYn=,2026-09-19 21:38:17.291659,,,
613639,각 증여계약 등은 사해행위에 해당하더라도 원상회복(가액배상) 청구는 불수용한 경우,광주지방법원-2022-가합-55526,2025-09-18,2025,9,3,,지방/기타,민사,,계약,law.go.kr,/DRF/lawService.do?OC=virtual.esq&target=prec&ID=613639&type=HTML&mobileYn=,2026-09-19 21:38:17.291659,,,
616865,대여금 채권 양도계약이 사해행위에 해당하는지 여부,서울동부지방법원-2024-가단-131188,2025-09-18,2025,9,3,,지방/기타,민사,,계약,law.go.kr,/DRF/lawService.do?OC=virtual.esq&target=prec&ID=616865&type=HTML&mobileYn=,2026-09-19 21:38:17.291659,,,
609147,이 사건 부동산 증여계약은 사해행위에 해당함,수원지방법원-2025-가단-514391,2025-09-17,2025,9,3,,지방/기타,민사,,계약,law.go.kr,/DRF/lawService.do?OC=virtual.esq&target=prec&ID=609147&type=HTML&mobileYn=,2026-09-19 21:38:17.291659,,,
612655,실지거래가액이라 함은 거래 당시 자산을 취득 또는 양도하고 그 대가로 수수한 금액으로서 매매계약 기타 증빙자료에 의하여 객관적으로 인식되는 가액을 말함,수원지방법원-2023-구단-12730,2025-09-17,2025,9,3,,지방/기타,일반행정,,계약,law.go.kr,/DRF/lawService.do?OC=virtual.esq&target=prec&ID=612655&type=HTML&mobileYn=,2026-09-19 21:38:17.291659,,,
612563,매매계약상 매매대금으로 감액된 대금으로 평가할 수 없음,의정부지방법원-2025-구합-10289,2025-09-16,2025,9,3,,지방/기타,일반행정,,계약,law.go.kr,/DRF/lawService.do?OC=virtual.esq&target=prec&ID=612563&type=HTML&mobileYn=,2026-09-19 21:38:17.291659,,,
613527,이 사건 대출계약의 당사자는 피고로 피고는 원고에게 원고가 압류한 구상금 채무 중 일부를 지급할 의무가 있음,인천지방법원-2024-가소-578666,2025-09-16,2025,9,3,,지방/기타,일반행정,,계약,law.go.kr,/DRF/lawService.do?OC=virtual.esq&target=prec&ID=613527&type=HTML&mobileYn=,2026-09-19 21:38:17.291659,,,
614141,이 사건 아파트에 관하여 매매계약일부터 상속개시일까지 가격변동의 특별한 사정이 없었다고 보는 것이 타당함,서울행정법원-2025-구합-51483,2025-09-12,2025,9,3,,지방/기타,일반행정,,계약,law.go.kr,/DRF/lawService.do?OC=virtual.esq&target=prec&ID=614141&type=HTML&mobileYn=,2026-09-19 21:38:17.291659,,,
608773,"(파기환송) 플랫폼사업자와 제휴점 사이에서 독립된 계약에 따라 용역을 제공하고, 정산기간범위 내에 통산하여 정산·공제하기로 합의하였다면, 에누리액에 해당함",대법원-2023-두-34644,2025-09-11,2025,9,3,,지방/기타,일반행정,,계약,law.go.kr,/DRF/lawService.do?OC=virtual.esq&target=prec&ID=608773&type=HTML&mobileYn=,2026-09-19 21:38:17.291659,,,
609461,건물인도[공공임대주택의 임대인이 임차인의 다른 주택에 관한 분양권 취득을 이유로 임대차계약을 해지하고 임대차목적물인 주택의 인도를 청구한 사건],2024다284418,2025-09-11,2025,9,3,대법원,대법원,민사,판결,계약,law.go.kr,/DRF/lawService.do?OC=virtual.esq&target=prec&ID=609461&type=HTML&mobileYn=,2026-09-19 21:38:17.291659,,,
608699,증여계약을 취소하여야 함,인천지방법원-2025-가단-212474,2025-09-10,2025,9,3,,지방/기타,민사,,계약,law.go.kr,/DRF/lawService.do?OC=virtual.esq&target=prec&ID=608699&type=HTML&mobileYn=,2026-09-19 21:38:17.291659,,,
609223,부동산 증여계약을 취소하고  부동산 소유권이전등기를 말소해야 함,안산지원-2025-가단-64793,2025-09-05,2025,9,3,,지방/기타,민사,,계약,law.go.kr,/DRF/lawService.do?OC=virtual.esq&target=prec&ID=609223&type=HTML&mobileYn=,2026-09-19 21:38:17.291659,,,
614789,"매매계약이 해제되었다 하더라도, 그 가액을 상속개시일 당시 ‘시가’로 볼 수 있음",수원지방법원-2024-구합-922,2025-08-28,2025,8,3,,지방/기타,일반행정,,계약,law.go.kr,/DRF/lawService.do?OC=virtual.esq&target=prec&ID=614789&type=HTML&mobileYn=,2026-09-19 21:38:17.291659,,,
615903,이 사건 양도대금은 다운계약서에 대한 거래금액으로 양도소득세가 과소신고됨.,의정부지방법원2024구단6538,2025-08-27,2025,8,3,,지방/기타,일반행정,,계약,law.go.kr,/DRF/lawService.do?OC=virtual.esq&target=prec&ID=615903&type=HTML&mobileYn=,2026-09-19 21:38:17.291659,,,
615507,"명시적 계약이 아닌, 묵시적 합의에 의해서도 명의신탁이 성립할 수 있고, 이와 관련한 명의도용 등의 입증책임은 이를 주장하는 자에게 있음",수원지방법원-2024-구합-67246,2025-08-27,2025,8,3,,지방/기타,일반행정,,계약,law.go.kr,/DRF/lawService.do?OC=virtual.esq&target=prec&ID=615507&type=HTML&mobileYn=,2026-09-19 21:38:17.291659,,,
618595,토지 양도시 중개용역 컨설팅계약 비용의 필요경비 인정여부,인천지방법원-2025-구단-50050,2025-08-22,2025,8,3,,지방/기타,일반행정,,계약,law.go.kr,/DRF/lawService.do?OC=virtual.esq&target=prec&ID=618595&type=HTML&mobileYn=,2026-09-19 21:38:17.291659,,,
614143,비교대상 주택 매매계약일과 평가기준일 사이에 가격변동의 특별한 사정이 있다고 볼 수 없으므로 비교대상 주택 매매가액은 이 사건 주택 평가기준일 현재 시가로 인정할 수 있음,서울행정법원-2024-구합-86468,2025-08-21,2025,8,3,,지방/기타,일반행정,,계약,law.go.kr,/DRF/lawService.do?OC=virtual.esq&target=prec&ID=614143&type=HTML&mobileYn=,2026-09-19 21:38:17.291659,,,
614077,"유사매매사례가액은 상증세법 시행령 제49조 제4항에 해당하지 않고, 매매계약일과 평가기준일 사이에 가격변동의 특별한 사정이 없으므로 시가로 볼 수 있음",서울행정법원-2024-구합-70241,2025-08-21,2025,8,3,,지방/기타,일반행정,,계약,law.go.kr,/DRF/lawService.do?OC=virtual.esq&target=prec&ID=614077&type=HTML&mobileYn=,2026-09-19 21:38:17.291659,,,
614157,공사도급계약서의 부관이 불확정기한이고 계약 당시 예상한 합리적이고 상당한 기간 내에 그 부관을 실행하기 위한 노력을 다하지 않아 그 부관이 실행되지 않은 경우 공사대금 지급채무 이행기는 도래한 것으로 보아야 하며 직접적 계약당사자가 아닌 경우 공사채무를 인수하였다고 볼 수 없음,서울고등법원-2024-나-2056352,2025-08-20,2025,8,3,,지방/기타,민사,,계약,law.go.kr,/DRF/lawService.do?OC=virtual.esq&target=prec&ID=614157&type=HTML&mobileYn=,2026-09-19 21:38:17.292617,,,
612327,토지사용계약의 법적 성격이 사용대차인지 여부 및 이 사건 과세표준이 적정한 지 여부,서울고등법원-2023-누-63811,2025-08-20,2025,8,3,,지방/기타,일반행정,,계약,law.go.kr,/DRF/lawService.do?OC=virtual.esq&target=prec&ID=612327&type=HTML&mobileYn=,2026-09-19 21:38:17.292617,,,
607769,피고와 체납자 사이에 체결된 현금증여계약은 사해행위임,대구고등법원-2024-나-17046,2025-08-20,2025,8,3,,지방/기타,민사,,계약,law.go.kr,/DRF/lawService.do?OC=virtual.esq&target=prec&ID=607769&type=HTML&mobileYn=,2026-09-19 21:38:17.292617,,,
620339,이 사건 증여계약이 사해행위인지 여부,서울북부지방법원-2025-나-30672,2025-08-19,2025,8,3,,지방/기타,민사,,계약,law.go.kr,/DRF/lawService.do?OC=virtual.esq&target=prec&ID=620339&type=HTML&mobileYn=,2026-09-19 21:38:17.292617,,,
615901,"계약은 실질적으로 위탁판매거래에 해당하고, 복지금이 포함된 군인 판매가액 전액을 과세표준으로 보아야 함",의정부지방법원2023구합13901,2025-08-19,2025,8,3,,지방/기타,일반행정,,계약,law.go.kr,/DRF/lawService.do?OC=virtual.esq&target=prec&ID=615901&type=HTML&mobileYn=,2026-09-19 21:38:17.292617,,,
608419,계약금등반환청구의소[지역주택조합 조합원이 분담금의 반환을 청구하는 사건],2024다292679,2025-08-14,2025,8,3,대법원,대법원,민사,판결,계약,law.go.kr,/DRF/lawService.do?OC=virtual.esq&target=prec&ID=608419&type=HTML&mobileYn=,2026-09-19 21:38:17.292617,,,
608469,사해행위취소[채권자취소권에 기하여 근저당권설정계약의 취소 및 원상회복을 청구하는 사건],2024다305384,2025-08-14,2025,8,3,대법원,대법원,민사,판결,계약,law.go.kr,/DRF/lawService.do?OC=virtual.esq&target=prec&ID=608469&type=HTML&mobileYn=,2026-09-19 21:38:17.292617,,,
607473,체납자와 피고 사이에 현금증여계약이 사해행위에 해당하는지 여부,수원지방법원-2024-가단-631140,2025-08-14,2025,8,3,,지방/기타,민사,,계약,law.go.kr,/DRF/lawService.do?OC=virtual.esq&target=prec&ID=607473&type=HTML&mobileYn=,2026-09-19 21:38:17.292617,,,
608445,보험금[이행보증보험계약에 따라 보증금의 지급을 청구하는 사건],2021다220628,2025-08-14,2025,8,3,대법원,대법원,민사,판결,계약,law.go.kr,/DRF/lawService.do?OC=virtual.esq&target=prec&ID=608445&type=HTML&mobileYn=,2026-09-19 21:38:17.292617,,,
608529,채무부존재확인[저축은행의 비대면 대출계약에서 명의자가 보이스피싱으로 명의가 도용되어 체결된 계약으로서 무효라고 주장한 사건],2024다236754,2025-08-14,2025,8,3,대법원,대법원,민사,판결,계약,law.go.kr,/DRF/lawService.do?OC=virtual.esq&target=prec&ID=608529&type=HTML&mobileYn=,2026-09-19 21:38:17.292617,,,
608447,보험금[상법 제652조 제1항의 통지의무 위반을 이유로 보험계약을 해지할 수 있는지 문제된 사건],2024다289680,2025-08-14,2025,8,3,대법원,대법원,민사,판결,계약,law.go.kr,/DRF/lawService.do?OC=virtual.esq&target=prec&ID=608447&type=HTML&mobileYn=,2026-09-19 21:38:17.292617,,,
613757,이 사건 주식 증여계약은 사해행위에 해당함,성남지원-2024-가단-234856,2025-08-13,2025,8,3,,지방/기타,일반행정,,계약,law.go.kr,/DRF/lawService.do?OC=virtual.esq&target=prec&ID=613757&type=HTML&mobileYn=,2026-09-19 21:38:17.292617,,,
613627,이 사건 부동산에 관한 증여계약은 사해행위에 해당함,남양주지원-2025-가단-6371,2025-08-12,2025,8,3,,지방/기타,일반행정,,계약,law.go.kr,/DRF/lawService.do?OC=virtual.esq&target=prec&ID=613627&type=HTML&mobileYn=,2026-09-19 21:38:17.292617,,,
608825,"원고와 피고 대한민국 사이에서, 원고와 A사이에 체결된 이 사건 채권양도계약은 사해행위로서 취소되어야 함",서울고등법원-2023-나-2053684,2025-07-25,2025,7,3,,지방/기타,민사,,계약,law.go.kr,/DRF/lawService.do?OC=virtual.esq&target=prec&ID=608825&type=HTML&mobileYn=,2026-09-19 21:38:17.292617,,,
612339,이 사건 회원권의 매매계약은 사해행위에 해당함,대구지방법원-2024-가단-138697,2025-07-25,2025,7,3,,지방/기타,민사,,계약,law.go.kr,/DRF/lawService.do?OC=virtual.esq&target=prec&ID=612339&type=HTML&mobileYn=,2026-09-19 21:38:17.292617,,,
617989,비상장주식 평가시 연대보증계약에 따른 채무는 순자산가액 평가시 공제됨,서울고등법원-2024-누-59147,2025-07-18,2025,7,3,,지방/기타,일반행정,,계약,law.go.kr,/DRF/lawService.do?OC=virtual.esq&target=prec&ID=617989&type=HTML&mobileYn=,2026-09-19 21:38:17.292617,,,
620091,토지 양도 후 감정가액은 이 사건 매매계약 체결당시의 시가로 볼 수 없음,서울행정법원2024구합57941,2025-07-18,2025,7,3,,지방/기타,일반행정,,계약,law.go.kr,/DRF/lawService.do?OC=virtual.esq&target=prec&ID=620091&type=HTML&mobileYn=,2026-09-19 21:38:17.292617,,,
616355,체납자의 피고에 대한 증여계약은 사해행위에 해당됨,서부지원-2022-가단-114780,2025-07-17,2025,7,3,,지방/기타,민사,,계약,law.go.kr,/DRF/lawService.do?OC=virtual.esq&target=prec&ID=616355&type=HTML&mobileYn=,2026-09-19 21:38:17.292617,,,
607793,특정경제범죄가중처벌등에관한법률위반(횡령)·횡령[분양형 토지신탁계약에서 위탁자가 부가가치세 환급금을 수탁자에게 양도하기로 약정하고도 수령한 부가가치세 환급금의 반환을 거부하고 임의로 사용한 사안],2023도16896,2025-07-17,2025,7,3,대법원,대법원,형사,판결,계약,law.go.kr,/DRF/lawService.do?OC=virtual.esq&target=prec&ID=607793&type=HTML&mobileYn=,2026-09-19 21:38:17.292617,,,
620159,"이 사건 증여계약은 사해행위에 해당하므로, 그 계약을 취소해야 함",대법원-2025-다-212672,2025-07-16,2025,7,3,,지방/기타,민사,,계약,law.go.kr,/DRF/lawService.do?OC=virtual.esq&target=prec&ID=620159&type=HTML&mobileYn=,2026-09-19 21:38:17.292617,,,
620115,특수관계인 해당 여부를 판단하는 기준시점은 매매계약일임,서울행정법원2024구합67245,2025-07-11,2025,7,3,,지방/기타,일반행정,,계약,law.go.kr,/DRF/lawService.do?OC=virtual.esq&target=prec&ID=620115&type=HTML&mobileYn=,2026-09-19 21:38:17.292617,,,
607963,피고가 채무초과상태에서 행한 이 사건 주식 증여계약은 사해행위에 해당함,서울남부지방법원-2024-가단-291649,2025-07-11,2025,7,3,,지방/기타,민사,,계약,law.go.kr,/DRF/lawService.do?OC=virtual.esq&target=prec&ID=607963&type=HTML&mobileYn=,2026-09-19 21:38:17.292617,,,
608813,이 사건 근저당설정계약은 사해행위에 해당함,서울고등법원-2025-나-202392,2025-07-11,2025,7,3,,지방/기타,민사,,계약,law.go.kr,/DRF/lawService.do?OC=virtual.esq&target=prec&ID=608813&type=HTML&mobileYn=,2026-09-19 21:38:17.292617,,,
617621,건축물 등의 설치가액을 임대차계약기간의 월수로 나누어 과세대상기간 합계액의 과세표준에 포함한 과세처분은 위법함,인천지방법원-2024-구합-51961,2025-07-10,2025,7,3,,지방/기타,일반행정,,계약,law.go.kr,/DRF/lawService.do?OC=virtual.esq&target=prec&ID=617621&type=HTML&mobileYn=,2026-09-19 21:38:17.292617,,,
614691,증여계약에따른금원지급,2023가합20283,2025-07-09,2025,7,3,수원지방법원,지방/기타,민사,판결 : 확정,계약,law.go.kr,/DRF/lawService.do?OC=virtual.esq&target=prec&ID=614691&type=HTML&mobileYn=,2026-09-19 21:38:17.292617,,,
607819,증여계약에따른금원지급,2023가합20283,2025-07-09,2025,7,3,수원지방법원,지방/기타,민사,판결 : 확정,계약,law.go.kr,/DRF/lawService.do?OC=virtual.esq&target=prec&ID=607819&type=HTML&mobileYn=,2026-09-19 21:38:17.292617,,,
607113,당초 양도계약이 합의해제되어 그 효력이 소급적으로 소멸하였다고 볼 수 없음,서울고등법원-2025-누-5998,2025-07-09,2025,7,3,,지방/기타,일반행정,,계약,law.go.kr,/DRF/lawService.do?OC=virtual.esq&target=prec&ID=607113&type=HTML&mobileYn=,2026-09-19 21:38:17.292617,,,
621261,피고와 체납자 사이 근저당권 설정계약은 사해행위에 해당함,수원지방법원-2023-가합-17270,2025-07-09,2025,7,3,,지방/기타,민사,,계약,law.go.kr,/DRF/lawService.do?OC=virtual.esq&target=prec&ID=621261&type=HTML&mobileYn=,2026-09-19 21:38:17.292617,,,
607073,부동산담보신탁계약의 수탁자인 원고에 대한 물적 납세의무자지정처분,부산고등법원(창원)-2024-누-10518,2025-06-27,2025,6,2,,지방/기타,일반행정,,계약,law.go.kr,/DRF/lawService.do?OC=virtual.esq&target=prec&ID=607073&type=HTML&mobileYn=,2026-09-19 21:38:17.292617,,,
607301,투자금반환청구·정산금청구[조합계약 종료에 따라 잔여재산 분배를 청구하는 사건],2025다205399,2025-06-26,2025,6,2,대법원,대법원,민사,판결,계약,law.go.kr,/DRF/lawService.do?OC=virtual.esq&target=prec&ID=607301&type=HTML&mobileYn=,2026-09-19 21:38:17.292617,,,
609221,증여계약을 취소하고 증여금액을 반환해야 함,안양지원-2025-가단-102844,2025-06-26,2025,6,2,,지방/기타,민사,,계약,law.go.kr,/DRF/lawService.do?OC=virtual.esq&target=prec&ID=609221&type=HTML&mobileYn=,2026-09-19 21:38:17.292617,,,
607257,주택법위반[주택공급시 미계약 물량에 대하여 공개모집절차를 거치지 않고 지인 등에게만 임의로 공급한 사건],2024도16888,2025-06-26,2025,6,2,대법원,대법원,형사,판결,계약,law.go.kr,/DRF/lawService.do?OC=virtual.esq&target=prec&ID=607257&type=HTML&mobileYn=,2026-09-19 21:38:17.292617,,,
609045,"1계약과 2계약을 별개의 거래라고 할 수 없고, 거래의 실질에 따라 하나의 거래로 보고 과세한 이 사건 처분은 적법",서울행정법원-2024-구단-64003,2025-06-25,2025,6,2,,지방/기타,일반행정,,계약,law.go.kr,/DRF/lawService.do?OC=virtual.esq&target=prec&ID=609045&type=HTML&mobileYn=,2026-09-19 21:38:17.292617,,,
606711,"원고와 면세점 사업자 사이의 정산서, 원고와 중위 여행사 사이의 정산서를 제출하면서 실제 이 사건 용역공급이 있었다고 주장하나, 위 정산서 기재만으로는 해당 따이공이 어떤 중·하위 여행사를 거쳐 모집, 송객된 것인지 알기 어렵고, 원고가 제출한 계약서만으로는 실제 이 사건 용역의 공급이 있다고 보기에 부족하고, 달리 이를 인정할 증거가 없다.",서울고등법원-2024-누-60994,2025-06-25,2025,6,2,,지방/기타,일반행정,,계약,law.go.kr,/DRF/lawService.do?OC=virtual.esq&target=prec&ID=606711&type=HTML&mobileYn=,2026-09-19 21:38:17.292617,,,
612255,납세의무자가 신탁계약후 법정기일이 도래하는 부가가치세를 체납한 경우 위탁자의 재산이 부족한 경우 수탁자는 위탁자의 체납에 대해 물적납세의무가 있음,춘천지방법원-2024-구합-31725,2025-06-24,2025,6,2,,지방/기타,일반행정,,계약,law.go.kr,/DRF/lawService.do?OC=virtual.esq&target=prec&ID=612255&type=HTML&mobileYn=,2026-09-19 21:38:17.292617,,,
612639,이 사건 각 증여계약 중 분양권 증여 및 B에 대한 4천만원의 송금행위는 사해행위에 해당함,대구고등법원-2024-나-17015,2025-06-24,2025,6,2,,지방/기타,민사,,계약,law.go.kr,/DRF/lawService.do?OC=virtual.esq&target=prec&ID=612639&type=HTML&mobileYn=,2026-09-19 21:38:17.292617,,,
621483,소외인의 피고에 대한 증여계약은 사해행위로서 취소되어야 함,서울중앙지방법원-2024-가단-5339915,2025-06-20,2025,6,2,,지방/기타,민사,,계약,law.go.kr,/DRF/lawService.do?OC=virtual.esq&target=prec&ID=621483&type=HTML&mobileYn=,2026-09-19 21:38:17.292617,,,
608775,계약의 합의해제에 의하여 증여재산을 반환하는 경우 증여세를 부과할 수 있음,서울고등법원-2024-누-52924,2025-06-19,2025,6,2,,지방/기타,일반행정,,계약,law.go.kr,/DRF/lawService.do?OC=virtual.esq&target=prec&ID=608775&type=HTML&mobileYn=,2026-09-19 21:38:17.292617,,,
609207,사해행위일 당시 채무초과상태에 있지 않았다면 그 매매계약을 체결한 행위는 사해행위에 해당하지 아니함,수원고등법원-2024-나-28706,2025-06-19,2025,6,2,,지방/기타,일반행정,,계약,law.go.kr,/DRF/lawService.do?OC=virtual.esq&target=prec&ID=609207&type=HTML&mobileYn=,2026-09-19 21:38:17.292617,,,
608829,이 사건 매매예약 및 매매계약은 사해행위로서 취소되어야 함,서울중앙지방법원-2024-가합-60426,2025-06-13,2025,6,2,,지방/기타,민사,,계약,law.go.kr,/DRF/lawService.do?OC=virtual.esq&target=prec&ID=608829&type=HTML&mobileYn=,2026-09-19 21:38:17.292617,,,
616415,"계약서상 투지수익금 지급시기를 비영업대금의 이익의 수입시기로 보아야 하고, 과세대상 채권의 회수불능이 객관적으로 명백하지 않는 한 후발적 경정사유 아님",울산지방법원-2023-구합-7936,2025-06-12,2025,6,2,,지방/기타,일반행정,,계약,law.go.kr,/DRF/lawService.do?OC=virtual.esq&target=prec&ID=616415&type=HTML&mobileYn=,2026-09-19 21:38:17.293622,,,
613671,이 사건 증여시기는  원고 등이 동업계약을 체결한 때에 지분의 증여가 있었다고 보아야 함,대전지방법원-2023-구합-204742,2025-06-12,2025,6,2,,지방/기타,일반행정,,계약,law.go.kr,/DRF/lawService.do?OC=virtual.esq&target=prec&ID=613671&type=HTML&mobileYn=,2026-09-19 21:38:17.293622,,,
608913,"(심리불속행) 금전소비대차계약은 경제적 합리성을 현저히 흠결한 것이므로, 자녀로부터 받은 금원을 증여받은 것으로 추정할 수 있음",대법원-2025-두-33016,2025-06-12,2025,6,2,,지방/기타,일반행정,,계약,law.go.kr,/DRF/lawService.do?OC=virtual.esq&target=prec&ID=608913&type=HTML&mobileYn=,2026-09-19 21:38:17.293622,,,
613163,계약금등반환청구,2024다311457,2025-06-12,2025,6,2,대법원,대법원,민사,판결,계약,law.go.kr,/DRF/lawService.do?OC=virtual.esq&target=prec&ID=613163&type=HTML&mobileYn=,2026-09-19 21:38:17.293622,,,
606827,"토지인도[지역권자를 상대로 지역권설정계약의 해지를 주장하며 부당이득반환, 불법행위 손해배상을 청구하는 사건]",2024다288915,2025-06-12,2025,6,2,대법원,대법원,민사,판결,계약,law.go.kr,/DRF/lawService.do?OC=virtual.esq&target=prec&ID=606827&type=HTML&mobileYn=,2026-09-19 21:38:17.293622,,,
608839,상속재산인 쟁점신탁재산은 신탁계약상 영업보증금 반환채무를 피상속인의 토지비에서 상계하도록 약정하고 있음에도  이를 차감하지 않고 신탁재산가액을 평가한 처분은 위법함,서울행정법원-2024-구합-54119,2025-06-12,2025,6,2,,지방/기타,일반행정,,계약,law.go.kr,/DRF/lawService.do?OC=virtual.esq&target=prec&ID=608839&type=HTML&mobileYn=,2026-09-19 21:38:17.293622,,,
607287,체납자는 채무초과 상태에서 증여계약을 체결하였으므로 이는 사해행위에 해당함,대구지방법원-2024-나-301816,2025-06-11,2025,6,2,,지방/기타,민사,,계약,law.go.kr,/DRF/lawService.do?OC=virtual.esq&target=prec&ID=607287&type=HTML&mobileYn=,2026-09-19 21:38:17.293622,,,
612605,주식매매계약에 대한 합의해제가 적법한지 여부,서울행정법원-2024-구합-57231,2025-06-04,2025,6,2,,지방/기타,일반행정,,계약,law.go.kr,/DRF/lawService.do?OC=virtual.esq&target=prec&ID=612605&type=HTML&mobileYn=,2026-09-19 21:38:17.293622,,,
606493,기타(금전)[보장성보험계약의 해지에 따라 발생한 해약환급금채권이 파산재단에 포함되는지 여부가 문제된 사건],2023다240466,2025-05-29,2025,5,2,대법원,대법원,민사,판결,계약,law.go.kr,/DRF/lawService.do?OC=virtual.esq&target=prec&ID=606493&type=HTML&mobileYn=,2026-09-19 21:38:17.293622,,,
613659,"이 사건 분양권매매계약과 법인인수계약은 계약당사자 및 계약목적물이 상이하므로, 연속된 하나의 계약으로 볼 수 없음",광주고등법원-2024-누-12534,2025-05-29,2025,5,2,,지방/기타,일반행정,,계약,law.go.kr,/DRF/lawService.do?OC=virtual.esq&target=prec&ID=613659&type=HTML&mobileYn=,2026-09-19 21:38:17.293622,,,
606525,조세채무자와 친인척사이에 체결된 현금(수표)증여계약은 사해행위임,울산지방법원-2024-가단-114655,2025-05-27,2025,5,2,,지방/기타,민사,,계약,law.go.kr,/DRF/lawService.do?OC=virtual.esq&target=prec&ID=606525&type=HTML&mobileYn=,2026-09-19 21:38:17.293622,,,
613685,이 사건 부동산 증여계약은 사해행위에 해당함,천안지원-2023-가단-120940,2025-05-27,2025,5,2,,지방/기타,민사,,계약,law.go.kr,/DRF/lawService.do?OC=virtual.esq&target=prec&ID=613685&type=HTML&mobileYn=,2026-09-19 21:38:17.293622,,,
606575,계약명의신탁에 대한 토지의 공매처분이 집합건물의 분리처분금지에 위배되지 않음,서울고등법원-2024-나-2046652,2025-05-23,2025,5,2,,지방/기타,민사,,계약,law.go.kr,/DRF/lawService.do?OC=virtual.esq&target=prec&ID=606575&type=HTML&mobileYn=,2026-09-19 21:38:17.293622,,,
616947,(무변론) 부동산 매매계약의 사해행위 취소,춘천지방법원-2025-가단-30780,2025-05-23,2025,5,2,,지방/기타,일반행정,,계약,law.go.kr,/DRF/lawService.do?OC=virtual.esq&target=prec&ID=616947&type=HTML&mobileYn=,2026-09-19 21:38:17.293622,,,
612903,계약금반환청구의소,2024나54706,2025-05-22,2025,5,2,부산지방법원,지방/기타,민사,판결,계약,law.go.kr,/DRF/lawService.do?OC=virtual.esq&target=prec&ID=612903&type=HTML&mobileYn=,2026-09-19 21:38:17.293622,,,
620155,"이 사건 계약에 따른 용역이 실제로 수수되었다는 점에 관하여 원고가 제출한 증거들만으로는 이러한 사실을 인정하기 어렵고, 달리 이를 인정할 만한 증거가 없음",서울고등법원-2024-누-56544,2025-05-16,2025,5,2,,지방/기타,일반행정,,계약,law.go.kr,/DRF/lawService.do?OC=virtual.esq&target=prec&ID=620155&type=HTML&mobileYn=,2026-09-19 21:38:17.293622,,,
421220,이 사건 매매계약상 매매대금을 초과하는 부분에 대해 무상취득으로 보고 구 지방세법 제11조 제1항 제2호의 세율을 적용한 이 사건 처분의 위법 여부,2025두33003,2025-05-15,2025,5,2,대법원,대법원,일반행정,처분청 승소,계약,law.go.kr,/DRF/lawService.do?OC=virtual.esq&target=prec&ID=421220&type=HTML&mobileYn=,2026-09-19 21:38:17.293622,,,
608765,(심리불속행)GGG가 피고들과 이 사건 부동산에 관해 증여계약을 체결함으로써 채무초과 상태에 이르렀으므로 이 사건 증여는 사해행위에 해당함,대법원2025다210731 (2025.5.15),2025-05-15,2025,5,2,,지방/기타,민사,,계약,law.go.kr,/DRF/lawService.do?OC=virtual.esq&target=prec&ID=608765&type=HTML&mobileYn=,2026-09-19 21:38:17.293622,,,
606151,이 사건 증여계약이 재산분할 협의로서의 효력을 가지는지 여부,전주지방법원-2023-가단-43889,2025-04-25,2025,4,2,,지방/기타,일반행정,,계약,law.go.kr,/DRF/lawService.do?OC=virtual.esq&target=prec&ID=606151&type=HTML&mobileYn=,2026-09-19 21:38:17.293622,,,
608291,원고가 이 사건 공사계약을 체결하고 수행할 당시 사업자로 등록되어 있지 않았다고 하더라도 독립적으로 공사용역을 제공한 사업자임.,대전지방법원-2023-구합-204148,2025-04-24,2025,4,2,,지방/기타,일반행정,,계약,law.go.kr,/DRF/lawService.do?OC=virtual.esq&target=prec&ID=608291&type=HTML&mobileYn=,2026-09-19 21:38:17.293622,,,
608947,상증세법 시행령 제63조 제1항 제6호의 ‘신탁계약 또는 수익증권에 따른 우선수익자인 채권자의 수익한도금액’은  해당 신탁계약상 우선수익자인 채권자의 수익권증서 발행금액을 의미함,서울행정법원-2024-구합-61766,2025-04-24,2025,4,2,,지방/기타,일반행정,,계약,law.go.kr,/DRF/lawService.do?OC=virtual.esq&target=prec&ID=608947&type=HTML&mobileYn=,2026-09-19 21:38:17.295616,,,
421170,사후에 매매계약을 해제한 경우 취득세 추징사유가 소급하여 소멸하는지 여부,2025두30684,2025-04-24,2025,4,2,대법원,대법원,일반행정,처분청 승소,계약,law.go.kr,/DRF/lawService.do?OC=virtual.esq&target=prec&ID=421170&type=HTML&mobileYn=,2026-09-19 21:38:17.295616,,,
605913,현물출자 계약을 체결하고 법인에 현물출자하여 주식을 취득하였으므로 제3자에게 대토보상권이 이전되었다고 봄이 타당함,수원고등법원-2024-누-14001,2025-04-18,2025,4,2,,지방/기타,일반행정,,계약,law.go.kr,/DRF/lawService.do?OC=virtual.esq&target=prec&ID=605913&type=HTML&mobileYn=,2026-09-19 21:38:17.295616,,,
607123,"이 사건 증여계약은 사해행위에 해당하므로, 그 계약을 취소해야 함",서울중앙지방법원-2024-나-45797,2025-04-17,2025,4,2,,지방/기타,민사,,계약,law.go.kr,/DRF/lawService.do?OC=virtual.esq&target=prec&ID=607123&type=HTML&mobileYn=,2026-09-19 21:38:17.295616,,,
621359,피고들과 D사이 증여계약은 사해행위로 취소되어야 함,서울동부지방법원-2024-가단-145910,2025-04-17,2025,4,2,,지방/기타,민사,,계약,law.go.kr,/DRF/lawService.do?OC=virtual.esq&target=prec&ID=621359&type=HTML&mobileYn=,2026-09-19 21:38:17.295616,,,
607365,사해행위에 해당하여 각 증여계약은 취소되어야 함,대구지방법원 김천지원-2024-가단-34237,2025-04-17,2025,4,2,,지방/기타,민사,,계약,law.go.kr,/DRF/lawService.do?OC=virtual.esq&target=prec&ID=607365&type=HTML&mobileYn=,2026-09-19 21:38:17.295616,,,
608005,"이 사건 증여계약은 사해행위에 해당하므로, 그 계약을 취소해야 함",동부지방법원-2024-가단-137827(2025.4.17.),2025-04-17,2025,4,2,,지방/기타,민사,,계약,law.go.kr,/DRF/lawService.do?OC=virtual.esq&target=prec&ID=608005&type=HTML&mobileYn=,2026-09-19 21:38:17.295616,,,
608771,"부동산 매매계약은 사해행위로서 일정 범위 내에서 취소되어야 하고, 수익자인 피고는 위 범위 금액을 가액배상할 의무가 있음",청주지방법원2024나52094 (2025. 4. 17),2025-04-17,2025,4,2,,지방/기타,민사,,계약,law.go.kr,/DRF/lawService.do?OC=virtual.esq&target=prec&ID=608771&type=HTML&mobileYn=,2026-09-19 21:38:17.295616,,,
615231,이 사건 계약에 따른 거래가 있었음을 뒷받침하는 여러 정황들에 따라 이 사건 출금액은 가설재를 임대하고 받은 사업수입이라고 봄이 상당함,서울고등법원-2024-누-67629,2025-04-16,2025,4,2,,지방/기타,일반행정,,계약,law.go.kr,/DRF/lawService.do?OC=virtual.esq&target=prec&ID=615231&type=HTML&mobileYn=,2026-09-19 21:38:17.295616,,,
605765,사해행위취소[전세목적물의 일부 지분에 관한 양도계약 체결 후 합의해제에 대한 사해행위취소 및 원상회복청구에서 가액배상의 범위가 문제된 사건],2024다312566,2025-04-15,2025,4,2,대법원,대법원,민사,판결,계약,law.go.kr,/DRF/lawService.do?OC=virtual.esq&target=prec&ID=605765&type=HTML&mobileYn=,2026-09-19 21:38:17.295616,,,
605291,특별한 사정이 없는 한 매매계약서에 기재된 대로 매매대금이 인정되어야 함,서울행정법원-2024-구단-58329,2025-04-11,2025,4,2,,지방/기타,일반행정,,계약,law.go.kr,/DRF/lawService.do?OC=virtual.esq&target=prec&ID=605291&type=HTML&mobileYn=,2026-09-19 21:38:17.295616,,,
609021,과세 시점 당시 체결된 계약으로 권리가 확정된 소득에 대하여 부과한 과세처분은 과세 시점 당시 그 소득을 실제 수령하지 않았다고 하더라도 이를 존재하지 아니하는 소득에 임의적으로 과세한 것으로 볼 수는 없으며 종합소득세에 대한 상담 요청 과정에서 부수적으로 발생하는 질문에 대해 유선상으로 안내한 과세관청의 행위를 신뢰의 대상이 되는 공적인 견해의 표명으로 볼 수 없음,서울중앙지방법원-2024-가단-5338080,2025-04-09,2025,4,2,,지방/기타,민사,,계약,law.go.kr,/DRF/lawService.do?OC=virtual.esq&target=prec&ID=609021&type=HTML&mobileYn=,2026-09-19 21:38:17.295616,,,
608191,이 사건 증여계약은 사해행위에 해당함,고양지원-2024-가단-96409,2025-04-09,2025,4,2,,지방/기타,일반행정,,계약,law.go.kr,/DRF/lawService.do?OC=virtual.esq&target=prec&ID=608191&type=HTML&mobileYn=,2026-09-19 21:38:17.295616,,,
605455,시아버지의 며느리에 대한 부동산 매매계약의 사해행위 취소 가부,춘천지방법원-2024-가단-37936,2025-04-08,2025,4,2,,지방/기타,민사,,계약,law.go.kr,/DRF/lawService.do?OC=virtual.esq&target=prec&ID=605455&type=HTML&mobileYn=,2026-09-19 21:38:17.295616,,,
607603,이 사건 채권의 양도양수계약 해제가 사해행위에 해당하는지 여부,안산지원-2024-가단-92114,2025-04-03,2025,4,2,,지방/기타,민사,,계약,law.go.kr,/DRF/lawService.do?OC=virtual.esq&target=prec&ID=607603&type=HTML&mobileYn=,2026-09-19 21:38:17.295616,,,
421164,이 사건 계약이 적법하게 취소되어 그에 기한 취득세 과세처분이 위법하다고 볼 수 있는지 여부,2025두30028,2025-04-03,2025,4,2,대법원,대법원,일반행정,처분청 승소,계약,law.go.kr,/DRF/lawService.do?OC=virtual.esq&target=prec&ID=421164&type=HTML&mobileYn=,2026-09-19 21:38:17.295616,,,
607519,피고와 체납자사이의 현금증여계약은 사해행위에 해당하므로 취소되어야 함,수원지방법원 안양지원-2023-가단-127769,2025-04-03,2025,4,2,,지방/기타,일반행정,,계약,law.go.kr,/DRF/lawService.do?OC=virtual.esq&target=prec&ID=607519&type=HTML&mobileYn=,2026-09-19 21:38:17.295616,,,
605283,물품대금[국제물품매매계약에 관한 국제연합 협약에 대한 법원의 직권조사 의무 및 협약상 흠결 보충방법과 흠결의 존부가 문제된 사건],2021다242185,2025-03-27,2025,3,1,대법원,대법원,민사,판결,계약,law.go.kr,/DRF/lawService.do?OC=virtual.esq&target=prec&ID=605283&type=HTML&mobileYn=,2026-09-19 21:38:17.295616,,,
613899,"(심리불속행)납부지연가산세의 기산일은 예정신고납부 기한의 다음날부터이고,신규주택의 전소유자와 임차인 사이의 임대차계약기간이 끝난 다음날부터로 볼 수는 없음",대법원-2024-두-65560,2025-03-27,2025,3,1,,지방/기타,일반행정,,계약,law.go.kr,/DRF/lawService.do?OC=virtual.esq&target=prec&ID=613899&type=HTML&mobileYn=,2026-09-19 21:38:17.295616,,,
605075,영업정지처분등취소[행정청이 관급공사를 수급한 건설업자들의 하도급계약 거짓 통보를 이유로 과징금 부과 등의 처분을 한 사건],2020두45698,2025-03-13,2025,3,1,대법원,대법원,일반행정,판결,계약,law.go.kr,/DRF/lawService.do?OC=virtual.esq&target=prec&ID=605075&type=HTML&mobileYn=,2026-09-19 21:38:17.295616,,,
605131,피고와 체납자 사이에 체결된 증여계약은 사해행위임,대구지방법원 포항지원-2024-가단-105056,2025-03-13,2025,3,1,,지방/기타,민사,,계약,law.go.kr,/DRF/lawService.do?OC=virtual.esq&target=prec&ID=605131&type=HTML&mobileYn=,2026-09-19 21:38:17.295616,,,
603631,(심리불속행)피고와 체납자 사이에 체결된 부동산 매매계약은 사해행위임,대법원-2024-다-320987,2025-03-13,2025,3,1,,지방/기타,민사,,계약,law.go.kr,/DRF/lawService.do?OC=virtual.esq&target=prec&ID=603631&type=HTML&mobileYn=,2026-09-19 21:38:17.295616,,,
605093,"납세의무가 성립되는 이상, 증여계약을 사해행위취소로 보아 취소하는 것은 적법함",대법원-2024-다-316544,2025-03-13,2025,3,1,,지방/기타,일반행정,,계약,law.go.kr,/DRF/lawService.do?OC=virtual.esq&target=prec&ID=605093&type=HTML&mobileYn=,2026-09-19 21:38:17.295616,,,
600649,(교환차익에 대하여 현금 정산한 사실이 있는 등 주식교환은 등가교환에 해당하고 등가교환이라면 교환 손익이 발생할 수 없기에 불균등 저가증자에 따른 수증이익이 발생할 수 없다는 주장에 대하여) 주식매매계약이 교환계약에 해당하는지(주의적)주식교환 과정에서 불균등 저가증자로 발생한 수익이익이 계약해제로 소멸하였는지(예비적),대법원-2024-두-63632,2025-03-13,2025,3,1,,지방/기타,일반행정,,계약,law.go.kr,/DRF/lawService.do?OC=virtual.esq&target=prec&ID=600649&type=HTML&mobileYn=,2026-09-19 21:38:17.295616,,,
605077,차임증액[임대차계약이 갱신되었는지 여부가 문제된 사건],2024다315046,2025-03-13,2025,3,1,대법원,대법원,민사,판결,계약,law.go.kr,/DRF/lawService.do?OC=virtual.esq&target=prec&ID=605077&type=HTML&mobileYn=,2026-09-19 21:38:17.295616,,,
615483,이혼에 따른 보험계약 명의 변경이 사해행위에 해당하는지 여부,대전지방법원-2024-나-217003,2025-03-11,2025,3,1,,지방/기타,민사,,계약,law.go.kr,/DRF/lawService.do?OC=virtual.esq&target=prec&ID=615483&type=HTML&mobileYn=,2026-09-19 21:38:17.295616,,,
604149,사용허가신청불허가처분취소청구의소[공법상 계약을 기초로 행정재산에 대한 무상 사용·수익을 신청했다가 거부처분을 받자 그 처분의 취소를 청구한 사건],2024두47890,2025-02-27,2025,2,1,대법원,대법원,일반행정,판결,계약,law.go.kr,/DRF/lawService.do?OC=virtual.esq&target=prec&ID=604149&type=HTML&mobileYn=,2026-09-19 21:38:17.295616,,,
608827,이 사건 자동차 양도계약은 사해행위에 해당함,안양지원-2024-가단-110645,2025-02-20,2025,2,1,,지방/기타,일반행정,,계약,law.go.kr,/DRF/lawService.do?OC=virtual.esq&target=prec&ID=608827&type=HTML&mobileYn=,2026-09-19 21:38:17.295616,,,
499123,(심리불속행 기각) 모친과 체결한 임대차계약 및 소비대차계약의 실질은 증여에 해당함,대법원-2024-두-59718,2025-02-20,2025,2,1,,지방/기타,일반행정,,계약,law.go.kr,/DRF/lawService.do?OC=virtual.esq&target=prec&ID=499123&type=HTML&mobileYn=,2026-09-19 21:38:17.295616,,,
499167,(심리불속행) 차명계좌에 의한 예금주 명의신탁계약이 성립하였음을 인정하기에는 부족함,대법원-2024-다-308413,2025-02-20,2025,2,1,,지방/기타,민사,,계약,law.go.kr,/DRF/lawService.do?OC=virtual.esq&target=prec&ID=499167&type=HTML&mobileYn=,2026-09-19 21:38:17.295616,,,
605453,"친족 간 상가매매계약 시 업계약서를 작성한 경우, 해당 매매계약은 사해행위로 보아 취소되어야 함",의정부지방법원-2023-가단-133568,2025-02-19,2025,2,1,,지방/기타,민사,,계약,law.go.kr,/DRF/lawService.do?OC=virtual.esq&target=prec&ID=605453&type=HTML&mobileYn=,2026-09-19 21:38:17.295616,,,
600477,체납자가 배우자와 체결한 부동산 증여계약은 사해행위에 해당함,대구지방법원 서부지원-2024-가단-72756,2025-02-18,2025,2,1,,지방/기타,민사,,계약,law.go.kr,/DRF/lawService.do?OC=virtual.esq&target=prec&ID=600477&type=HTML&mobileYn=,2026-09-19 21:38:17.295616,,,
609039,"하나의 양도계약을 형식상 연도를 달리하여 2개로 나눈 것으로 보고, 양도소득세 감면을 배제한 처분은 적법함",수원고등법원-2023-누-17126,2025-02-14,2025,2,1,,지방/기타,일반행정,,계약,law.go.kr,/DRF/lawService.do?OC=virtual.esq&target=prec&ID=609039&type=HTML&mobileYn=,2026-09-19 21:38:17.295616,,,
603535,"관리비[현행 신탁법(2011. 7. 25. 법률 제10924호로 전부 개정되어 2012. 7. 26. 시행된 것)이 적용되는 집합건물에 관한 담보신탁 사안에서 위탁자가 관리비 납부의무를 부담한다는 신탁계약 내용이 신탁원부에 기재된 경우, 수탁자가 이로써 제3자에게 대항할 수 있는지 여부가 문제된 사건]",2022다233164,2025-02-13,2025,2,1,대법원,대법원,민사,판결,계약,law.go.kr,/DRF/lawService.do?OC=virtual.esq&target=prec&ID=603535&type=HTML&mobileYn=,2026-09-19 21:38:17.296617,,,
603545,부당이득금[조합원 자격 요건을 갖추지 못한 원고가 지역주택조합인 피고와 조합가입계약을 체결하고 계약금을 납입한 뒤 조합가입계약이 원시적 불능으로 무효라는 등의 주장을 하면서 부당이득반환 등을 청구하는 사건],2024다249040,2025-02-13,2025,2,1,대법원,대법원,민사,판결,계약,law.go.kr,/DRF/lawService.do?OC=virtual.esq&target=prec&ID=603545&type=HTML&mobileYn=,2026-09-19 21:38:17.296617,,,
608655,"증여계약은 사해행위로서 취소되어야 하고, 수익자인 피고는 그 원상회복으로서 소유권이전등기의 말소등기절차를 이행할 의무가 있음",서울서부지방법원2024가단230704 (2025. 2. 12),2025-02-12,2025,2,1,,지방/기타,민사,,계약,law.go.kr,/DRF/lawService.do?OC=virtual.esq&target=prec&ID=608655&type=HTML&mobileYn=,2026-09-19 21:38:17.296617,,,
608069,"이 사건 증여계약은 사해행위에 해당하므로, 그 계약을 취소해야 함",서울중앙지방법원-2024-가단-5281115(2025.2.12.),2025-02-12,2025,2,1,,지방/기타,민사,,계약,law.go.kr,/DRF/lawService.do?OC=virtual.esq&target=prec&ID=608069&type=HTML&mobileYn=,2026-09-19 21:38:17.296617,,,
615311,매매계약 직전 한 필지의 토지를 분할하고 잔금일을 달리하는 등의 방법으로 분할 매도한 경우 이를 하나의 계약으로 보고 양도소득세 부과한 것은 적법함,의정부지방법원-2023-구단-6951,2025-02-12,2025,2,1,,지방/기타,일반행정,,계약,law.go.kr,/DRF/lawService.do?OC=virtual.esq&target=prec&ID=615311&type=HTML&mobileYn=,2026-09-19 21:38:17.296617,,,
617071,피고와 체납자 사이 증여계약은 사해행위에 해당함,수원지방법원-2024-가단-610501,2025-02-11,2025,2,1,,지방/기타,민사,,계약,law.go.kr,/DRF/lawService.do?OC=virtual.esq&target=prec&ID=617071&type=HTML&mobileYn=,2026-09-19 21:38:17.296617,,,
605129,이 사건 1계약과 2계약을 하나의 거래로 볼 수 있는지 여부,수원지방법원-2024-구단-11000,2025-02-11,2025,2,1,,지방/기타,일반행정,,계약,law.go.kr,/DRF/lawService.do?OC=virtual.esq&target=prec&ID=605129&type=HTML&mobileYn=,2026-09-19 21:38:17.296617,,,
604907,다운계약서 작성 후 양수한 취득가액이 실제 거래가액임을 인정하기 위해서는 이를 주장하는 자에게 입증책임이 있음,의정부지방법원-2023-구합-13406,2025-02-11,2025,2,1,,지방/기타,일반행정,,계약,law.go.kr,/DRF/lawService.do?OC=virtual.esq&target=prec&ID=604907&type=HTML&mobileYn=,2026-09-19 21:38:17.296617,,,
614809,"상속인 전원이 동의한 상속재산협의분할계약서는 유효한 것이므로, 등기가 되지 않았다하더라도 상속재산협의분할내용에 따라 상속재산을 취득한 것으로 보아야 함",수원고등법원-2024-누-10719,2025-02-07,2025,2,1,,지방/기타,일반행정,,계약,law.go.kr,/DRF/lawService.do?OC=virtual.esq&target=prec&ID=614809&type=HTML&mobileYn=,2026-09-19 21:38:17.296617,,,
608833,이 사건 분양권 매매계약은 사해행위에 해당함,수원지방법원-2023-가단-569088,2025-01-24,2025,1,1,,지방/기타,일반행정,,계약,law.go.kr,/DRF/lawService.do?OC=virtual.esq&target=prec&ID=608833&type=HTML&mobileYn=,2026-09-19 21:38:17.296617,,,
604967,피고와 체납자 사이에 체결된 증여계약은 사해행위에 해당함,수원지방법원-2024-가합-14544,2025-01-23,2025,1,1,,지방/기타,일반행정,,계약,law.go.kr,/DRF/lawService.do?OC=virtual.esq&target=prec&ID=604967&type=HTML&mobileYn=,2026-09-19 21:38:17.296617,,,
607989,이 사건 오피스텔 공급사업은 원고들과 소외 법인 사이 조합계약에 의한 공동사업에 해당함,서울고등법원-2024-누-52733,2025-01-23,2025,1,1,,지방/기타,일반행정,,계약,law.go.kr,/DRF/lawService.do?OC=virtual.esq&target=prec&ID=607989&type=HTML&mobileYn=,2026-09-19 21:38:17.296617,,,
423776,이 사건 분양전환권 부여 계약이 매매계약에 해당하는지 여부,2024두58418,2025-01-23,2025,1,1,대법원,대법원,일반행정,처분청 승소,계약,law.go.kr,/DRF/lawService.do?OC=virtual.esq&target=prec&ID=423776&type=HTML&mobileYn=,2026-09-19 21:38:17.296617,,,
617597,'부동산거래계약 신고필증'에 기재된 거래가격은 부동산 취득당시 실지거래가액으로 인정된다,서울행정법원2023구단61588,2025-01-22,2025,1,1,,지방/기타,일반행정,,계약,law.go.kr,/DRF/lawService.do?OC=virtual.esq&target=prec&ID=617597&type=HTML&mobileYn=,2026-09-19 21:38:17.296617,,,
608007,"이 사건 증여계약은 사해행위에 해당하므로, 그 계약을 취소해야 함",서울동부지방법원-2024-가합-110645(2025.1.22.),2025-01-22,2025,1,1,,지방/기타,민사,,계약,law.go.kr,/DRF/lawService.do?OC=virtual.esq&target=prec&ID=608007&type=HTML&mobileYn=,2026-09-19 21:38:17.296617,,,
617309,증여 계약의 사해행위취소 적법 여부,대전지방법원-2024-가합-205402,2025-01-22,2025,1,1,,지방/기타,민사,,계약,law.go.kr,/DRF/lawService.do?OC=virtual.esq&target=prec&ID=617309&type=HTML&mobileYn=,2026-09-19 21:38:17.296617,,,
242387,"원고가 이 사건 상위 여행사에 모객 용역 또는 중개용역을 제공하였다거나 이 사건 하위 여행사로부터 모객 용역 또는 중개용역을 제공받아 이 사건 계약에 따른 용역이 실제로 수수되었다는 점에 관하여 원고가 제출한 증거들만으로는 이러한 사실을 인정하기 어렵고, 달리 이를 인정할 만한 증거가 없음",서울행정법원-2023-구합-63413,2025-01-17,2025,1,1,,지방/기타,일반행정,,계약,law.go.kr,/DRF/lawService.do?OC=virtual.esq&target=prec&ID=242387&type=HTML&mobileYn=,2026-09-19 21:38:17.296617,,,
609081,주식 양도계약 해지 시 미반환투자금은 계약의 위약금으로 보기 어려워 기타소득에 해당하지 아니함,서울고등법원-2024-누-56292,2025-01-17,2025,1,1,,지방/기타,일반행정,,계약,law.go.kr,/DRF/lawService.do?OC=virtual.esq&target=prec&ID=609081&type=HTML&mobileYn=,2026-09-19 21:38:17.296617,,,
421264,이 사건 매매계약상 매매대금을 초과하는 부분에 대해 무상취득으로 보고 구 지방세법 제11조 제1항 제2호의 세율을 적용한 이 사건 처분의 위법 여부,2024누49966,2025-01-16,2025,1,1,서울고등법원,고등법원,일반행정,처분청 승소,계약,law.go.kr,/DRF/lawService.do?OC=virtual.esq&target=prec&ID=421264&type=HTML&mobileYn=,2026-09-19 21:38:17.296617,,,
242291,"금전소비대차계약은 경제적 합리성을 현저히 흠결한 것이므로, 자녀로부터 받은 금원을 증여받은 것으로 추정할 수 있음",서울고등법원-2023-누-62450,2025-01-16,2025,1,1,,지방/기타,일반행정,,계약,law.go.kr,/DRF/lawService.do?OC=virtual.esq&target=prec&ID=242291&type=HTML&mobileYn=,2026-09-19 21:38:17.296617,,,
603509,"이 사건 대여금 채권의 압류를 통지하기 전, 피고와 이 사건 사업단이 이 사건 부속계약을 체결한 사실을 인정하기 부족하고, 이를 달리 인정할 증거가 없다.",서울고등법원(춘천)-2023-나-1369,2025-01-16,2025,1,1,,지방/기타,일반행정,,계약,law.go.kr,/DRF/lawService.do?OC=virtual.esq&target=prec&ID=603509&type=HTML&mobileYn=,2026-09-19 21:38:17.296617,,,
616419,이 사건 토지 매매대금이 매매계약서의 매매대금인 4억원임,창원지방법원-2023-구단-12287,2025-01-15,2025,1,1,,지방/기타,일반행정,,계약,law.go.kr,/DRF/lawService.do?OC=virtual.esq&target=prec&ID=616419&type=HTML&mobileYn=,2026-09-19 21:38:17.296617,,,
242405,경매 투자수강생이 투자계약에 따라 용역의 제공 없이 분배받은 수익금은 사업소득이 아닌 이자소득(비영업대금의 이익)에 해당한다고 봄이 타당함,의정부지방법원-2024-구합-10329,2025-01-14,2025,1,1,,지방/기타,일반행정,,계약,law.go.kr,/DRF/lawService.do?OC=virtual.esq&target=prec&ID=242405&type=HTML&mobileYn=,2026-09-19 21:38:17.296617,,,
607715,계약의 위약으로 인하여 받은 배상금을 기타소득으로 보아 과세한 처분은 적법함,○○지방법원-2024-구합-1266,2025-01-09,2025,1,1,,지방/기타,일반행정,,계약,law.go.kr,/DRF/lawService.do?OC=virtual.esq&target=prec&ID=607715&type=HTML&mobileYn=,2026-09-19 21:38:17.296617,,,
600295,보험금[보험계약자가 고지의무를 위반한 사실과 보험사고 발생 사이에 인과관계가 있는지 여부가 문제된 사건],2024다272941,2025-01-09,2025,1,1,대법원,대법원,민사,판결,계약,law.go.kr,/DRF/lawService.do?OC=virtual.esq&target=prec&ID=600295&type=HTML&mobileYn=,2026-09-19 21:38:17.296617,,,
600297,부당이득금[조합원 자격 요건을 갖추지 못한 사람이 지역주택조합과 조합가입계약을 체결하고 계약금을 납입한 뒤 조합가입계약 무효 등을 주장하면서 부당이득반환을 구하는 사건],2023다209403,2025-01-09,2025,1,1,대법원,대법원,민사,판결,계약,law.go.kr,/DRF/lawService.do?OC=virtual.esq&target=prec&ID=600297&type=HTML&mobileYn=,2026-09-19 21:38:17.296617,,,
242433,체납자가 채무초과상태에서 한 증여계약이 사해행위에 해당하는지,서울중앙지방법원-2024-가단-5220943,2025-01-08,2025,1,1,,지방/기타,민사,,계약,law.go.kr,/DRF/lawService.do?OC=virtual.esq&target=prec&ID=242433&type=HTML&mobileYn=,2026-09-19 21:38:17.296617,,,
600493,손해배상(기)[포괄임금계약의 최저임금법 위반 여부를 판단하는 방법이 문제된 사건],2020다300299,2024-12-26,2024,12,4,대법원,대법원,민사,판결,계약,law.go.kr,/DRF/lawService.do?OC=virtual.esq&target=prec&ID=600493&type=HTML&mobileYn=,2026-09-19 21:38:17.296617,,,
599671,구상금[아파트 입주자대표회의와 종합보험계약(화재보험계약)을 체결한 보험회사가 같은 입주자대표회의와 재난배상책임보험계약을 체결한 보험회사에 대하여 상법 제682조 제1항에 따라 피해세대 입주자들의 피고에 대한 직접청구권을 대위 행사할 수 있는지 여부가 문제된 사건],2024다250286,2024-12-26,2024,12,4,대법원,대법원,민사,판결,계약,law.go.kr,/DRF/lawService.do?OC=virtual.esq&target=prec&ID=599671&type=HTML&mobileYn=,2026-09-19 21:38:17.296617,,,
417826,(심리불속행) 종부세 과세기준일 현재 철거보상계약이 체결된 철거 예정주택은 재산세 비과세대상에 해당한다 하더라도 이는 건물부분에 한정하여 적용되므로 주택 부속토지 부분은 종부세 과세대상에 해당함,대법원-2024-두-55235,2024-12-24,2024,12,4,,지방/기타,일반행정,,계약,law.go.kr,/DRF/lawService.do?OC=virtual.esq&target=prec&ID=417826&type=HTML&mobileYn=,2026-09-19 21:38:17.296617,,,
242519,"원고와 신규주택의 임차인은 임대차 계약의 갱신 없이 임대차 계약의 종료일을 연장한바, 소득세법 제155조 제1항 제2호의 신규 주택 전입기간은 연장된 임대차기간이 끝나는 날임",서울행정법원-2024-구단-60339,2024-12-20,2024,12,4,,지방/기타,일반행정,,계약,law.go.kr,/DRF/lawService.do?OC=virtual.esq&target=prec&ID=242519&type=HTML&mobileYn=,2026-09-19 21:38:17.296617,,,
609193,이 사건 부동산 매매계약은 체납처분을 면하고자 조세채권자를 해함을 알면서 체결된 것으로 사해행위에 해당함,광주지방법원-2023-가단-510962,2024-12-13,2024,12,4,,지방/기타,민사,,계약,law.go.kr,/DRF/lawService.do?OC=virtual.esq&target=prec&ID=609193&type=HTML&mobileYn=,2026-09-19 21:38:17.296617,,,
600565,채무부존재확인[민간해외취업알선 지원 사업계약 종료 후 제재기준과 달리 환불 요구를 거치지 않고 한 지원금 환수통지의 효력이 문제된 사건],2024두41816,2024-12-12,2024,12,4,대법원,대법원,일반행정,판결,계약,law.go.kr,/DRF/lawService.do?OC=virtual.esq&target=prec&ID=600565&type=HTML&mobileYn=,2026-09-19 21:38:17.296617,,,
599609,손해배상(기)[분양자가 아파트 분양계약 체결 후 설계변경으로 문주(아파트 출입구에 설치하는 기둥 조형물)를 설치한 것과 관련하여 수분양자들에 대한 분양계약상 채무불이행책임이 인정되는지 여부가 문제된 사건],2024다267994,2024-12-12,2024,12,4,대법원,대법원,민사,판결,계약,law.go.kr,/DRF/lawService.do?OC=virtual.esq&target=prec&ID=599609&type=HTML&mobileYn=,2026-09-19 21:38:17.296617,,,
600563,채무부존재확인[휴대전화 위탁판매업자인 원고가 위탁판매계약을 체결하고 판매 수수료를 지급한 휴대전화 대리점인 피고를 상대로 판매 수수료 반환채무의 부존재 확인을 구하는 사건],2024다232721,2024-12-12,2024,12,4,대법원,대법원,민사,판결,계약,law.go.kr,/DRF/lawService.do?OC=virtual.esq&target=prec&ID=600563&type=HTML&mobileYn=,2026-09-19 21:38:17.296617,,,
242543,이 사건 비용은 위탁매매계약 파기에 따른 위약금으로 양도소득세 필요경비에 해당하지 않음,부산지방법원-2024-구합-22342,2024-12-12,2024,12,4,,지방/기타,일반행정,,계약,law.go.kr,/DRF/lawService.do?OC=virtual.esq&target=prec&ID=242543&type=HTML&mobileYn=,2026-09-19 21:38:17.296617,,,
421162,이 사건 계약이 적법하게 취소되어 그에 기한 취득세 과세처분이 위법하다고 볼 수 있는지 여부,2024누21188,2024-12-11,2024,12,4,부산고등법원,고등법원,일반행정,처분청 승소,계약,law.go.kr,/DRF/lawService.do?OC=virtual.esq&target=prec&ID=421162&type=HTML&mobileYn=,2026-09-19 21:38:17.296617,,,
417952,이사건 증여계약은 사해행위에 해당함,평택지원-2024-가단-70959,2024-11-29,2024,11,4,,지방/기타,일반행정,,계약,law.go.kr,/DRF/lawService.do?OC=virtual.esq&target=prec&ID=417952&type=HTML&mobileYn=,2026-09-19 21:38:17.296617,,,
421168,사후에 매매계약을 해제한 경우 취득세 추징사유가 소급하여 소멸하는지 여부,2022누21856,2024-11-29,2024,11,4,부산고등법원,고등법원,일반행정,처분청 승소,계약,law.go.kr,/DRF/lawService.do?OC=virtual.esq&target=prec&ID=421168&type=HTML&mobileYn=,2026-09-19 21:38:17.296617,,,
417534,거래사례주택은 상증세법 시행규칙(§15③) 요건을 충족하고 그 중 평가기준일 전후 가장 가까운 날에 매매계약 체결된 비교대상주택의 매매사례가액은 시가로 인정됨,서울행정법원-2024-구합-55396,2024-11-29,2024,11,4,,지방/기타,일반행정,,계약,law.go.kr,/DRF/lawService.do?OC=virtual.esq&target=prec&ID=417534&type=HTML&mobileYn=,2026-09-19 21:38:17.296617,,,
608615,"증여계약은 사해행위로서 취소되어야 하고, 수익자인 피고는 그 원상회복으로서 소유권이전등기의 말소등기절차를 이행할 의무가 있음",서울남부지방법원2023나69068 (2024. 11. 29),2024-11-29,2024,11,4,,지방/기타,민사,,계약,law.go.kr,/DRF/lawService.do?OC=virtual.esq&target=prec&ID=608615&type=HTML&mobileYn=,2026-09-19 21:38:17.296617,,,
417480,"주택건설업자가 취득한 멸실예정주택은 행정기관으로부터 철거명령을 받았다거나 철거보상계약이 체결된 건축물이 아닌 이상, 철거 ‘예정’ 사정만으로 종부세법상 과세대상 ‘주택’에서 배제하기 어려움",서울고등법원2023누54152,2024-11-28,2024,11,4,,지방/기타,일반행정,,계약,law.go.kr,/DRF/lawService.do?OC=virtual.esq&target=prec&ID=417480&type=HTML&mobileYn=,2026-09-19 21:38:17.296617,,,
417806,"(1심 패소부분 2심에서 국승)납부지연가산세의 기산일은 예정신고납부 기한의 다음날부터이고,신규주택의 전소유자와 임차인 사이의 임대차계약기간이 끝난 다음날부터로 볼 수는 없음",서울고등법원-2024-누-37338,2024-11-28,2024,11,4,,지방/기타,일반행정,,계약,law.go.kr,/DRF/lawService.do?OC=virtual.esq&target=prec&ID=417806&type=HTML&mobileYn=,2026-09-19 21:38:17.296617,,,
608841,종합부동산세 과세기준일인 2020. 6. 1. 당시 철거보상계약이 체결된 재산세 비과세대상,서울고등법원-2023-누-47475,2024-11-28,2024,11,4,,지방/기타,일반행정,,계약,law.go.kr,/DRF/lawService.do?OC=virtual.esq&target=prec&ID=608841&type=HTML&mobileYn=,2026-09-19 21:38:17.297615,,,
243363,"(심리불속행) 과세전적부심사는 과세처분의 필수전제가 아니며, 공동사업 개시일을 동업계약서상 명시된 날짜로 보아 과세한 처분은 적법함",대법원-2024-두-52380,2024-11-28,2024,11,4,,지방/기타,일반행정,,계약,law.go.kr,/DRF/lawService.do?OC=virtual.esq&target=prec&ID=243363&type=HTML&mobileYn=,2026-09-19 21:38:17.297615,,,
606889,이 사건 증여계약은 사해행위에 해당함,동부지원-2023-가단-133867,2024-11-27,2024,11,4,,지방/기타,민사,,계약,law.go.kr,/DRF/lawService.do?OC=virtual.esq&target=prec&ID=606889&type=HTML&mobileYn=,2026-09-19 21:38:17.297615,,,
242583,이 사건 매매계약이 사행행위인지 여부,대전지방법원-2023-가단-218589,2024-11-27,2024,11,4,,지방/기타,일반행정,,계약,law.go.kr,/DRF/lawService.do?OC=virtual.esq&target=prec&ID=242583&type=HTML&mobileYn=,2026-09-19 21:38:17.297615,,,
418238,피고와 체납자 사이에 체결된 부동산 매매계약은 사해행위임,대전지방법원-2024-나-202049,2024-11-26,2024,11,4,,지방/기타,민사,,계약,law.go.kr,/DRF/lawService.do?OC=virtual.esq&target=prec&ID=418238&type=HTML&mobileYn=,2026-09-19 21:38:17.297615,,,
604969,"이 사건 건물 신축과 관련하여 원고가 변경계약이나 추가공사계약이 체결되었음을 알 수 있는 계약서 등 객관적 자료를 전혀 제출하지 못하고 있으므로, 시공사로부터 수취한 세금계산서의 공급가액을 취득가앤으로 본 이 사건 처분은 적법함",수원지방법원-2023-구단-10864,2024-11-26,2024,11,4,,지방/기타,일반행정,,계약,law.go.kr,/DRF/lawService.do?OC=virtual.esq&target=prec&ID=604969&type=HTML&mobileYn=,2026-09-19 21:38:17.297615,,,
608261,특허권의 양수대금은 대표이사 가지급금 채무 정산을 위한 것에 불과하여  특허권 양수계약은 부당행위계산 부인대상임,인천지방법원-2024-구합-50319,2024-11-22,2024,11,4,,지방/기타,일반행정,,계약,law.go.kr,/DRF/lawService.do?OC=virtual.esq&target=prec&ID=608261&type=HTML&mobileYn=,2026-09-19 21:38:17.297615,,,
603575,명의신탁약정이 있었다 할지라도 이는 성질상 계약명의신탁으로 볼 수 있음,서울중앙지방법원-2024-가단-5185088,2024-11-21,2024,11,4,,지방/기타,민사,,계약,law.go.kr,/DRF/lawService.do?OC=virtual.esq&target=prec&ID=603575&type=HTML&mobileYn=,2026-09-19 21:38:17.297615,,,
242469,계약이 해제된 때에 발급된 수정세금계산서가 적법한지의 여부,수원지방법원-2024-구합-64070,2024-11-21,2024,11,4,,지방/기타,일반행정,,계약,law.go.kr,/DRF/lawService.do?OC=virtual.esq&target=prec&ID=242469&type=HTML&mobileYn=,2026-09-19 21:38:17.297615,,,
417828,독점공급계약을 통해 얻었어야 할 이익을 특수관계인에게 분여한 것으로서 부당해위계산 부인의 대상이 됨,의정부지방법원-2024-구합-11001,2024-11-19,2024,11,4,,지방/기타,일반행정,,계약,law.go.kr,/DRF/lawService.do?OC=virtual.esq&target=prec&ID=417828&type=HTML&mobileYn=,2026-09-19 21:38:17.297615,,,
418336,이 사건 부동산 매매계약은 사해행위에 해당함,수원지방법원-2024-가단-547658,2024-11-14,2024,11,4,,지방/기타,일반행정,,계약,law.go.kr,/DRF/lawService.do?OC=virtual.esq&target=prec&ID=418336&type=HTML&mobileYn=,2026-09-19 21:38:17.297615,,,
417678,피고와 체납자 사이에 체결된 현금증여계약은 사해행위임,대구지방법원 서부지원-2022-가합-51424,2024-11-14,2024,11,4,,지방/기타,민사,,계약,law.go.kr,/DRF/lawService.do?OC=virtual.esq&target=prec&ID=417678&type=HTML&mobileYn=,2026-09-19 21:38:17.297615,,,
242009,토지매수청구[지상권 설정계약에서 지료를 늘리지 않는다는 특약이 있는 경우 새로운 소유자에게 대항하기 위한 요건이 문제된 사건],2024다268997,2024-11-14,2024,11,4,대법원,대법원,민사,판결,계약,law.go.kr,/DRF/lawService.do?OC=virtual.esq&target=prec&ID=242009&type=HTML&mobileYn=,2026-09-19 21:38:17.297615,,,
242003,약정금[약정 내용 자체에서 원금 전액 반환과 아울러 추가로 사업 성공이나 이익 발생 등과 같은 조건충족에 결부시키지 않은 일정한 금전의 지급을 확정적으로 보장한 경우 이자제한법이 적용되는 금전소비대차계약에 해당하는지 여부가 문제된 사건],2023다272289,2024-11-14,2024,11,4,대법원,대법원,민사,판결,계약,law.go.kr,/DRF/lawService.do?OC=virtual.esq&target=prec&ID=242003&type=HTML&mobileYn=,2026-09-19 21:38:17.297615,,,
242473,이 사건 부동산 매매계약은 사해행위에 해당함,수원지방법원-2023-나-108019,2024-11-13,2024,11,4,,지방/기타,민사,,계약,law.go.kr,/DRF/lawService.do?OC=virtual.esq&target=prec&ID=242473&type=HTML&mobileYn=,2026-09-19 21:38:17.297615,,,
418356,이 사건 증여계약은 사해행위에 해당함,부천지원-2024-가단-114689,2024-11-13,2024,11,4,,지방/기타,일반행정,,계약,law.go.kr,/DRF/lawService.do?OC=virtual.esq&target=prec&ID=418356&type=HTML&mobileYn=,2026-09-19 21:38:17.297615,,,
601019,외환스왑계약의 스왑포인트가 지급이자인지 여부,서울고등법원-2023-누-54947,2024-11-06,2024,11,4,,지방/기타,일반행정,,계약,law.go.kr,/DRF/lawService.do?OC=virtual.esq&target=prec&ID=601019&type=HTML&mobileYn=,2026-09-19 21:38:17.297615,,,
242595,이 사건 매매계약이 채권자를 해하는 사해행위에 해당된다고 인정하기 부족함,부산지방법원-2024-가단-330300,2024-11-05,2024,11,4,,지방/기타,민사,,계약,law.go.kr,/DRF/lawService.do?OC=virtual.esq&target=prec&ID=242595&type=HTML&mobileYn=,2026-09-19 21:38:17.297615,,,
420954,국가 등과 용지매매계약 체결 후 매매대금 미지급 토지에 대한 재산세 납세의무자 판단,2024두48510,2024-10-31,2024,10,4,대법원,대법원,일반행정,처분청 일부 패소,계약,law.go.kr,/DRF/lawService.do?OC=virtual.esq&target=prec&ID=420954&type=HTML&mobileYn=,2026-09-19 21:38:17.297615,,,
499253,"(심리불속행)이 사건 명의대여계약에는 사업명의자 명의로 납부한 세액과 관련하여 발생한 국세환급금 등 이 사건 사업과 관련된 모든 손익을 실질사업자에게 귀속시키기로 하는 묵시적 합의가 포함되어 있으므로, 조세채권자는 실사업자를 대위하여 명의사업자에게 부당이득금반환청구권의 양도 및 양도통지를 구할 수 있음",대법원-2024-다-270501,2024-10-31,2024,10,4,,지방/기타,민사,,계약,law.go.kr,/DRF/lawService.do?OC=virtual.esq&target=prec&ID=499253&type=HTML&mobileYn=,2026-09-19 21:38:17.297615,,,
418618,이 사건 유사매매사례가액은 상증세법 시행령 제49조 제4항에 해당하지 않으며 매매사례가액 계약일과 증여일 사이에 가격변동의 특별한 사정이 없다고 보기 어려워 시가로 볼 수 없음,서울고등법원2024누43425,2024-10-29,2024,10,4,,지방/기타,일반행정,,계약,law.go.kr,/DRF/lawService.do?OC=virtual.esq&target=prec&ID=418618&type=HTML&mobileYn=,2026-09-19 21:38:17.297615,,,
615243,계약서 기재내용으로 원고가 현금매출을 누락하였다는 사정을 확인할 수 있음,인천지방법원-2024-구합-53233,2024-10-25,2024,10,4,,지방/기타,일반행정,,계약,law.go.kr,/DRF/lawService.do?OC=virtual.esq&target=prec&ID=615243&type=HTML&mobileYn=,2026-09-19 21:38:17.297615,,,
241895,손해배상(기)[주식매매를 통한 기업인수계약의 내용 중 진술 및 보장 조항 위반을 이유로 손해배상을 청구한 사건],2020다273007,2024-10-25,2024,10,4,대법원,대법원,민사,판결,계약,law.go.kr,/DRF/lawService.do?OC=virtual.esq&target=prec&ID=241895&type=HTML&mobileYn=,2026-09-19 21:38:17.297615,,,
418628,이 사건 쟁점 금액은 계약 해지에 따른 위약금으로 기타소득에 해당함,전주지방법원-2023-구합-10911,2024-10-24,2024,10,4,,지방/기타,일반행정,,계약,law.go.kr,/DRF/lawService.do?OC=virtual.esq&target=prec&ID=418628&type=HTML&mobileYn=,2026-09-19 21:38:17.297615,,,
618071,이 사건 부동산 매매계약이 사해행위인지 여부,안양지원-2024-가단-105292,2024-10-24,2024,10,4,,지방/기타,민사,,계약,law.go.kr,/DRF/lawService.do?OC=virtual.esq&target=prec&ID=618071&type=HTML&mobileYn=,2026-09-19 21:38:17.298617,,,
242589,부동산 교환계약에 의한 양도차익 발생 여부,청주지방법원-2023-구합-837,2024-10-24,2024,10,4,,지방/기타,일반행정,,계약,law.go.kr,/DRF/lawService.do?OC=virtual.esq&target=prec&ID=242589&type=HTML&mobileYn=,2026-09-19 21:38:17.298617,,,
617375,매매계약서 거래가액이 실지거래가액과 달라 자경감면을 전액 배제한 처분의 당부,청주지방법원-2024-구합-50532,2024-10-24,2024,10,4,,지방/기타,일반행정,,계약,law.go.kr,/DRF/lawService.do?OC=virtual.esq&target=prec&ID=617375&type=HTML&mobileYn=,2026-09-19 21:38:17.298617,,,
418178,이 사건 증여계약은 사해행위에 해당함,여주지원-2021-가단-19875,2024-10-23,2024,10,4,,지방/기타,민사,,계약,law.go.kr,/DRF/lawService.do?OC=virtual.esq&target=prec&ID=418178&type=HTML&mobileYn=,2026-09-19 21:38:17.298617,,,
418364,허위의 임대차계약서를 작성하여 배당절차에 참여한 가장 임차인에게는 배당이 불가함,대구지방법원 경주지원-2024-가단-644,2024-10-22,2024,10,4,,지방/기타,민사,,계약,law.go.kr,/DRF/lawService.do?OC=virtual.esq&target=prec&ID=418364&type=HTML&mobileYn=,2026-09-19 21:38:17.298617,,,
500971,이 사건 매매계약이 사해행위에 해당하는지 여부,서울중앙지방법원-2024-나-19002,2024-10-22,2024,10,4,,지방/기타,민사,,계약,law.go.kr,/DRF/lawService.do?OC=virtual.esq&target=prec&ID=500971&type=HTML&mobileYn=,2026-09-19 21:38:17.298617,,,
607523,"증여계약서 및 임시주주총회의사록에 의해 증여계약이 체결된 것으로 보이며, 위 체결일자에 사실상 주주로서의 권리를 행사할 수 있는 지위에 있었으며, 보충적평가방법에 의한 주식의 가액은 적법하며, 이에 부당무신고 가산세는 위법함",수원지방법원-2022-구합-81231,2024-10-17,2024,10,4,,지방/기타,일반행정,,계약,law.go.kr,/DRF/lawService.do?OC=virtual.esq&target=prec&ID=607523&type=HTML&mobileYn=,2026-09-19 21:38:17.298617,,,
620085,체납자와 피고 간의 분양권 증여계약은 사해행위로 취소되어야 함,천안지원-2022-가단-121755,2024-10-16,2024,10,4,,지방/기타,민사,,계약,law.go.kr,/DRF/lawService.do?OC=virtual.esq&target=prec&ID=620085&type=HTML&mobileYn=,2026-09-19 21:38:17.298617,,,
242533,"이 사건 신탁계약은 신탁계약의 실질을 갖추지 못한 것으로 무효이며, 신탁 계약이 유효라 하더라도 실질과세원칙에 따라 실질위탁자에게 부과된 이 사건 처분은 적법함",서울행정법원-2023-구합-71377,2024-10-15,2024,10,4,,지방/기타,일반행정,,계약,law.go.kr,/DRF/lawService.do?OC=virtual.esq&target=prec&ID=242533&type=HTML&mobileYn=,2026-09-19 21:38:17.298617,,,
242775,이 사건 각 신탁계약은 명의신탁 또는 수동신탁으로서 이러한 신탁관계는 신탁법상 신탁이라고 할 수 없어 무효이므로 실질적 위탁자인 원고가 종부세 납세의무를 부담함이 타당함,서울행정법원-2024-구합-50414,2024-10-15,2024,10,4,,지방/기타,일반행정,,계약,law.go.kr,/DRF/lawService.do?OC=virtual.esq&target=prec&ID=242775&type=HTML&mobileYn=,2026-09-19 21:38:17.298617,,,
600243,"납세의무가 성립되는 이상, 증여계약을 사해행위취소로 보아 취소하는 것은 적법함",서울고등법원-2023-나-2057761,2024-10-10,2024,10,4,,지방/기타,민사,,계약,law.go.kr,/DRF/lawService.do?OC=virtual.esq&target=prec&ID=600243&type=HTML&mobileYn=,2026-09-19 21:38:17.298617,,,
241773,하도급계약보증금,2022다217056,2024-10-08,2024,10,4,대법원,대법원,민사,판결,계약,law.go.kr,/DRF/lawService.do?OC=virtual.esq&target=prec&ID=241773&type=HTML&mobileYn=,2026-09-19 21:38:17.298617,,,
418768,모친과 체결한 임대차계약 및 소비대차계약의 실질은 증여에 해당함,서울고등법원2024누33237,2024-10-04,2024,10,4,,지방/기타,일반행정,,계약,law.go.kr,/DRF/lawService.do?OC=virtual.esq&target=prec&ID=418768&type=HTML&mobileYn=,2026-09-19 21:38:17.298617,,,
420972,이 사건 분양전환권 부여 계약이 매매계약에 해당하는지 여부,2024누30535,2024-10-02,2024,10,4,서울고등법원,고등법원,일반행정,처분청 승소,계약,law.go.kr,/DRF/lawService.do?OC=virtual.esq&target=prec&ID=420972&type=HTML&mobileYn=,2026-09-19 21:38:17.298617,,,
605903,원고가 이 사건 공사계약 관련하여 단순 명의대여자에 해당하는지 여부,대법원-2024-두-60039,2024-09-27,2024,9,3,,지방/기타,일반행정,,계약,law.go.kr,/DRF/lawService.do?OC=virtual.esq&target=prec&ID=605903&type=HTML&mobileYn=,2026-09-19 21:38:17.298617,,,
418814,부동산 증여에 대한 법원의 사해행위 취소판결로 수증자가 일부금액을 대한민국에 가액배상하였였더라도 증여계약이 다른 것으로 확정되거나 소급하여 취소된 것으로 볼 수 없어 후발적 경정청구 사유에 해당하지 않음,서울행정법원-2023-구합-86522,2024-09-27,2024,9,3,,지방/기타,일반행정,,계약,law.go.kr,/DRF/lawService.do?OC=virtual.esq&target=prec&ID=418814&type=HTML&mobileYn=,2026-09-19 21:38:17.298617,,,
241623,미지급대금등청구[집합건물 공용부분의 관리에 관한 계약에 대하여 관리단집회의 결의가 없는 경우 계약의 효력이 문제된 사건],2023다287861,2024-09-27,2024,9,3,대법원,대법원,민사,판결,계약,law.go.kr,/DRF/lawService.do?OC=virtual.esq&target=prec&ID=241623&type=HTML&mobileYn=,2026-09-19 21:38:17.298617,,,
605905,원고가 이 사건 공사계약 관련하여 단순 명의대여자에 해당하는지 여부,수원고등법원-2023-누-16086,2024-09-27,2024,9,3,,지방/기타,일반행정,,계약,law.go.kr,/DRF/lawService.do?OC=virtual.esq&target=prec&ID=605905&type=HTML&mobileYn=,2026-09-19 21:38:17.298617,,,
501025,이 사건 증여계약 및 매매예약이 사해행위에 해당하는지 여부,서울남부지방법원-2023-가단-248730,2024-09-27,2024,9,3,,지방/기타,일반행정,,계약,law.go.kr,/DRF/lawService.do?OC=virtual.esq&target=prec&ID=501025&type=HTML&mobileYn=,2026-09-19 21:38:17.299623,,,
351978,"중도해지시 해지환급금이 없는 보험계약을, 보험료 연체로 실효된 상태에서 보험계약자 명의변경을 하여 준 행위는 사해행위에 해당한다고 볼 수 없음",창원지방법원-2024-가단-106351,2024-09-27,2024,9,3,,지방/기타,민사,,계약,law.go.kr,/DRF/lawService.do?OC=virtual.esq&target=prec&ID=351978&type=HTML&mobileYn=,2026-09-19 21:38:17.299623,,,
615463,"법인인수계약은 양해각서의 내용을 구체화하기 위해 체결된 것으로 보이므로, 법인인수계약의 체결을 이유로 양해각서가 무효가 되었다고 볼 수 없음",광주지방법원-2023-구합-14152,2024-09-26,2024,9,3,,지방/기타,일반행정,,계약,law.go.kr,/DRF/lawService.do?OC=virtual.esq&target=prec&ID=615463&type=HTML&mobileYn=,2026-09-19 21:38:17.299623,,,
623971,계약금반환 등·손해배상(기),2023가단13936,2024-09-26,2024,9,3,수원지방법원,지방/기타,민사,판결,계약,law.go.kr,/DRF/lawService.do?OC=virtual.esq&target=prec&ID=623971&type=HTML&mobileYn=,2026-09-19 21:38:17.299623,,,
619273,계약금등반환청구의소,2024나220,2024-09-24,2024,9,3,서울중앙지방법원,지방/기타,민사,판결,계약,law.go.kr,/DRF/lawService.do?OC=virtual.esq&target=prec&ID=619273&type=HTML&mobileYn=,2026-09-19 21:38:17.299623,,,
242211,이 사건 부동산 증여계약은 사해행위에 해당함,춘천지방법원-2024-가단-32009,2024-09-20,2024,9,3,,지방/기타,일반행정,,계약,law.go.kr,/DRF/lawService.do?OC=virtual.esq&target=prec&ID=242211&type=HTML&mobileYn=,2026-09-19 21:38:17.299623,,,
418352,"보험계약자 명의변경은 그 범위 내에서 공동담보가 감소됨에 따라 채권자들은 종전보다 더 불리한 지위에 놓이게 되므로, 특별한 사정이 없는 한 다른 채권자들을 해치는 사해행위에 해당함",수원지방법원-2024-가단-514856,2024-09-12,2024,9,3,,지방/기타,일반행정,,계약,law.go.kr,/DRF/lawService.do?OC=virtual.esq&target=prec&ID=418352&type=HTML&mobileYn=,2026-09-19 21:38:17.299623,,,
344601,계약명의신탁에 대한 토지의 공매처분이 집합건물의 분리처분금지에 위배되지 않음,서울중앙지방법원-2023-가단-5355941,2024-09-12,2024,9,3,,지방/기타,일반행정,,계약,law.go.kr,/DRF/lawService.do?OC=virtual.esq&target=prec&ID=344601&type=HTML&mobileYn=,2026-09-19 21:38:17.299623,,,
418632,"체납자는 부동산 증여계약 당시 소극재산이 적극재산을 초과하는 채무초과상태였고, 부동산 증여로 인하여 일반채권자들을 위한 공동담보의 부족을 초래하는 사해행위에 해당함",천안지원2024가단118067,2024-09-11,2024,9,3,,지방/기타,민사,,계약,law.go.kr,/DRF/lawService.do?OC=virtual.esq&target=prec&ID=418632&type=HTML&mobileYn=,2026-09-19 21:38:17.299623,,,
351772,법인이 대표이사의 아들과 체결한 산업재산권 양도계약은 사해행위에 해당함,대구지방법원-2024-가단-133210,2024-09-10,2024,9,3,,지방/기타,민사,,계약,law.go.kr,/DRF/lawService.do?OC=virtual.esq&target=prec&ID=351772&type=HTML&mobileYn=,2026-09-19 21:38:17.299623,,,
417966,"체납자는 부동산 증여계약 당시 소극재산이 적극재산을 초과하는 채무초과상태였고, 증여로 인하여 일반채권자들을 위한 공동담보의 부족을 초래하는 사해행위이며, 수익자의 악의는 추정됨",충주지원2023가합5311,2024-09-05,2024,9,3,,지방/기타,민사,,계약,law.go.kr,/DRF/lawService.do?OC=virtual.esq&target=prec&ID=417966&type=HTML&mobileYn=,2026-09-19 21:38:17.299623,,,
600167,이 사건 매매계약 당시 채무초과상태가 아니므로 사해행위 아님,서울남부지방법원-2023-나-69235,2024-09-05,2024,9,3,,지방/기타,민사,,계약,law.go.kr,/DRF/lawService.do?OC=virtual.esq&target=prec&ID=600167&type=HTML&mobileYn=,2026-09-19 21:38:17.299623,,,
605539,방송사와의 사이에서 출연계약을 체결한 당사자와 출연료채권의 귀속자,서울고등법원-2023-나-2004071,2024-08-30,2024,8,3,,지방/기타,민사,,계약,law.go.kr,/DRF/lawService.do?OC=virtual.esq&target=prec&ID=605539&type=HTML&mobileYn=,2026-09-19 21:38:17.299623,,,
350630,"(심리불속행기각)부동산 취득행위와 별도로 성립한 계약과 관련하여 지출한 소송비용, 화해비용 등은 필요경비에 해당하지 않음",대법원-2024-두-41915,2024-08-29,2024,8,3,,지방/기타,일반행정,,계약,law.go.kr,/DRF/lawService.do?OC=virtual.esq&target=prec&ID=350630&type=HTML&mobileYn=,2026-09-19 21:38:17.299623,,,
418512,렌터카 업체가 대여차량 보험계약을 위해 계약자로부터 수취한 차량보험 대가는 부가가치세 면세대상이 아님,서울행정법원-2024-구합-52076,2024-08-27,2024,8,3,,지방/기타,일반행정,,계약,law.go.kr,/DRF/lawService.do?OC=virtual.esq&target=prec&ID=418512&type=HTML&mobileYn=,2026-09-19 21:38:17.299623,,,
244233,주식 양도시기는 매매계약 체결일이 아니라 대금청산일임,서울행정법원-2023-구단-54474,2024-08-23,2024,8,3,,지방/기타,일반행정,,계약,law.go.kr,/DRF/lawService.do?OC=virtual.esq&target=prec&ID=244233&type=HTML&mobileYn=,2026-09-19 21:38:17.299623,,,
349166,"종부세 과세기준일 현재 철거보상계약이 체결된 주택에 따른 재산세 비과세 특례는 건축물인 주택 건물 부분에 한하여 적용되어야 하는 것이고, 주택의 부속토지인 이 사건 부속토지 부분은 특별한 사정이 없는 한 여전히 구 종합부동산세법 제7조 제1항에 의한 종부세 과세대상이 된다고 봄이 타당함",서울고등법원-2023-누-55483,2024-08-23,2024,8,3,,지방/기타,일반행정,,계약,law.go.kr,/DRF/lawService.do?OC=virtual.esq&target=prec&ID=349166&type=HTML&mobileYn=,2026-09-19 21:38:17.299623,,,
418172,이 사건 양도계약은 사해행위에 해당한다.,춘천지방법원-2022-가단-37635,2024-08-23,2024,8,3,,지방/기타,일반행정,,계약,law.go.kr,/DRF/lawService.do?OC=virtual.esq&target=prec&ID=418172&type=HTML&mobileYn=,2026-09-19 21:38:17.299623,,,
600251,이 사건 근저당권설정계약이 사해행위에 해당하는지 여부,서울중앙지방법원-2023-가단-5141104,2024-08-22,2024,8,3,,지방/기타,민사,,계약,law.go.kr,/DRF/lawService.do?OC=virtual.esq&target=prec&ID=600251&type=HTML&mobileYn=,2026-09-19 21:38:17.299623,,,
614935,2건의 매매계약이 사해행위인지 여부,춘천지방법원-2020-가단-55899,2024-08-21,2024,8,3,,지방/기타,민사,,계약,law.go.kr,/DRF/lawService.do?OC=virtual.esq&target=prec&ID=614935&type=HTML&mobileYn=,2026-09-19 21:38:17.299623,,,
242247,이 사건 부동산 증여계약은 사해행위에 해당함,수원지방법원-2023-가단-254655,2024-08-21,2024,8,3,,지방/기타,일반행정,,계약,law.go.kr,/DRF/lawService.do?OC=virtual.esq&target=prec&ID=242247&type=HTML&mobileYn=,2026-09-19 21:38:17.299623,,,
500519,이 사건 증여계약은 사해행위로 볼 수 없음,서울중앙지방법원-2024-나-16058,2024-08-21,2024,8,3,,지방/기타,일반행정,,계약,law.go.kr,/DRF/lawService.do?OC=virtual.esq&target=prec&ID=500519&type=HTML&mobileYn=,2026-09-19 21:38:17.299623,,,
418554,매매계약이 아닌 매매예약에 기한 가등기이며 제척기간이 경과하였음,대법원2024다249903,2024-08-19,2024,8,3,,지방/기타,민사,,계약,law.go.kr,/DRF/lawService.do?OC=virtual.esq&target=prec&ID=418554&type=HTML&mobileYn=,2026-09-19 21:38:17.299623,,,
241381,원상회복금[처분문서에 기재된 공제 및 상계 약정의 해석이 문제된 사건],2024다227699,2024-08-01,2024,8,3,대법원,대법원,민사,판결,계약,law.go.kr,/DRF/lawService.do?OC=virtual.esq&target=prec&ID=241381&type=HTML&mobileYn=,2026-09-19 21:38:17.299623,,,
242279,세입자와의 이중계약을 작성하고 계좌로 입금받은 금액은 대여금의 회수가 아닌 임대수입에 해당함,수원고등법원-2023-누-10194,2024-07-26,2024,7,3,,지방/기타,일반행정,,계약,law.go.kr,/DRF/lawService.do?OC=virtual.esq&target=prec&ID=242279&type=HTML&mobileYn=,2026-09-19 21:38:17.299623,,,
241247,구상금[외국적 요소가 있는 보험계약에서 보험자대위의 준거법 및 그에 따른 보험자대위 방법이 문제된 사건],2019다256501,2024-07-25,2024,7,3,대법원,대법원,민사,판결,계약,law.go.kr,/DRF/lawService.do?OC=virtual.esq&target=prec&ID=241247&type=HTML&mobileYn=,2026-09-19 21:38:17.299623,,,
418266,매매계약 완결권의 제척기간 도과로 인한 소멸,대전지방법원-2024-가단-211394,2024-07-24,2024,7,3,,지방/기타,일반행정,,계약,law.go.kr,/DRF/lawService.do?OC=virtual.esq&target=prec&ID=418266&type=HTML&mobileYn=,2026-09-19 21:38:17.299623,,,
348778,체납자가 아들과 체결한 부동산 증여계약은 사해행위에 해당함,대구지방법원 김천지원-2024-가단-32446,2024-07-24,2024,7,3,,지방/기타,민사,,계약,law.go.kr,/DRF/lawService.do?OC=virtual.esq&target=prec&ID=348778&type=HTML&mobileYn=,2026-09-19 21:38:17.299623,,,
605523,"이 사건 증여계약은 협의이혼에 따른 재산분할합의는 사해행위로 볼수 없고, 아들에게 대한 증여계약은 특별한 사정이 없는 한 채권자인 원고에 대하여 사해행위가 됨",서울중앙지방법원-2023-가단-5263158,2024-07-23,2024,7,3,,지방/기타,일반행정,,계약,law.go.kr,/DRF/lawService.do?OC=virtual.esq&target=prec&ID=605523&type=HTML&mobileYn=,2026-09-19 21:38:17.299623,,,
242281,이 사건 협의계약서 및 3자간 합의서의 무효여부,춘천지방법원-2023-구합-649,2024-07-23,2024,7,3,,지방/기타,일반행정,,계약,law.go.kr,/DRF/lawService.do?OC=virtual.esq&target=prec&ID=242281&type=HTML&mobileYn=,2026-09-19 21:38:17.299623,,,
242275,이 사건 부동산에 대한 매매계약서의 거래가액을 실지거래가액과 다르게 적은 경우에 양도소득세의 비과세 감면을 제한함,수원지방법원-2023-구단-2979,2024-07-19,2024,7,3,,지방/기타,일반행정,,계약,law.go.kr,/DRF/lawService.do?OC=virtual.esq&target=prec&ID=242275&type=HTML&mobileYn=,2026-09-19 21:38:17.299623,,,
418234,"과세전적부심사는 과세처분의 필수전제가 아니며, 공동사업 개시일을 동업계약서상 명시된 날짜로 보아 과세한 처분은 적법함",서울고등법원-2023-누-50150,2024-07-18,2024,7,3,,지방/기타,일반행정,,계약,law.go.kr,/DRF/lawService.do?OC=virtual.esq&target=prec&ID=418234&type=HTML&mobileYn=,2026-09-19 21:38:17.299623,,,
501293,계약명의신탁의 명의수탁자는 명의신탁자에 대하여 부당이득반환의무를 부담하게 되는 것임,수원지방법원-2021-가합-21374,2024-07-17,2024,7,3,,지방/기타,민사,,계약,law.go.kr,/DRF/lawService.do?OC=virtual.esq&target=prec&ID=501293&type=HTML&mobileYn=,2026-09-19 21:38:17.299623,,,
242245,양도소득세 감면한도액 초과를 회피하기 위한 형식적인 계약에 해당하여 토지의 양도시기는 이 사건 토지의 최종 잔금청산일이라고 봄이 상당함,수원고등법원-2023-누-15359,2024-07-17,2024,7,3,,지방/기타,일반행정,,계약,law.go.kr,/DRF/lawService.do?OC=virtual.esq&target=prec&ID=242245&type=HTML&mobileYn=,2026-09-19 21:38:17.299623,,,
418866,보험계약자 명의를 변경해 줌에 따라 일반채권자를 위한 공동담보가 줄어들게 되어 채무초과상태가 심화되었다면 이는 사해행위에 해당함,성남지원-2023-가단-240977,2024-07-12,2024,7,3,,지방/기타,민사,,계약,law.go.kr,/DRF/lawService.do?OC=virtual.esq&target=prec&ID=418866&type=HTML&mobileYn=,2026-09-19 21:38:17.299623,,,
418556,실지조사 방법에 의하여 매매계약서의 취득가액을 부인한 과세처분은 정당함,서울행정법원-2022-구단-72673,2024-07-12,2024,7,3,,지방/기타,일반행정,,계약,law.go.kr,/DRF/lawService.do?OC=virtual.esq&target=prec&ID=418556&type=HTML&mobileYn=,2026-09-19 21:38:17.299623,,,
605525,이 사건 매매계약은 특별한 사정이 없는 한 채권자인 원고에 대하여 사해행위가 됨,부산고등법원(창원)-2023-나-10972,2024-07-11,2024,7,3,,지방/기타,민사,,계약,law.go.kr,/DRF/lawService.do?OC=virtual.esq&target=prec&ID=605525&type=HTML&mobileYn=,2026-09-19 21:38:17.299623,,,
241059,보험금[피보험자가 위험분담제에 따라 제약회사로부터 지급받은 환급금이 보험계약에서 지급대상으로 정한 본인부담금에 해당하는지 여부가 문제된 사건],2024다223949,2024-07-11,2024,7,3,대법원,대법원,민사,판결,계약,law.go.kr,/DRF/lawService.do?OC=virtual.esq&target=prec&ID=241059&type=HTML&mobileYn=,2026-09-19 21:38:17.299623,,,
418696,이 사건 법인과 현물출자 계약을 체결하고 법인에 현물출자하여 주식을 취득하였으므로 결과적으로 제3자에게 대토보상권이 이전되었다고 봄이 타당함,수원지방법원-2023-구합-11713,2024-07-10,2024,7,3,,지방/기타,일반행정,,계약,law.go.kr,/DRF/lawService.do?OC=virtual.esq&target=prec&ID=418696&type=HTML&mobileYn=,2026-09-19 21:38:17.299623,,,
617379,이혼 후 보험계약 명의 변경 사해행위취소 해당 여부,대전지방법원-2023-가단-238675,2024-07-09,2024,7,3,,지방/기타,민사,,계약,law.go.kr,/DRF/lawService.do?OC=virtual.esq&target=prec&ID=617379&type=HTML&mobileYn=,2026-09-19 21:38:17.299623,,,
604837,"이 사건 증여계약은 사해행위에 해당하므로, 그 계약을 취소해야 함",서울중앙지방법원-2022-가단-5358769,2024-07-09,2024,7,3,,지방/기타,일반행정,,계약,law.go.kr,/DRF/lawService.do?OC=virtual.esq&target=prec&ID=604837&type=HTML&mobileYn=,2026-09-19 21:38:17.299623,,,
604839,"원고가 제출한 이 사건1매매계약서, 도급계약서를 진정한 매매계약서로 보기 어려우므로, 원고가 주장하는 취득원가 및 기타필요경비를 인정할 수 없음",서울행정법원-2023-구합-69473,2024-07-05,2024,7,3,,지방/기타,일반행정,,계약,law.go.kr,/DRF/lawService.do?OC=virtual.esq&target=prec&ID=604839&type=HTML&mobileYn=,2026-09-19 21:38:17.299623,,,
418528,주식을 양도하기로 하고 수령한 투자금을 계약해지하고 반환하지 않았다고 계약의 위약으로 인해 받는 위약금에 해당한다고 보기 어려워 기타소득으로 볼 수 없음,서울행정법원-2023-구합-69312,2024-07-04,2024,7,3,,지방/기타,일반행정,,계약,law.go.kr,/DRF/lawService.do?OC=virtual.esq&target=prec&ID=418528&type=HTML&mobileYn=,2026-09-19 21:38:17.299623,,,
350682,증여계약이 사해행위에 해당하는지 여부,제주지방법원-2022-가단-69300,2024-06-28,2024,6,2,,지방/기타,민사,,계약,law.go.kr,/DRF/lawService.do?OC=virtual.esq&target=prec&ID=350682&type=HTML&mobileYn=,2026-09-19 21:38:17.299623,,,
240951,근로기준법위반[기간제 근로계약의 근로조건 명시의무가 문제된 사건],2020도16541,2024-06-27,2024,6,2,대법원,대법원,형사,판결,계약,law.go.kr,/DRF/lawService.do?OC=virtual.esq&target=prec&ID=240951&type=HTML&mobileYn=,2026-09-19 21:38:17.300617,,,
240969,임대차보증금[상가건물 임대차계약의 묵시적 갱신이 문제된 사건],2023다307024,2024-06-27,2024,6,2,대법원,대법원,민사,판결,계약,law.go.kr,/DRF/lawService.do?OC=virtual.esq&target=prec&ID=240969&type=HTML&mobileYn=,2026-09-19 21:38:17.300617,,,
608873,(심리불속행 기각)은행 담보대출시 제출된 매매계약서의 매매가액을 실지거래가액으로 보아 양도차익을 산정한 것은 적법함,대법원-2024-두-39080,2024-06-27,2024,6,2,,지방/기타,일반행정,,계약,law.go.kr,/DRF/lawService.do?OC=virtual.esq&target=prec&ID=608873&type=HTML&mobileYn=,2026-09-19 21:38:17.300617,,,
351646,각 부동산에 관해 체결된 증여계약은 사해행위로서 취소되어야 함,서울북부지방법원-2023-가단-169168,2024-06-27,2024,6,2,,지방/기타,민사,,계약,law.go.kr,/DRF/lawService.do?OC=virtual.esq&target=prec&ID=351646&type=HTML&mobileYn=,2026-09-19 21:38:17.300617,,,
240941,입찰참가자격제한처분취소[국가계약법 제27조 제1항 제1호의 ‘계약을 이행할 때에 부정한 행위를 한 자’에 해당하는지 여부가 문제된 사건],2024두32393,2024-06-27,2024,6,2,대법원,대법원,일반행정,판결,계약,law.go.kr,/DRF/lawService.do?OC=virtual.esq&target=prec&ID=240941&type=HTML&mobileYn=,2026-09-19 21:38:17.300617,,,
601953,부당이득금[매매계약의 무효에 따른 부당이득반환청구권의 소멸시효 기산점이 문제된 사건],2023다302920,2024-06-27,2024,6,2,대법원,대법원,민사,판결,계약,law.go.kr,/DRF/lawService.do?OC=virtual.esq&target=prec&ID=601953&type=HTML&mobileYn=,2026-09-19 21:38:17.300617,,,
240965,보험금[보험계약상 통지의무 위반이 문제된 사건],2024다219766,2024-06-27,2024,6,2,대법원,대법원,민사,판결,계약,law.go.kr,/DRF/lawService.do?OC=virtual.esq&target=prec&ID=240965&type=HTML&mobileYn=,2026-09-19 21:38:17.300617,,,
418562,이 사건 부동산에 대한 매매계약을 취소함,천안지원-2022-가단-120349,2024-06-27,2024,6,2,,지방/기타,민사,,계약,law.go.kr,/DRF/lawService.do?OC=virtual.esq&target=prec&ID=418562&type=HTML&mobileYn=,2026-09-19 21:38:17.300617,,,
420952,국가 등과 용지매매계약 체결 후 매매대금 미지급 토지에 대한 재산세 납세의무자 판단,2023누455,2024-06-26,2024,6,2,서울고등법원,고등법원,일반행정,처분청 일부 패소,계약,law.go.kr,/DRF/lawService.do?OC=virtual.esq&target=prec&ID=420952&type=HTML&mobileYn=,2026-09-19 21:38:17.300617,,,
351652,계약 당시에는 이 사건 영업비용 지급의무가 충분히 성숙·확정되어 손금으로서의 인식 요건을 충족하였다고 보기 어려움,서울고등법원-2024-누-36083,2024-06-25,2024,6,2,,지방/기타,일반행정,,계약,law.go.kr,/DRF/lawService.do?OC=virtual.esq&target=prec&ID=351652&type=HTML&mobileYn=,2026-09-19 21:38:17.300617,,,
351766,증여세 과세표준 신고기한 이후 계약의 합의해제에 의하여 증여재산을 반환하는 경우 증여세를 부과할 수 있음,서울행정법원-2023-구합-72653,2024-06-21,2024,6,2,,지방/기타,일반행정,,계약,law.go.kr,/DRF/lawService.do?OC=virtual.esq&target=prec&ID=351766&type=HTML&mobileYn=,2026-09-19 21:38:17.300617,,,
242649,사해행위에 해당하는 증여계약 취소,동부지원-2024-가단-108608,2024-06-20,2024,6,2,,지방/기타,민사,,계약,law.go.kr,/DRF/lawService.do?OC=virtual.esq&target=prec&ID=242649&type=HTML&mobileYn=,2026-09-19 21:38:17.300617,,,
421226,이 사건 매매계약상 매매대금을 초과하는 부분에 대해 무상취득으로 보고 구 지방세법 제11조 제1항 제2호의 세율을 적용한 이 사건 처분의 위법 여부,2023구단66088,2024-06-19,2024,6,2,서울행정법원,지방/기타,일반행정,처분청 승소,계약,law.go.kr,/DRF/lawService.do?OC=virtual.esq&target=prec&ID=421226&type=HTML&mobileYn=,2026-09-19 21:38:17.300617,,,
244427,이 사건 상속재산협의분할 계약이 사해행위에 해당하는지 여부,서울중앙지방법원-2023-가단-5354870,2024-06-18,2024,6,2,,지방/기타,민사,,계약,law.go.kr,/DRF/lawService.do?OC=virtual.esq&target=prec&ID=244427&type=HTML&mobileYn=,2026-09-19 21:38:17.300617,,,
600183,(심리불속행)이 사건 대여금의 채권의 실제 채권자는 금전소비대차계약서상 명의자가 아니라 체납자가 실제 채권자임,대법원-2024-다-228685,2024-06-17,2024,6,2,,지방/기타,민사,,계약,law.go.kr,/DRF/lawService.do?OC=virtual.esq&target=prec&ID=600183&type=HTML&mobileYn=,2026-09-19 21:38:17.300617,,,
499255,"이 사건 명의대여계약에는 사업명의자 명의로 납부한 세액과 관련하여 발생한 국세환급금 등 이 사건 사업과 관련된 모든 손익을 실질사업자에게 귀속시키기로 하는 묵시적 합의가 포함되어 있으므로, 조세채권자는 실사업자를 대위하여 명의사업자에게 부당이득금반환청구권의 양도 및 양도통지를 구할 수 있음",서울고등법원-2024-나-2013935,2024-06-13,2024,6,2,,지방/기타,민사,,계약,law.go.kr,/DRF/lawService.do?OC=virtual.esq&target=prec&ID=499255&type=HTML&mobileYn=,2026-09-19 21:38:17.300617,,,
351390,"유사매매사례가액은 매매계약일을 기준으로 판단하며, 그 매매계약일이 평가기간 이내에 해당하는 경우에는 시가에 해당함",서울행정법원-2023-구합-66924,2024-06-13,2024,6,2,,지방/기타,일반행정,,계약,law.go.kr,/DRF/lawService.do?OC=virtual.esq&target=prec&ID=351390&type=HTML&mobileYn=,2026-09-19 21:38:17.300617,,,
240913,유류분반환청구의소[계약명의신탁의 명의수탁자가 명의신탁된 부동산을 명의신탁자에게 양도하고 사망한 경우 소유권이전등기의 효력 및 그 부동산이 유류분 산정의 기초재산에 산입되는 증여에 해당하는지 문제된 사건],2023다304568,2024-06-13,2024,6,2,대법원,대법원,민사,판결,계약,law.go.kr,/DRF/lawService.do?OC=virtual.esq&target=prec&ID=240913&type=HTML&mobileYn=,2026-09-19 21:38:17.300617,,,
349422,상위 여행사에 모객 용역 또는 중개용역을 제공하였다거나 하위 여행사로부터 제공받는 등 계약에 따른 용역이 실제로 수수되었다는 점에 관하여 이를 인정할 만한 증거가 없음,서울행정법원-2023-구합-72356,2024-06-13,2024,6,2,,지방/기타,일반행정,,계약,law.go.kr,/DRF/lawService.do?OC=virtual.esq&target=prec&ID=349422&type=HTML&mobileYn=,2026-09-19 21:38:17.300617,,,
417750,매매계약상 통상의 거래관행을 벗어난 토지와 건물가액은 토지의 가액과 건물의 가액이 불분명한 경우에 해당함,서울고등법원-2023-누-66698,2024-06-13,2024,6,2,,지방/기타,일반행정,,계약,law.go.kr,/DRF/lawService.do?OC=virtual.esq&target=prec&ID=417750&type=HTML&mobileYn=,2026-09-19 21:38:17.300617,,,
243989,이 사건 보험계약자 명의변경은 사해행위에 해당하여 취소함,수원지방법원-2022-나-106481,2024-06-12,2024,6,2,,지방/기타,일반행정,,계약,law.go.kr,/DRF/lawService.do?OC=virtual.esq&target=prec&ID=243989&type=HTML&mobileYn=,2026-09-19 21:38:17.300617,,,
351718,이 사건 증여계약은 사해행위에 해당함,서부지원-2023-가단-67016,2024-06-08,2024,6,2,,지방/기타,민사,,계약,law.go.kr,/DRF/lawService.do?OC=virtual.esq&target=prec&ID=351718&type=HTML&mobileYn=,2026-09-19 21:38:17.300617,,,
418028,이 사건 증여계약은 사해행위에 해당함,고양지원-2022-가단-93468,2024-05-31,2024,5,2,,지방/기타,민사,,계약,law.go.kr,/DRF/lawService.do?OC=virtual.esq&target=prec&ID=418028&type=HTML&mobileYn=,2026-09-19 21:38:17.300617,,,
424034,"원고가 노인복지시설 사용을 목적으로 취득한 부동산에 대해 취득세 등을 감면받고, 추징사유가 발생하여 자진신고한 이후, 매매계약 자체를 부인하며 취득세 등 부과처분의 당연무효를 주장하는 경우에 대한 판단",2024두34900,2024-05-30,2024,5,2,대법원,대법원,일반행정,처분청 승소,계약,law.go.kr,/DRF/lawService.do?OC=virtual.esq&target=prec&ID=424034&type=HTML&mobileYn=,2026-09-19 21:38:17.300617,,,
421348,지방세법 제109조 제3항에 따라 재산세가 비과세되는 ‘유지’에 대해 제3자와 임대차계약을 체결하고 임대료를 받고 있는 경우 재산세 비과세 대상인지 여부,2024두35057,2024-05-30,2024,5,2,대법원,대법원,일반행정,처분청 일부 패소,계약,law.go.kr,/DRF/lawService.do?OC=virtual.esq&target=prec&ID=421348&type=HTML&mobileYn=,2026-09-19 21:38:17.300617,,,
600245,부부간의 예금주 명의신탁계약을 사해행위로 보아 취소,서울고등법원 2023나2043601 사해행위취소 등,2024-05-29,2024,5,2,,지방/기타,민사,,계약,law.go.kr,/DRF/lawService.do?OC=virtual.esq&target=prec&ID=600245&type=HTML&mobileYn=,2026-09-19 21:38:17.300617,,,
612905,계약금반환청구의소,2023가단116664,2024-05-28,2024,5,2,부산지방법원동부지원,지방/기타,민사,판결,계약,law.go.kr,/DRF/lawService.do?OC=virtual.esq&target=prec&ID=612905&type=HTML&mobileYn=,2026-09-19 21:38:17.300617,,,
349178,증여계약 당시 채무초과상태에 있었는지 여부,부산지방법원-2023-가단-314189,2024-05-28,2024,5,2,,지방/기타,민사,,계약,law.go.kr,/DRF/lawService.do?OC=virtual.esq&target=prec&ID=349178&type=HTML&mobileYn=,2026-09-19 21:38:17.300617,,,
418856,보험계약을 해지하고 배우자의 계좌로 환급금을 송금한 행위가 원고에 대한 사해행위로서 취소대상인지 여부,2023가단35909,2024-05-24,2024,5,2,,지방/기타,일반행정,,계약,law.go.kr,/DRF/lawService.do?OC=virtual.esq&target=prec&ID=418856&type=HTML&mobileYn=,2026-09-19 21:38:17.300617,,,
619037,피고에 대한 비상장주식 증여계약은 사해행위에 해당함,성남지원-2023-가단-222702,2024-05-23,2024,5,2,,지방/기타,민사,,계약,law.go.kr,/DRF/lawService.do?OC=virtual.esq&target=prec&ID=619037&type=HTML&mobileYn=,2026-09-19 21:38:17.300617,,,
608287,노무도급계약에 기한 공사대금채권으로 우선변제권이 인정되는 임금채권에 해당하지 않음,안산지원-2024-가단-60094,2024-05-22,2024,5,2,,지방/기타,민사,,계약,law.go.kr,/DRF/lawService.do?OC=virtual.esq&target=prec&ID=608287&type=HTML&mobileYn=,2026-09-19 21:38:17.300617,,,
244975,상속재산분할협의 계약이 사해행위에 해당하는지 여부,서울서부지방법원-2024-가단-221137,2024-05-17,2024,5,2,,지방/기타,민사,,계약,law.go.kr,/DRF/lawService.do?OC=virtual.esq&target=prec&ID=244975&type=HTML&mobileYn=,2026-09-19 21:38:17.300617,,,
418476,토지 임대 후 임차인이 건설한 건물은 임대차계약의 내용 및 이후 철거 경위를 살펴볼 때 토지 임대인에게 귀속되는 것임,서울행정법원-2023-구합-65389,2024-05-16,2024,5,2,,지방/기타,일반행정,,계약,law.go.kr,/DRF/lawService.do?OC=virtual.esq&target=prec&ID=418476&type=HTML&mobileYn=,2026-09-19 21:38:17.300617,,,
351192,체납자에 대한 용역계약이 계약해지되었다거나 이행기 미도래하였다는 주장은 뒷받침할 만한 근거가 없어 타당하지 아니함,서울중앙지방법원-2023-가단-5301975,2024-05-14,2024,5,2,,지방/기타,민사,,계약,law.go.kr,/DRF/lawService.do?OC=virtual.esq&target=prec&ID=351192&type=HTML&mobileYn=,2026-09-19 21:38:17.300617,,,
349142,매매계약이 아닌 매매예약에 기한 가등기이며 제척기간이 경과하였음,서울동부지방법원2022나37849,2024-05-10,2024,5,2,,지방/기타,민사,,계약,law.go.kr,/DRF/lawService.do?OC=virtual.esq&target=prec&ID=349142&type=HTML&mobileYn=,2026-09-19 21:38:17.300617,,,
240833,약정금반환[유사투자자문업자가 투자자문업을 영위하는 내용의 계약을 체결하면서 손실보전 내지 이익보장을 한 경우의 그 효력이 문제된 사건],2023다311665,2024-05-09,2024,5,2,대법원,대법원,민사,판결,계약,law.go.kr,/DRF/lawService.do?OC=virtual.esq&target=prec&ID=240833&type=HTML&mobileYn=,2026-09-19 21:38:17.300617,,,
501353,투자금 양수양도계약서 등 제보 내용에 비추어 볼 때 중요한 자료에 해당함,서울행정법원-2023-구합-69718,2024-05-03,2024,5,2,,지방/기타,일반행정,,계약,law.go.kr,/DRF/lawService.do?OC=virtual.esq&target=prec&ID=501353&type=HTML&mobileYn=,2026-09-19 21:38:17.300617,,,
351858,부동산담보신탁계약의 수탁자인 원고에 대한 물적 납세의무자지정처분은 적법함,창원지방법원-2023-구합-12673,2024-05-02,2024,5,2,,지방/기타,일반행정,,계약,law.go.kr,/DRF/lawService.do?OC=virtual.esq&target=prec&ID=351858&type=HTML&mobileYn=,2026-09-19 21:38:17.300617,,,
421174,이 사건 계약이 적법하게 취소되어 그에 기한 취득세 과세처분이 위법하다고 볼 수 있는지 여부,2023구합23249,2024-05-02,2024,5,2,부산지방법원,지방/기타,일반행정,처분청 패소,계약,law.go.kr,/DRF/lawService.do?OC=virtual.esq&target=prec&ID=421174&type=HTML&mobileYn=,2026-09-19 21:38:17.301616,,,
242253,"이 사건 증여계약이 사해행위에 해당하므로, 그 계약을 취소해야 함",서울북부지방법원-2023-가단-167681,2024-05-01,2024,5,2,,지방/기타,일반행정,,계약,law.go.kr,/DRF/lawService.do?OC=virtual.esq&target=prec&ID=242253&type=HTML&mobileYn=,2026-09-19 21:38:17.301616,,,
244807,이 사건 증여계약이 사해행위에 해당하는지 여부,부산지방법원 동부지원-2023-가단-130868,2024-04-30,2024,4,2,,지방/기타,민사,,계약,law.go.kr,/DRF/lawService.do?OC=virtual.esq&target=prec&ID=244807&type=HTML&mobileYn=,2026-09-19 21:38:17.301616,,,
240751,부당이득금[유사수신행위로 체결된 계약의 효력이 문제된 사건],2023다310471,2024-04-25,2024,4,2,대법원,대법원,민사,판결,계약,law.go.kr,/DRF/lawService.do?OC=virtual.esq&target=prec&ID=240751&type=HTML&mobileYn=,2026-09-19 21:38:17.301616,,,
348736,"(1심 판결과 같음)부동산 취득행위와 별도로 성립한 계약과 관련하여 지출한 소송비용, 화해비용 등은 필요경비에 해당하지 않음",광주고등법원(제주)-2023-누-1752,2024-04-24,2024,4,2,,지방/기타,일반행정,,계약,law.go.kr,/DRF/lawService.do?OC=virtual.esq&target=prec&ID=348736&type=HTML&mobileYn=,2026-09-19 21:38:17.301616,,,
606965,자동채권의 상계는 주장하는 쪽에서 증명해야 하므로 구체적 증거 없이는 계약변경으로 인해 발생한 채권을 자동채권으로 하여 상계할 수 없음,수원지방법원-2023-가합-10732,2024-04-17,2024,4,2,,지방/기타,일반행정,,계약,law.go.kr,/DRF/lawService.do?OC=virtual.esq&target=prec&ID=606965&type=HTML&mobileYn=,2026-09-19 21:38:17.301616,,,
418576,이 사건 부동산에 대한 증여계약을 취소함,천안지원-2023-가단-107541,2024-04-17,2024,4,2,,지방/기타,민사,,계약,law.go.kr,/DRF/lawService.do?OC=virtual.esq&target=prec&ID=418576&type=HTML&mobileYn=,2026-09-19 21:38:17.301616,,,
417980,이 사건 증여계약은 사해행위에 해당되어 취소되어야 함,의정부지방법원-2023-나-205488,2024-04-12,2024,4,2,,지방/기타,일반행정,,계약,law.go.kr,/DRF/lawService.do?OC=virtual.esq&target=prec&ID=417980&type=HTML&mobileYn=,2026-09-19 21:38:17.301616,,,
351622,납세의무 성립일 이후 발생한 증여계약은 사해행위취소권의 피보전채권에 해당함,수원지방법원-2023-가단-72835,2024-04-11,2024,4,2,,지방/기타,민사,,계약,law.go.kr,/DRF/lawService.do?OC=virtual.esq&target=prec&ID=351622&type=HTML&mobileYn=,2026-09-19 21:38:17.302617,,,
242575,이 사건 부동산 증여계약의 사해행위 해당여부,청주지방법원-2023-가단-78074,2024-04-05,2024,4,2,,지방/기타,일반행정,,계약,law.go.kr,/DRF/lawService.do?OC=virtual.esq&target=prec&ID=242575&type=HTML&mobileYn=,2026-09-19 21:38:17.302617,,,
607453,체납자가 소유 부동산을 자식에게 증여하는 계약은 사해행위 대상,서울북부지방법원-2023-가단-170021,2024-03-21,2024,3,1,,지방/기타,민사,,계약,law.go.kr,/DRF/lawService.do?OC=virtual.esq&target=prec&ID=607453&type=HTML&mobileYn=,2026-09-19 21:38:17.302617,,,
620083,이 사건 현금 증여계약은 사해행위에 해당함,서울중앙지방법원-2023-가단-5371349,2024-03-20,2024,3,1,,지방/기타,민사,,계약,law.go.kr,/DRF/lawService.do?OC=virtual.esq&target=prec&ID=620083&type=HTML&mobileYn=,2026-09-19 21:38:17.302617,,,
614271,은행 담보대출시 제출된 매매계약서의 매매가액을 실지거래가액으로 보아 양도차익을 산정한 것은 적법함,서울고등법원-2023-누-59805,2024-03-08,2024,3,1,,지방/기타,일반행정,,계약,law.go.kr,/DRF/lawService.do?OC=virtual.esq&target=prec&ID=614271&type=HTML&mobileYn=,2026-09-19 21:38:17.302617,,,
245025,채무초과 상태에서 유일한 재산을 매도함으로써 채무초과 상태가 심화되게 한 부동산 매매계약은 사해행위에 해당함,서울중앙지방법원-2023-가단-5380039,2024-03-07,2024,3,1,,지방/기타,민사,,계약,law.go.kr,/DRF/lawService.do?OC=virtual.esq&target=prec&ID=245025&type=HTML&mobileYn=,2026-09-19 21:38:17.302617,,,
349598,이 사건 명의대여계약에는 사업명의자 명의로 납부한 세액과 관련하여 발생한 국세환급금 등 이 사건 사업과 관련된 모든 손익을 실질사업자에게 귀속시키기로 하는 묵시적 합의가 포함되어 있다고 볼 여지가 상당함,대법원-2020-다-248506,2024-02-29,2024,2,1,,지방/기타,민사,,계약,law.go.kr,/DRF/lawService.do?OC=virtual.esq&target=prec&ID=349598&type=HTML&mobileYn=,2026-09-19 21:38:17.302617,,,
349028,"체납자와 수익자 사이에 체결된 매매계약이 사해행위에 해당하고, 수익자 및 전득자가 채권자에게 가액배상을 하여야 함",서울고등법원(인천)-2022-나-16022,2024-02-23,2024,2,1,,지방/기타,민사,,계약,law.go.kr,/DRF/lawService.do?OC=virtual.esq&target=prec&ID=349028&type=HTML&mobileYn=,2026-09-19 21:38:17.302617,,,
608317,취득 당시의 실지거래가액의 확인을 위하여 필요한 장부ㆍ매매계약서ㆍ영수증 기타 증빙서류가 없거나 그 중요한 부분이 미비된 경우에는 실지거래가액을 인정 또는 확인할 수 없는 경우에 해당함,인천지방법원-2023-구단-51233,2024-02-23,2024,2,1,,지방/기타,일반행정,,계약,law.go.kr,/DRF/lawService.do?OC=virtual.esq&target=prec&ID=608317&type=HTML&mobileYn=,2026-09-19 21:38:17.302617,,,
418934,이 사건 증여계약이 사해행위에 해당하는지 여부,서울중앙지방법원-2022-가단-5129367,2024-02-22,2024,2,1,,지방/기타,일반행정,,계약,law.go.kr,/DRF/lawService.do?OC=virtual.esq&target=prec&ID=418934&type=HTML&mobileYn=,2026-09-19 21:38:17.302617,,,
417808,납부지연가산세의 기산일은 신규주택의 전소유자와 임차인 사이의 임대차계약기간이 끝난 다음날부터임,서울행정법원-2023-구단-55644,2024-02-14,2024,2,1,,지방/기타,일반행정,,계약,law.go.kr,/DRF/lawService.do?OC=virtual.esq&target=prec&ID=417808&type=HTML&mobileYn=,2026-09-19 21:38:17.302617,,,
423918,원고의 아버지 부동산을 취득하면서 원고의 아버지와 임대차계약을 체결하여 매매대금에서 임대차보증금을 공제한 금액을 지급받은 경우 임대차보증금 부분을 무상취득(증여)가 아닌 유상취득으로 볼 수 있는 지 여부,2023두59490,2024-02-08,2024,2,1,대법원,대법원,일반행정,기각,계약,law.go.kr,/DRF/lawService.do?OC=virtual.esq&target=prec&ID=423918&type=HTML&mobileYn=,2026-09-19 21:38:17.302617,,,
245001,이 사건 증여계약이 사해행위에 해당하는지 여부,인천지방법원-2023-가단-238264,2024-02-07,2024,2,1,,지방/기타,민사,,계약,law.go.kr,/DRF/lawService.do?OC=virtual.esq&target=prec&ID=245001&type=HTML&mobileYn=,2026-09-19 21:38:17.302617,,,
348480,매매계약서에 토지와 건물을 구분 기재하였더라도 조세 회피 의도 목적을 가진 것이 증명되는 경우 토지와 건물 등의 가액 구분이 불분명한 떄로 보아 토지와 건물의 기준시가로 안분계산하여 과세한 처분은 적법함,서울고등법원2022누58089,2024-02-02,2024,2,1,,지방/기타,일반행정,,계약,law.go.kr,/DRF/lawService.do?OC=virtual.esq&target=prec&ID=348480&type=HTML&mobileYn=,2026-09-19 21:38:17.302617,,,
418072,철거보상계약이 체결된 건축물이 아닌 이상 철거가 예정되어 있다는 사정만으로 종부세법상 ‘주택’에서 배제된다고 보기 어려우므로 이 사건 건물은 종부세법상 주택에 해당함,서울고등법원2023누54435,2024-02-02,2024,2,1,,지방/기타,일반행정,,계약,law.go.kr,/DRF/lawService.do?OC=virtual.esq&target=prec&ID=418072&type=HTML&mobileYn=,2026-09-19 21:38:17.302617,,,
242623,이 사건 부동산 증여계약의 사해행위 해당여부,대법원-2023-다-294142,2024-01-25,2024,1,1,,지방/기타,일반행정,,계약,law.go.kr,/DRF/lawService.do?OC=virtual.esq&target=prec&ID=242623&type=HTML&mobileYn=,2026-09-19 21:38:17.302617,,,
614125,신탁계약이 해지되기 전에 발생한 우선수익권에 대한 압류는 여전히 유효,서울남부지방법원-2022-가단-273586,2024-01-25,2024,1,1,,지방/기타,민사,,계약,law.go.kr,/DRF/lawService.do?OC=virtual.esq&target=prec&ID=614125&type=HTML&mobileYn=,2026-09-19 21:38:17.302617,,,
241103,분양계약취소및분양대금반환등·분양계약취소등·분양계약취소등·분양계약취소및분양대금반환등,2020다26133,2024-01-25,2024,1,1,대법원,대법원,민사,판결,계약,law.go.kr,/DRF/lawService.do?OC=virtual.esq&target=prec&ID=241103&type=HTML&mobileYn=,2026-09-19 21:38:17.302617,,,
350894,이 사건 대여금의 채권의 실제 채권자는 금전소비대차계약서상 명의자가 아니라 체납자가 실제 채권자임,수원고등법원-2022-나-27334,2024-01-24,2024,1,1,,지방/기타,민사,,계약,law.go.kr,/DRF/lawService.do?OC=virtual.esq&target=prec&ID=350894&type=HTML&mobileYn=,2026-09-19 21:38:17.302617,,,
245725,피고와 체납자 사이에 이루어진 매매계약은 사해행위에 해당함,수원지방법원-2023-가단-584612,2024-01-24,2024,1,1,,지방/기타,일반행정,,계약,law.go.kr,/DRF/lawService.do?OC=virtual.esq&target=prec&ID=245725&type=HTML&mobileYn=,2026-09-19 21:38:17.302617,,,
424026,지방세법 제109조 제3항에 따라 재산세가 비과세되는 ‘유지’에 대해 제3자와 임대차계약을 체결하고 임대료를 받고 있는 경우 재산세 비과세 대상인지 여부,2022누14687,2024-01-19,2024,1,1,수원고등법원,고등법원,일반행정,처분청 일부 패소,계약,law.go.kr,/DRF/lawService.do?OC=virtual.esq&target=prec&ID=424026&type=HTML&mobileYn=,2026-09-19 21:38:17.302617,,,
618837,이 사건 부동산 증여계약은 사해행위에 해당함,부산지방법원-2023-나-43037,2024-01-18,2024,1,1,,지방/기타,민사,,계약,law.go.kr,/DRF/lawService.do?OC=virtual.esq&target=prec&ID=618837&type=HTML&mobileYn=,2026-09-19 21:38:17.302617,,,
421352,"원고가 노인복지시설 사용을 목적으로 취득한 부동산에 대해 취득세 등을 감면받고, 추징사유가 발생하여 자진신고한 이후, 매매계약 자체를 부인하며 취득세 등 부과처분의 당연무효를 주장하는 경우에 대한 판단",2023누54770,2024-01-16,2024,1,1,서울고등법원,고등법원,일반행정,처분청 승소,계약,law.go.kr,/DRF/lawService.do?OC=virtual.esq&target=prec&ID=421352&type=HTML&mobileYn=,2026-09-19 21:38:17.302617,,,
244801,이 사건 증여계약이 사해행위에 해당하는지 여부,서울북부지방법원-2022-가단-120302,2024-01-16,2024,1,1,,지방/기타,민사,,계약,law.go.kr,/DRF/lawService.do?OC=virtual.esq&target=prec&ID=244801&type=HTML&mobileYn=,2026-09-19 21:38:17.302617,,,
350892,계약위반에 대한 손해배상을 위해 포기한 금액은 양도가액 경정 사유에 해당하지 않음,인천지방법원-2023-구합-51865,2024-01-12,2024,1,1,,지방/기타,일반행정,,계약,law.go.kr,/DRF/lawService.do?OC=virtual.esq&target=prec&ID=350892&type=HTML&mobileYn=,2026-09-19 21:38:17.302617,,,
245979,모친과 체결한 임대차계약과 소비대차계약에 따라 받은 돈이 증여받은 금원인지 여부,서울행정법원-2022-구합-90654,2024-01-12,2024,1,1,,지방/기타,일반행정,,계약,law.go.kr,/DRF/lawService.do?OC=virtual.esq&target=prec&ID=245979&type=HTML&mobileYn=,2026-09-19 21:38:17.302617,,,
605109,타인에게 소득을 이전할 법적 또는 계약상의 의무가 없으면 조세조약상 수익적 소유자에 해당함,대법원-2023-두-55450,2024-01-11,2024,1,1,,지방/기타,일반행정,,계약,law.go.kr,/DRF/lawService.do?OC=virtual.esq&target=prec&ID=605109&type=HTML&mobileYn=,2026-09-19 21:38:17.302617,,,
349870,체납자의 이 사건 각 매매계약은 사해행위에 해당하므로 가액 반환해야 함,부산지방법원-2022-가단-340952,2024-01-11,2024,1,1,,지방/기타,민사,,계약,law.go.kr,/DRF/lawService.do?OC=virtual.esq&target=prec&ID=349870&type=HTML&mobileYn=,2026-09-19 21:38:17.302617,,,
347614,피고와 체납자 사이에 체결된 부동산 매매계약은 사해행위임,대전지방법원-2023-가단-217371,2024-01-10,2024,1,1,,지방/기타,민사,,계약,law.go.kr,/DRF/lawService.do?OC=virtual.esq&target=prec&ID=347614&type=HTML&mobileYn=,2026-09-19 21:38:17.302617,,,
349484,체납자와 제3채무자간에 작성된 금전소비대차계약서의 진정성립을 인정할 만한 증거가 없음,성남지원-2023-가단-222146,2023-12-21,2023,12,4,,지방/기타,민사,,계약,law.go.kr,/DRF/lawService.do?OC=virtual.esq&target=prec&ID=349484&type=HTML&mobileYn=,2026-09-19 21:38:17.302617,,,
349676,△△오스트리아는 이 사건 배당소득을 타인에게 이전할 법적 또는 계약상의 의무를 부담함 바 없이 그에 대한 사용·수익권을 향유하고 있으므로 조세조약상 수익적 소유자에 해당함,대법원-2023-두-55320,2023-12-21,2023,12,4,,지방/기타,일반행정,,계약,law.go.kr,/DRF/lawService.do?OC=virtual.esq&target=prec&ID=349676&type=HTML&mobileYn=,2026-09-19 21:38:17.302617,,,
619997,이 사건 증여계약은 사해행위에 해당됨,서울중앙지방법원-2023-가단-5101755,2023-12-20,2023,12,4,,지방/기타,민사,,계약,law.go.kr,/DRF/lawService.do?OC=virtual.esq&target=prec&ID=619997&type=HTML&mobileYn=,2026-09-19 21:38:17.302617,,,
351792,계약명의신탁 여부,영덕지원-2022-가단-11062,2023-12-19,2023,12,4,,지방/기타,민사,,계약,law.go.kr,/DRF/lawService.do?OC=virtual.esq&target=prec&ID=351792&type=HTML&mobileYn=,2026-09-19 21:38:17.302617,,,
424092,이 사건 분양전환권 부여 계약이 매매계약에 해당하는지 여부,2023구합55287,2023-12-15,2023,12,4,인천지방법원,지방/기타,일반행정,처분청 승소,계약,law.go.kr,/DRF/lawService.do?OC=virtual.esq&target=prec&ID=424092&type=HTML&mobileYn=,2026-09-19 21:38:17.302617,,,
609283,AAA와 피고 사이에 체결된 이 사건 돈에 관한 증여계약은 사해행위에 해당하므로 취소되어야 한다.,광주지방법원-2022-나-64791,2023-12-14,2023,12,4,,지방/기타,일반행정,,계약,law.go.kr,/DRF/lawService.do?OC=virtual.esq&target=prec&ID=609283&type=HTML&mobileYn=,2026-09-19 21:38:17.302617,,,
348602,"환산취득가액을 적용하여 양도소득을 수하는 경우 기타 필요경비로 개산공제액만을 공제가능하며, 재작성된 매매계약서를 실지 계약서인 것처럼 제출한 것은 위계에 의한 행위에 해당함",인천지방법원-2022-구단-51106,2023-12-12,2023,12,4,,지방/기타,일반행정,,계약,law.go.kr,/DRF/lawService.do?OC=virtual.esq&target=prec&ID=348602&type=HTML&mobileYn=,2026-09-19 21:38:17.302617,,,
351064,이중계약서 작성으로 매매대금을 낮춘 사실이 확인되므로 쟁점부동산의 양도가액은 당초 매매대금을 실거래가액으로 봄이 타당함,서울행정법원-2022-구단-69820,2023-12-08,2023,12,4,,지방/기타,일반행정,,계약,law.go.kr,/DRF/lawService.do?OC=virtual.esq&target=prec&ID=351064&type=HTML&mobileYn=,2026-09-19 21:38:17.302617,,,
418848,이 사건 금전입금이 증여계약에 따라 이루어진 것으로서 사해행위에 해당한다고 볼 수 없음,서울고등법원-2023-나-2011253,2023-12-08,2023,12,4,,지방/기타,일반행정,,계약,law.go.kr,/DRF/lawService.do?OC=virtual.esq&target=prec&ID=418848&type=HTML&mobileYn=,2026-09-19 21:38:17.302617,,,
246655,검인계약서상 매매금액과 장부가액을 양도 자산의 취득가액으로 할 수 있는지 여부,서울고등법원-2023-누-38426,2023-12-08,2023,12,4,,지방/기타,일반행정,,계약,law.go.kr,/DRF/lawService.do?OC=virtual.esq&target=prec&ID=246655&type=HTML&mobileYn=,2026-09-19 21:38:17.302617,,,
424094,다주택자 중과 관련 ’20.7.10. 이전에 계약이 이루어졌는지 여부,2023두53447,2023-12-07,2023,12,4,대법원,대법원,일반행정,처분청 승소,계약,law.go.kr,/DRF/lawService.do?OC=virtual.esq&target=prec&ID=424094&type=HTML&mobileYn=,2026-09-19 21:38:17.302617,,,
238191,소유권이전등기[아파트 매매계약서에 인도일과 실제 명도일 약정이 별도로 있는 경우 매도인의 현실인도의무 인정 여부가 문제된 사건],2023다269139,2023-12-07,2023,12,4,대법원,대법원,민사,판결,계약,law.go.kr,/DRF/lawService.do?OC=virtual.esq&target=prec&ID=238191&type=HTML&mobileYn=,2026-09-19 21:38:17.302617,,,
238197,건물인도[임차인의 계약갱신 요구에 대하여 임대인이 실제 거주를 이유로 갱신거절한 후 그 주택의 인도를 구하는 사건],2022다279795,2023-12-07,2023,12,4,대법원,대법원,민사,판결,계약,law.go.kr,/DRF/lawService.do?OC=virtual.esq&target=prec&ID=238197&type=HTML&mobileYn=,2026-09-19 21:38:17.302617,,,
613389,현금증여계약의 사해행위 여부,성남지원-2022-가단-257497,2023-12-06,2023,12,4,,지방/기타,민사,,계약,law.go.kr,/DRF/lawService.do?OC=virtual.esq&target=prec&ID=613389&type=HTML&mobileYn=,2026-09-19 21:38:17.302617,,,
238189,임대차보증금[다가구주택 임대차계약을 중개한 공인중개사의 주의의무 이행 여부가 문제된 사건],2023다259743,2023-11-30,2023,11,4,대법원,대법원,민사,판결,계약,law.go.kr,/DRF/lawService.do?OC=virtual.esq&target=prec&ID=238189&type=HTML&mobileYn=,2026-09-19 21:38:17.302617,,,
619275,계약금등반환청구의소,2022가단5170150,2023-11-30,2023,11,4,서울중앙지방법원,지방/기타,민사,판결,계약,law.go.kr,/DRF/lawService.do?OC=virtual.esq&target=prec&ID=619275&type=HTML&mobileYn=,2026-09-19 21:38:17.302617,,,
418830,이 사건 각 부동산에 관하여 매매계약이 체결된 사실을 인정할 증거가 없으므로  매매대금 채권의 존재를 전제로 하는 주장은 이유없음,서울고등법원-2023-나-2012522,2023-11-30,2023,11,4,,지방/기타,민사,,계약,law.go.kr,/DRF/lawService.do?OC=virtual.esq&target=prec&ID=418830&type=HTML&mobileYn=,2026-09-19 21:38:17.302617,,,
620003,용역비 지급 관련 계약상 '조건'으로 표기된 항목의 법적성질 및 국가가 국세징수법에 따라 채권 압류 후 통지가 이루어졌을 때 국가가 추심권을 획득하는 동시에 당사자적격을 가지는 지 여부,서울중앙지방법원-2022-가단-5330372,2023-11-28,2023,11,4,,지방/기타,일반행정,,계약,law.go.kr,/DRF/lawService.do?OC=virtual.esq&target=prec&ID=620003&type=HTML&mobileYn=,2026-09-19 21:38:17.302617,,,
349230,대물변제 계약을 원인으로 한 재화의 공급에 따른 세금계산서 발급,광주고등법원-2023-누-10913,2023-11-23,2023,11,4,,지방/기타,일반행정,,계약,law.go.kr,/DRF/lawService.do?OC=virtual.esq&target=prec&ID=349230&type=HTML&mobileYn=,2026-09-19 21:38:17.302617,,,
348968,이 사건 매매계약은 사해행위에 해당함,서산지원-2023-가합-50921,2023-11-23,2023,11,4,,지방/기타,민사,,계약,law.go.kr,/DRF/lawService.do?OC=virtual.esq&target=prec&ID=348968&type=HTML&mobileYn=,2026-09-19 21:38:17.302617,,,
617551,이 사건 증여계약이 사해행위에 해당하는지 여부,대전지방법원-2023-나-200251,2023-11-21,2023,11,4,,지방/기타,일반행정,,계약,law.go.kr,/DRF/lawService.do?OC=virtual.esq&target=prec&ID=617551&type=HTML&mobileYn=,2026-09-19 21:38:17.302617,,,
349868,물품매매도 소득세법 제21조 제1항 제10호에서 정한 계약에 해당함,수원고등법원-2023-누-10620,2023-11-15,2023,11,4,,지방/기타,일반행정,,계약,law.go.kr,/DRF/lawService.do?OC=virtual.esq&target=prec&ID=349868&type=HTML&mobileYn=,2026-09-19 21:38:17.302617,,,
348794,"부동산 취득행위와 별도로 성립한 계약과 관련하여 지출한 소송비용, 화해비용 등은 필요경비에 해당하지 않음",제주지방법원-2023-구합-5411,2023-11-14,2023,11,4,,지방/기타,일반행정,,계약,law.go.kr,/DRF/lawService.do?OC=virtual.esq&target=prec&ID=348794&type=HTML&mobileYn=,2026-09-19 21:38:17.302617,,,
351796,이 사건 매매계약 당시 채무초과상태가 아니므로 사해행위에 해당하지 아니함,서울남부지방법원-2021-가단-287700,2023-11-08,2023,11,4,,지방/기타,민사,,계약,law.go.kr,/DRF/lawService.do?OC=virtual.esq&target=prec&ID=351796&type=HTML&mobileYn=,2026-09-19 21:38:17.302617,,,
350638,증여계약 당시 채무초과 상태에 있던 자의 부동산 증여행위는 특별한 사정이 없는 한 채권자들의 공동담보를 감소시키는 행위로 사해행위에 해당함,서울동부지방법원-2023-가단-131884,2023-11-08,2023,11,4,,지방/기타,민사,,계약,law.go.kr,/DRF/lawService.do?OC=virtual.esq&target=prec&ID=350638&type=HTML&mobileYn=,2026-09-19 21:38:17.302617,,,
348704,증여계약 당시 채무초과 상태에 있던 자의 부동산 증여행위는 특별한 사정이 없는 한 채권자들의 공동담보를 감소시키는 행위로 사해행위에 해당함,서울행정법원-2023-가단-131884,2023-11-08,2023,11,4,,지방/기타,민사,,계약,law.go.kr,/DRF/lawService.do?OC=virtual.esq&target=prec&ID=348704&type=HTML&mobileYn=,2026-09-19 21:38:17.302617,,,
423916,원고의 아버지 부동산을 취득하면서 원고의 아버지와 임대차계약을 체결하여 매매대금에서 임대차보증금을 공제한 금액을 지급받은 경우 임대차보증금 부분을 무상취득(증여)가 아닌 유상취득으로 볼 수 있는 지 여부,2023누43909,2023-11-02,2023,11,4,서울고등법원,고등법원,일반행정,처분청 패소,계약,law.go.kr,/DRF/lawService.do?OC=virtual.esq&target=prec&ID=423916&type=HTML&mobileYn=,2026-09-19 21:38:17.303617,,,
417990,통상적 거래관행을 현저히 벗어난 매매계약 상 건물의 가액은 토지와 가액과 건물의 가액이 불분명한 경우에 해당함,서울행정법원-2023-구합-56903,2023-10-27,2023,10,4,,지방/기타,일반행정,,계약,law.go.kr,/DRF/lawService.do?OC=virtual.esq&target=prec&ID=417990&type=HTML&mobileYn=,2026-09-19 21:38:17.303617,,,
345744,세무조사 당시 제출한 확인서를 근거로 채무면제 계약을 인정할 수 있는지 여부,서울중앙지방법원-2022-가단-5342139,2023-10-27,2023,10,4,,지방/기타,민사,,계약,law.go.kr,/DRF/lawService.do?OC=virtual.esq&target=prec&ID=345744&type=HTML&mobileYn=,2026-09-19 21:38:17.303617,,,
620021,"이 사건 송금을 통한 현금증여계약은 사해행위로서 취소되어야 하고, 그 원상회복은 가액배상으로 이루어짐이 타당함",서울중앙지방법원-2023-가단-5100103,2023-10-26,2023,10,4,,지방/기타,일반행정,,계약,law.go.kr,/DRF/lawService.do?OC=virtual.esq&target=prec&ID=620021&type=HTML&mobileYn=,2026-09-19 21:38:17.303617,,,
620229,이 사건 임금채권 양도양수계약이 사해행위인지 여부,서울중앙지방법원-2022-가단-5114518,2023-10-26,2023,10,4,,지방/기타,민사,,계약,law.go.kr,/DRF/lawService.do?OC=virtual.esq&target=prec&ID=620229&type=HTML&mobileYn=,2026-09-19 21:38:17.303617,,,
347762,피고와 체납자 사이에 체결된 이 사건 증여계약은 사해행위에 해당함,성남지원-2023-가단-232426,2023-10-25,2023,10,4,,지방/기타,민사,,계약,law.go.kr,/DRF/lawService.do?OC=virtual.esq&target=prec&ID=347762&type=HTML&mobileYn=,2026-09-19 21:38:17.303617,,,
418820,"증여계약은 사해행위로서 취소되어야 하고, 수익자인 피고는 그 원상회복으로서 소유권이전등기의 말소등기절차를 이행할 의무가 있음",서울남부지방법원-2022-가단-246058,2023-10-24,2023,10,4,,지방/기타,민사,,계약,law.go.kr,/DRF/lawService.do?OC=virtual.esq&target=prec&ID=418820&type=HTML&mobileYn=,2026-09-19 21:38:17.303617,,,
349554,"원고가 이 사건 상위 여행사에 모객 용역 또는 중개용역을 제공하였다거나 이 사건 하위 여행사로부터 모객 용역 또는 중개용역을 제공받아 이 사건 계약에 따른 용역이 실제로 수수되었다는 점에 관하여 원고가 제출한 증거들만으로는 이러한 사실을 인정하기 어렵고, 달리 이를 인정할 만한 증거가 없음",서울고등법원-2023-누-36475,2023-10-20,2023,10,4,,지방/기타,일반행정,,계약,law.go.kr,/DRF/lawService.do?OC=virtual.esq&target=prec&ID=349554&type=HTML&mobileYn=,2026-09-19 21:38:17.303617,,,
349584,자녀에게 부동산을 양도하는 매매계약은 일반채권자들의 공동담보를 감소시키는 사해행위에 해당함,서울서부지방법원-2022-가단-263977,2023-10-17,2023,10,4,,지방/기타,민사,,계약,law.go.kr,/DRF/lawService.do?OC=virtual.esq&target=prec&ID=349584&type=HTML&mobileYn=,2026-09-19 21:38:17.303617,,,
618841,이 사건 증여계약은 사해행위에 해당하여 취소되어야 함,서울서부지방법원-2023-나-41083,2023-10-12,2023,10,4,,지방/기타,민사,,계약,law.go.kr,/DRF/lawService.do?OC=virtual.esq&target=prec&ID=618841&type=HTML&mobileYn=,2026-09-19 21:38:17.303617,,,
351056,이 사건 증여계약이 사해행위에 해당하여 취소되어야 하는지 여부,대구지방법원-2023-가단-124936,2023-10-06,2023,10,4,,지방/기타,민사,,계약,law.go.kr,/DRF/lawService.do?OC=virtual.esq&target=prec&ID=351056&type=HTML&mobileYn=,2026-09-19 21:38:17.303617,,,
351840,이 사건 부동산 증여계약은 사해행위에 해당함,순천지원-2023-가단-57910,2023-09-27,2023,9,3,,지방/기타,민사,,계약,law.go.kr,/DRF/lawService.do?OC=virtual.esq&target=prec&ID=351840&type=HTML&mobileYn=,2026-09-19 21:38:17.303617,,,
348592,양도소득세 감면한도액 초과를 회피하기 위한 형식적인 계약에 해당하여 토지의 양도시기는 이 사건 토지의 최종 잔금청산일이라고 봄이 상당함,수원지방법원-2023-구단-10024,2023-09-22,2023,9,3,,지방/기타,일반행정,,계약,law.go.kr,/DRF/lawService.do?OC=virtual.esq&target=prec&ID=348592&type=HTML&mobileYn=,2026-09-19 21:38:17.303617,,,
347558,이 사건 상속재산분할계약이 사해행위인지의 여부,수원지방법원-2022-나-85171,2023-09-21,2023,9,3,,지방/기타,민사,,계약,law.go.kr,/DRF/lawService.do?OC=virtual.esq&target=prec&ID=347558&type=HTML&mobileYn=,2026-09-19 21:38:17.303617,,,
349856,이 사건 부동산매매계약이 사해행위에 해당하는지 여부,서울중앙지방법원-2021-가합-591837,2023-09-21,2023,9,3,,지방/기타,민사,,계약,law.go.kr,/DRF/lawService.do?OC=virtual.esq&target=prec&ID=349856&type=HTML&mobileYn=,2026-09-19 21:38:17.303617,,,
348238,증여계약 취소,수원지방법원-2023-가단-543482,2023-09-14,2023,9,3,,지방/기타,민사,,계약,law.go.kr,/DRF/lawService.do?OC=virtual.esq&target=prec&ID=348238&type=HTML&mobileYn=,2026-09-19 21:38:17.303617,,,
344976,상속재산 분할 협의계약은 사해행위에 해당함,서울북부지방법원-2022-가단-110886,2023-09-07,2023,9,3,,지방/기타,민사,,계약,law.go.kr,/DRF/lawService.do?OC=virtual.esq&target=prec&ID=344976&type=HTML&mobileYn=,2026-09-19 21:38:17.303617,,,
351558,타인에게 소득을 이전할 법적 또는 계약상의 의무가 없으면 조세조약상 수익적 소유자에 해당함,서울고등법원-2022-누-58072,2023-09-06,2023,9,3,,지방/기타,일반행정,,계약,law.go.kr,/DRF/lawService.do?OC=virtual.esq&target=prec&ID=351558&type=HTML&mobileYn=,2026-09-19 21:38:17.303617,,,
350084,증여계약 당시 피고가 선의였다고 봄이 상당함,밀양지원-2023-가단-11684,2023-09-05,2023,9,3,,지방/기타,민사,,계약,law.go.kr,/DRF/lawService.do?OC=virtual.esq&target=prec&ID=350084&type=HTML&mobileYn=,2026-09-19 21:38:17.303617,,,
238665,보증금반환[신탁된 부동산의 임대차계약을 중개하는 공인중개사의 주의의무가 문제된 사건],2023다224327,2023-08-31,2023,8,3,대법원,대법원,민사,판결,계약,law.go.kr,/DRF/lawService.do?OC=virtual.esq&target=prec&ID=238665&type=HTML&mobileYn=,2026-09-19 21:38:17.303617,,,
348356,대표이사 위촉계약서의 내용 등 기타 사실관계에 비추어 실질주주로서 주주권을 행사할 수 있는 지위에 있었다고 보기 어려우므로 과점주주에 해당한다고 볼 수 없음,서울고등법원-2023-누-37188,2023-08-30,2023,8,3,,지방/기타,일반행정,,계약,law.go.kr,/DRF/lawService.do?OC=virtual.esq&target=prec&ID=348356&type=HTML&mobileYn=,2026-09-19 21:38:17.303617,,,
349402,원고 및 원고 승계참가인이 제출한 주장과 증거만으로는 피고가 단독으로 이 사건 동업계약에 제3자들이 개입하도록 원인을 제공하였다고 인정하기 부족하고 달리 이를 인정할 만한 증거가 없음,수원지방법원-2022-가합-18986,2023-08-30,2023,8,3,,지방/기타,민사,,계약,law.go.kr,/DRF/lawService.do?OC=virtual.esq&target=prec&ID=349402&type=HTML&mobileYn=,2026-09-19 21:38:17.303617,,,
423912,다주택자 중과 관련 ’20.7.10. 이전에 계약이 이루어졌는지 여부,2022누64343,2023-08-30,2023,8,3,서울고등법원,고등법원,일반행정,처분청 승소,계약,law.go.kr,/DRF/lawService.do?OC=virtual.esq&target=prec&ID=423912&type=HTML&mobileYn=,2026-09-19 21:38:17.303617,,,
351356,"주택신축판매업자의 사업개시일은 주택공급 시작일 즉, 주택에 대한 최초 분양 또는 매매계약에 따른 잔금수령 후 소유권이전등기한 날로 보는 것이 타당함",서울고등법원-2022-누-71785,2023-08-30,2023,8,3,,지방/기타,일반행정,,계약,law.go.kr,/DRF/lawService.do?OC=virtual.esq&target=prec&ID=351356&type=HTML&mobileYn=,2026-09-19 21:38:17.303617,,,
351752,부동산 증여계약은 사해행위에 해당함,서울서부지방법원-2023-가단-230844,2023-08-25,2023,8,3,,지방/기타,민사,,계약,law.go.kr,/DRF/lawService.do?OC=virtual.esq&target=prec&ID=351752&type=HTML&mobileYn=,2026-09-19 21:38:17.303617,,,
351228,구 상증세 및 증여세법 45조의3 제1항 적용 시 특정매입계약에 따른 매출액을 특수관계법인에 대한 매출액에 포함하는지 여부,서울고등법원-2023-누-35403,2023-08-22,2023,8,3,,지방/기타,일반행정,,계약,law.go.kr,/DRF/lawService.do?OC=virtual.esq&target=prec&ID=351228&type=HTML&mobileYn=,2026-09-19 21:38:17.303617,,,
421304,계약사실이 입증(7.10.)되지 않아 개정법에 따른 다주택 중과대상,2023두42300,2023-08-18,2023,8,3,대법원,대법원,일반행정,처분청 승소,계약,law.go.kr,/DRF/lawService.do?OC=virtual.esq&target=prec&ID=421304&type=HTML&mobileYn=,2026-09-19 21:38:17.303617,,,
347046,"이 사건 가맹계약의 당사자는 원고로 국외에서 용역을 공급한 것이며, 부정과소신고가산세 부과처분은 정당함",서울고등법원-2023-누-35076,2023-08-17,2023,8,3,,지방/기타,일반행정,,계약,law.go.kr,/DRF/lawService.do?OC=virtual.esq&target=prec&ID=347046&type=HTML&mobileYn=,2026-09-19 21:38:17.303617,,,
349934,특허권 양수도계약은 특허권 양수도거래의 외관을 갖추어 특수관계인에게 이익을 분여한 경우에 해당함,창원지방법원-2022-구합-50258,2023-08-10,2023,8,3,,지방/기타,일반행정,,계약,law.go.kr,/DRF/lawService.do?OC=virtual.esq&target=prec&ID=349934&type=HTML&mobileYn=,2026-09-19 21:38:17.303617,,,
347294,체납자가 채무초과상태에서 보험계약자를 동생인 원고에게 변경하여 준 것이 사해행위에 해당하는지 여부,부산지방법원-2022-나-58346,2023-08-09,2023,8,3,,지방/기타,민사,,계약,law.go.kr,/DRF/lawService.do?OC=virtual.esq&target=prec&ID=347294&type=HTML&mobileYn=,2026-09-19 21:38:17.303617,,,
347592,체납 법인 특수관계법인과의 매매계약은 사해행위에 해당함,천안지원-2022-가단-120325,2023-08-08,2023,8,3,,지방/기타,민사,,계약,law.go.kr,/DRF/lawService.do?OC=virtual.esq&target=prec&ID=347592&type=HTML&mobileYn=,2026-09-19 21:38:17.303617,,,
236339,부당이득금반환청구의소[토지사용권원 확보 비율에 관한 기망을 이유로 조합가입계약 취소를 주장한 사건],2022다293395,2023-07-27,2023,7,3,대법원,대법원,민사,판결,계약,law.go.kr,/DRF/lawService.do?OC=virtual.esq&target=prec&ID=236339&type=HTML&mobileYn=,2026-09-19 21:38:17.303617,,,
347296,증여계약을 합의해제한 이상 증여의 효과가 남아있다고 볼 수 없음,창원지방법원-2022-나-64782,2023-07-21,2023,7,3,,지방/기타,민사,,계약,law.go.kr,/DRF/lawService.do?OC=virtual.esq&target=prec&ID=347296&type=HTML&mobileYn=,2026-09-19 21:38:17.303617,,,
350286,GGG가 피고들과 이 사건 부동산에 관해 증여계약을 체결함으로써 채무초과 상태에 이르렀으므로 이 사건 증여는 사해행위에 해당함,수원지방법원-2021-가단-521853,2023-07-20,2023,7,3,,지방/기타,민사,,계약,law.go.kr,/DRF/lawService.do?OC=virtual.esq&target=prec&ID=350286&type=HTML&mobileYn=,2026-09-19 21:38:17.303617,,,
345456,증여계약으로 인한 사해행위취소여부,대전지방법원-2023-가단-214099,2023-07-18,2023,7,3,,지방/기타,민사,,계약,law.go.kr,/DRF/lawService.do?OC=virtual.esq&target=prec&ID=345456&type=HTML&mobileYn=,2026-09-19 21:38:17.303617,,,
347436,외환스왑계약의 스왑포인트가 지급이자인지 여부,서울행정법원-2021-구합-71731,2023-07-13,2023,7,3,,지방/기타,일반행정,,계약,law.go.kr,/DRF/lawService.do?OC=virtual.esq&target=prec&ID=347436&type=HTML&mobileYn=,2026-09-19 21:38:17.303617,,,
235969,공제금[상해공제계약 약관 규정의 해석이 문제된 사건],2021다283742,2023-07-13,2023,7,3,대법원,대법원,민사,판결,계약,law.go.kr,/DRF/lawService.do?OC=virtual.esq&target=prec&ID=235969&type=HTML&mobileYn=,2026-09-19 21:38:17.303617,,,
337520,체납자가 소유한 지방세 환급금 채권 전액을 변호사에게 수임료로 양도한 채권양도계약이 사해행위인지 여부,충주지원-2022-가합-5628,2023-07-13,2023,7,3,,지방/기타,민사,,계약,law.go.kr,/DRF/lawService.do?OC=virtual.esq&target=prec&ID=337520&type=HTML&mobileYn=,2026-09-19 21:38:17.304615,,,
349552,증여계약은 사해행위에 해당함,수원지방법원-2022-가단-549155,2023-07-12,2023,7,3,,지방/기타,민사,,계약,law.go.kr,/DRF/lawService.do?OC=virtual.esq&target=prec&ID=349552&type=HTML&mobileYn=,2026-09-19 21:38:17.304615,,,
424040,"원고가 노인복지시설 사용을 목적으로 취득한 부동산에 대해 취득세 등을 감면받고, 추징사유가 발생하여 자진신고한 이후, 매매계약 자체를 부인하며 취득세 등 부과처분의 당연무효를 주장하는 경우에 대한 판단",2022구합10899,2023-07-11,2023,7,3,의정부지방법원,지방/기타,일반행정,처분청 승소,계약,law.go.kr,/DRF/lawService.do?OC=virtual.esq&target=prec&ID=424040&type=HTML&mobileYn=,2026-09-19 21:38:17.304615,,,
349570,보험계약상 보험계약자 및 수익자를 변경함으로써 체납자의 채무초과상태를 심화시킨 재산처분 행위는 사해행위에 해당함,고양지원-2021-가단-102457,2023-07-07,2023,7,3,,지방/기타,민사,,계약,law.go.kr,/DRF/lawService.do?OC=virtual.esq&target=prec&ID=349570&type=HTML&mobileYn=,2026-09-19 21:38:17.304615,,,
346766,투자자들과의 공동사업계약이 익명조합약정에 해당하는지 여부,서울고등법원-2023-누-36512,2023-07-07,2023,7,3,,지방/기타,일반행정,,계약,law.go.kr,/DRF/lawService.do?OC=virtual.esq&target=prec&ID=346766&type=HTML&mobileYn=,2026-09-19 21:38:17.304615,,,
235569,계약금반환·기타(금전),2020다248384,2023-06-29,2023,6,2,대법원,대법원,민사,판결,계약,law.go.kr,/DRF/lawService.do?OC=virtual.esq&target=prec&ID=235569&type=HTML&mobileYn=,2026-09-19 21:38:17.304615,,,
235575,계약보증금청구의소,2020다296451,2023-06-29,2023,6,2,대법원,대법원,민사,판결,계약,law.go.kr,/DRF/lawService.do?OC=virtual.esq&target=prec&ID=235575&type=HTML&mobileYn=,2026-09-19 21:38:17.304615,,,
237039,입주계약해지처분무효확인의소,2023두30994,2023-06-29,2023,6,2,대법원,대법원,일반행정,판결,계약,law.go.kr,/DRF/lawService.do?OC=virtual.esq&target=prec&ID=237039&type=HTML&mobileYn=,2026-09-19 21:38:17.304615,,,
350276,경정청구 시 제출한 매매계약서 상 가액을 실제 취득가,의정부지방법원-2022-구합-13577,2023-06-27,2023,6,2,,지방/기타,일반행정,,계약,law.go.kr,/DRF/lawService.do?OC=virtual.esq&target=prec&ID=350276&type=HTML&mobileYn=,2026-09-19 21:38:17.304615,,,
345724,피상속인의 사망에 따라 지급된 보험금의 보험계약상 보험료를 피상속인이 모두 납부한 것이라고 볼 수 없음,부산지방법원-2021-구합-25111,2023-06-22,2023,6,2,,지방/기타,일반행정,,계약,law.go.kr,/DRF/lawService.do?OC=virtual.esq&target=prec&ID=345724&type=HTML&mobileYn=,2026-09-19 21:38:17.304615,,,
347330,주식 증여계약일 이후 확정되지 아니한 법인세가 있는 법인의 비상장주식 평가,서울행정법원-2021-구합-80612,2023-06-22,2023,6,2,,지방/기타,일반행정,,계약,law.go.kr,/DRF/lawService.do?OC=virtual.esq&target=prec&ID=347330&type=HTML&mobileYn=,2026-09-19 21:38:17.304615,,,
345570,이 사건 증여계약이 사해행위에 해당하여 취소되어야 하는지 여부,진주지원-2022-가단-42814,2023-06-21,2023,6,2,,지방/기타,민사,,계약,law.go.kr,/DRF/lawService.do?OC=virtual.esq&target=prec&ID=345570&type=HTML&mobileYn=,2026-09-19 21:38:17.304615,,,
349662,이 사건 양도계약이 합의해제된 부분은 양도계약의 효력이 상실되었다고 봄이 상당함,서울행정법원-2022-구단-66692,2023-06-21,2023,6,2,,지방/기타,일반행정,,계약,law.go.kr,/DRF/lawService.do?OC=virtual.esq&target=prec&ID=349662&type=HTML&mobileYn=,2026-09-19 21:38:17.304615,,,
350302,(심리불속행) 명의신탁 관계는 반드시 신탁자와 수탁자 간의 명시적 계약에 의하여서만 성립되는 것이 아니라 묵시적 합의에 의하여서도 성립될 수 있음,대법원-2023-두-39267,2023-06-15,2023,6,2,,지방/기타,일반행정,,계약,law.go.kr,/DRF/lawService.do?OC=virtual.esq&target=prec&ID=350302&type=HTML&mobileYn=,2026-09-19 21:38:17.304615,,,
235125,"대여금[대출 계약 당시 차주가 부담한 대출취급수수료, 공증료 등이 대출의 대가로 지급된 것으로서 사회통념상 허용되는 한도를 초과한 경우, 그 한도를 초과한 부분이 대출 원금에 충당될 수 있는지 여부가 문제된 사건]",2022다211959,2023-06-15,2023,6,2,대법원,대법원,민사,판결,계약,law.go.kr,/DRF/lawService.do?OC=virtual.esq&target=prec&ID=235125&type=HTML&mobileYn=,2026-09-19 21:38:17.304615,,,
351478,이 사건 증여계약이 사해행위에 해당하여 최소되어야 하는지 여부,대구지방법원-2022-가단-136260,2023-06-09,2023,6,2,,지방/기타,민사,,계약,law.go.kr,/DRF/lawService.do?OC=virtual.esq&target=prec&ID=351478&type=HTML&mobileYn=,2026-09-19 21:38:17.304615,,,
347528,이 사건 신탁계약에 따른 수익금에서 공제되어야 할 비용에 수탁자에게 부과된 밥인세는 해당하지 아니함,대구지방법원-2022-가단-149112,2023-06-09,2023,6,2,,지방/기타,민사,,계약,law.go.kr,/DRF/lawService.do?OC=virtual.esq&target=prec&ID=347528&type=HTML&mobileYn=,2026-09-19 21:38:17.304615,,,
350716,대물변제 계약을 원인으로 한 재화의 공급에 따른 세금계산서 발급,광주지방법원-2023-구합-30,2023-06-08,2023,6,2,,지방/기타,일반행정,,계약,law.go.kr,/DRF/lawService.do?OC=virtual.esq&target=prec&ID=350716&type=HTML&mobileYn=,2026-09-19 21:38:17.304615,,,
350846,체납자가 체납상태에서 주택임차보증금 채권을 양도한 계약은 사해행위에 해당함,서울고등법원-2023-나-2003320,2023-06-01,2023,6,2,,지방/기타,민사,,계약,law.go.kr,/DRF/lawService.do?OC=virtual.esq&target=prec&ID=350846&type=HTML&mobileYn=,2026-09-19 21:38:17.304615,,,
348454,"당사자간에 계약한 용역계약서가 진정한 것으로 보이지 않으므로, 이에 주택의 신축공사와 관련한 용역수수료라며 제3자에게 송금한 해당 금원은 필요경비로 인정할 수 없음",서울고등법원-2022-누-69614,2023-05-26,2023,5,2,,지방/기타,일반행정,,계약,law.go.kr,/DRF/lawService.do?OC=virtual.esq&target=prec&ID=348454&type=HTML&mobileYn=,2026-09-19 21:38:17.304615,,,
616763,"매매대금의 반환채권을 담보할 목적으로 마쳐진 매매계약가등기라고 보기 어렵고 순위보전을 위한 가등기로 보이므로, 소멸시효가 완성되었다고 볼 수 없음",평택지원-2021-가단-65475,2023-05-18,2023,5,2,,지방/기타,민사,,계약,law.go.kr,/DRF/lawService.do?OC=virtual.esq&target=prec&ID=616763&type=HTML&mobileYn=,2026-09-19 21:38:17.304615,,,
239749,계약보증금청구,2019다214408,2023-05-18,2023,5,2,대법원,대법원,민사,판결,계약,law.go.kr,/DRF/lawService.do?OC=virtual.esq&target=prec&ID=239749&type=HTML&mobileYn=,2026-09-19 21:38:17.304615,,,
343630,원고 명의 소유권이전등기는 등기원인일자를 소급하여 토지거래허가를 배제·잠탈하려는 무효의 계약에 근거하여 원인무효등기인지 여부(심리불속행 기각),대법원-2023-다-215361,2023-05-18,2023,5,2,,지방/기타,민사,,계약,law.go.kr,/DRF/lawService.do?OC=virtual.esq&target=prec&ID=343630&type=HTML&mobileYn=,2026-09-19 21:38:17.304615,,,
420950,국가 등과 용지매매계약 체결 후 매매대금 미지급 토지에 대한 재산세 납세의무자 판단,2022구합31776,2023-05-16,2023,5,2,춘천지방법원,지방/기타,일반행정,처분청 승소,계약,law.go.kr,/DRF/lawService.do?OC=virtual.esq&target=prec&ID=420950&type=HTML&mobileYn=,2026-09-19 21:38:17.304615,,,
421302,계약사실이 입증(7.10.)되지 않아 개정법에 따른 다주택 중과대상,2023누32732,2023-05-16,2023,5,2,서울고등법원,고등법원,일반행정,처분청 승소,계약,law.go.kr,/DRF/lawService.do?OC=virtual.esq&target=prec&ID=421302&type=HTML&mobileYn=,2026-09-19 21:38:17.304615,,,
350930,이 사건 증여계약이 사해행위에 해당하여 최소되어야 하는지 여부,대구지방법원-2022-가단-144544,2023-05-12,2023,5,2,,지방/기타,민사,,계약,law.go.kr,/DRF/lawService.do?OC=virtual.esq&target=prec&ID=350930&type=HTML&mobileYn=,2026-09-19 21:38:17.304615,,,
349894,이 사건 증여계약이 사해행위인지 여부,서울고등법원-2022-나-2043277,2023-05-12,2023,5,2,,지방/기타,민사,,계약,law.go.kr,/DRF/lawService.do?OC=virtual.esq&target=prec&ID=349894&type=HTML&mobileYn=,2026-09-19 21:38:17.304615,,,
346106,이 사건 증여계약이 사해행위에 해당하여 최소되어야 하는지 여부,대구지방법원-2022-가단-128818,2023-05-10,2023,5,2,,지방/기타,민사,,계약,law.go.kr,/DRF/lawService.do?OC=virtual.esq&target=prec&ID=346106&type=HTML&mobileYn=,2026-09-19 21:38:17.304615,,,
423922,원고의 아버지 부동산을 취득하면서 원고의 아버지와 임대차계약을 체결하여 매매대금에서 임대차보증금을 공제한 금액을 지급받은 경우 임대차보증금 부분을 무상취득(증여)가 아닌 유상취득으로 볼 수 있는 지 여부,2022구단52372,2023-05-03,2023,5,2,서울행정법원,지방/기타,일반행정,처분청 패소,계약,law.go.kr,/DRF/lawService.do?OC=virtual.esq&target=prec&ID=423922&type=HTML&mobileYn=,2026-09-19 21:38:17.305616,,,
350504,"체납자가 채무초과 상태에서 피고와 이 사건 매매예약 및 매매계약을 체결하고, 그 매매대금 중 일부를 피고의 체납자에 대한 대여금채권으로 갈음하기로 하여 사실상 피고에게 우선변제를 받을 수 있도록 한 행위는 사해행위에 해당하고, 체납자의 사행의사도 인정되며, 수익자인 피고의 악의도 추정됨",대법원-2023-다-209274,2023-04-27,2023,4,2,,지방/기타,민사,,계약,law.go.kr,/DRF/lawService.do?OC=virtual.esq&target=prec&ID=350504&type=HTML&mobileYn=,2026-09-19 21:38:17.305616,,,
349968,"이 사건 계약에 따른 용역이 실제로 수수되었다는 점에 관하여 원고가 제출한 증거들만으로는 이러한 사실을 인정하기 어렵고, 달리 이를 인정할 만한 증거가 없음",서울행정법원-2021-구합-60892,2023-04-25,2023,4,2,,지방/기타,일반행정,,계약,law.go.kr,/DRF/lawService.do?OC=virtual.esq&target=prec&ID=349968&type=HTML&mobileYn=,2026-09-19 21:38:17.305616,,,
342996,이 사건 매매계약 합의서의 진위 여부 및 이에 피고가 원고에게 위 추심금을 지급하여야 하는지 여부,서울중앙지방법원-2021-가합-546264,2023-04-24,2023,4,2,,지방/기타,민사,,계약,law.go.kr,/DRF/lawService.do?OC=virtual.esq&target=prec&ID=342996&type=HTML&mobileYn=,2026-09-19 21:38:17.305616,,,
343004,상속재산 분할 협의계약은 사해행위에 해당,충주지원-2022-가단-27256,2023-04-19,2023,4,2,,지방/기타,민사,,계약,law.go.kr,/DRF/lawService.do?OC=virtual.esq&target=prec&ID=343004&type=HTML&mobileYn=,2026-09-19 21:38:17.305616,,,
351218,이 사건 부동산 증여계약은 사해행위에 해당함,동부지원-2022-가단-126176,2023-04-18,2023,4,2,,지방/기타,민사,,계약,law.go.kr,/DRF/lawService.do?OC=virtual.esq&target=prec&ID=351218&type=HTML&mobileYn=,2026-09-19 21:38:17.305616,,,
347768,토지사용계약의 해지?해제에 따른 토지 임대소득 과세 적법 여부,서울고등법원-2022-누-49733,2023-04-12,2023,4,2,,지방/기타,일반행정,,계약,law.go.kr,/DRF/lawService.do?OC=virtual.esq&target=prec&ID=347768&type=HTML&mobileYn=,2026-09-19 21:38:17.305616,,,
349586,"명의변경계약에 따라 보험계약자 및 보험수익자를 배우자로 변경하고, 배우자에게 현금을 증여한 각 행위는 사해행위임",광주지방법원-2022-가단-515984,2023-04-06,2023,4,2,,지방/기타,민사,,계약,law.go.kr,/DRF/lawService.do?OC=virtual.esq&target=prec&ID=349586&type=HTML&mobileYn=,2026-09-19 21:38:17.305616,,,
347182,이 사건 증여계약이 사해행위에 해당하여 최소되어야 하는지 여부,대구지방법원-2022-가합-204177,2023-04-06,2023,4,2,,지방/기타,민사,,계약,law.go.kr,/DRF/lawService.do?OC=virtual.esq&target=prec&ID=347182&type=HTML&mobileYn=,2026-09-19 21:38:17.305616,,,
343780,이 사건 부동산의 취득가액을 부동산거래계약신고필증에 기재된 금액으로 볼 수     있는지 여부,전주지방법원-2022-구단-33,2023-04-05,2023,4,2,,지방/기타,일반행정,,계약,law.go.kr,/DRF/lawService.do?OC=virtual.esq&target=prec&ID=343780&type=HTML&mobileYn=,2026-09-19 21:38:17.305616,,,
349944,거래당사자가 매매계약서의 거래가액을 실지거래가액과 다르게 적은 경우에는 양도소득세 비과세 또는 감면 규정이 배제됨.,울산지방법원-2022-구단-5776,2023-04-04,2023,4,2,,지방/기타,일반행정,,계약,law.go.kr,/DRF/lawService.do?OC=virtual.esq&target=prec&ID=349944&type=HTML&mobileYn=,2026-09-19 21:38:17.305616,,,
350270,증여계약 당시 채무초과 상태에 있던 자의 부동산 증여행위는 특별한 사정이 없는 한 채권자들의 공동담보를 감소시키는 행위로 사해행위에 해당함,창원지방법원-2021-가단-117749,2023-03-31,2023,3,1,,지방/기타,민사,,계약,law.go.kr,/DRF/lawService.do?OC=virtual.esq&target=prec&ID=350270&type=HTML&mobileYn=,2026-09-19 21:38:17.305616,,,
347992,보험계약의 명의변경은 해약환급금 채권을 수령할 수 있는 지위를 이전하는 것으로 사해행위에 해당함,서산지원-2021-가단-58658,2023-03-28,2023,3,1,,지방/기타,민사,,계약,law.go.kr,/DRF/lawService.do?OC=virtual.esq&target=prec&ID=347992&type=HTML&mobileYn=,2026-09-19 21:38:17.305616,,,
350344,(심리불속행)양도계약 합의해제는 양도소득세 등의 조세회피를 목적으로 한 통정허위표시에 해당함,대법원-2022-두-62642,2023-03-23,2023,3,1,,지방/기타,일반행정,,계약,law.go.kr,/DRF/lawService.do?OC=virtual.esq&target=prec&ID=350344&type=HTML&mobileYn=,2026-09-19 21:38:17.305616,,,
350284,체납자가 자녀에게 보험계약 명의를 변경한 행위는 사해행위에 해당함,장흥지원-2022-가합-5183,2023-03-21,2023,3,1,,지방/기타,민사,,계약,law.go.kr,/DRF/lawService.do?OC=virtual.esq&target=prec&ID=350284&type=HTML&mobileYn=,2026-09-19 21:38:17.305616,,,
348446,채무초과 상태에서 증여계약에 의한 금전지급은 사해행위에 해당함,충주지원-2022-가단-22121,2023-03-09,2023,3,1,,지방/기타,민사,,계약,law.go.kr,/DRF/lawService.do?OC=virtual.esq&target=prec&ID=348446&type=HTML&mobileYn=,2026-09-19 21:38:17.305616,,,
345954,검인계약서상 매매금액과 장부가액을 양도 자산의 취득가액으로 할 수 있는지 여부,서울행정법원-2022-구합-57855,2023-03-07,2023,3,1,,지방/기타,일반행정,,계약,law.go.kr,/DRF/lawService.do?OC=virtual.esq&target=prec&ID=345954&type=HTML&mobileYn=,2026-09-19 21:38:17.305616,,,
349818,명의신탁 관계는 반드시 신탁자와 수탁자 간의 명시적 계약에 의하여서만 성립되는 것이 아니라 묵시적 합의에 의하여서도 성립될 수 있음,서울고등법원-2022-누-49740,2023-03-07,2023,3,1,,지방/기타,일반행정,,계약,law.go.kr,/DRF/lawService.do?OC=virtual.esq&target=prec&ID=349818&type=HTML&mobileYn=,2026-09-19 21:38:17.305616,,,
349698,이 사건 증여세 채권은 이 사건 각 증여계약 이전에 성립된 것으로 채권자취소권의 피보전채권이 될 수 있음,동부지원-2019-가단-225028,2023-02-14,2023,2,1,,지방/기타,민사,,계약,law.go.kr,/DRF/lawService.do?OC=virtual.esq&target=prec&ID=349698&type=HTML&mobileYn=,2026-09-19 21:38:17.305616,,,
344474,대표이사 위촉계약서의 내용 등 기타 사실관계에 비추어 실질주주로서 주주권을 행사할 수 있는 지위에 있었다고 보기 어려우므로 과점주주에 해당한다고 볼 수 없음,서울행정법원-2021-구합-80285,2023-02-14,2023,2,1,,지방/기타,일반행정,,계약,law.go.kr,/DRF/lawService.do?OC=virtual.esq&target=prec&ID=344474&type=HTML&mobileYn=,2026-09-19 21:38:17.305616,,,
349882,투자자들과의 공동사업계약이 익명조합약정에 해당하는지 여부,서울행정법원-2021-구합-88265,2023-02-10,2023,2,1,,지방/기타,일반행정,,계약,law.go.kr,/DRF/lawService.do?OC=virtual.esq&target=prec&ID=349882&type=HTML&mobileYn=,2026-09-19 21:38:17.305616,,,
607575,이 사건 부동산 매매계약은 사해행위에 해당함,여주지원-2022-가단-22243,2023-02-07,2023,2,1,,지방/기타,민사,,계약,law.go.kr,/DRF/lawService.do?OC=virtual.esq&target=prec&ID=607575&type=HTML&mobileYn=,2026-09-19 21:38:17.305616,,,
345650,상속재산 분할 협의계약은 사해행위에 해당,서울북부지방법원-2022-가단-135069,2023-02-03,2023,2,1,,지방/기타,민사,,계약,law.go.kr,/DRF/lawService.do?OC=virtual.esq&target=prec&ID=345650&type=HTML&mobileYn=,2026-09-19 21:38:17.305616,,,
347866,상속재산 분할 협의계약은 사해행위에 해당함,서울서부지방법원-2022-가단-240707,2023-02-02,2023,2,1,,지방/기타,민사,,계약,law.go.kr,/DRF/lawService.do?OC=virtual.esq&target=prec&ID=347866&type=HTML&mobileYn=,2026-09-19 21:38:17.305616,,,
345016,"원고가 이 사건 상위 여행사에 모객 용역 또는 중개용역을 제공하였다거나 이 사건 하위 여행사로부터 모객 용역 또는 중개용역을 제공받아 이 사건 계약에 따른 용역이 실제로 수수되었다는 점에 관하여 원고가 제출한 증거들만으로는 이러한 사실을 인정하기 어렵고, 달리 이를 인정할 만한 증거가 없음",서울행정법원-2021-구합-64450,2023-02-02,2023,2,1,,지방/기타,일반행정,,계약,law.go.kr,/DRF/lawService.do?OC=virtual.esq&target=prec&ID=345016&type=HTML&mobileYn=,2026-09-19 21:38:17.305616,,,
349436,"이 사건 가맹계약의 당사자는 원고로 국외에서 용역을 공급한 것이며, 부정과소신고가산세 부과처분은 정당함",서울행정법원-2021-구합-78794,2023-02-02,2023,2,1,,지방/기타,일반행정,,계약,law.go.kr,/DRF/lawService.do?OC=virtual.esq&target=prec&ID=349436&type=HTML&mobileYn=,2026-09-19 21:38:17.305616,,,
346440,구 상증세 및 증여세법 45조의3 제1항 적용 시 특정매입계약에 따른 매출액을 특수관계법인에 대한 매출액에 포함하는지 여부,서울행정법원-2021-구합-90145,2023-01-31,2023,1,1,,지방/기타,일반행정,,계약,law.go.kr,/DRF/lawService.do?OC=virtual.esq&target=prec&ID=346440&type=HTML&mobileYn=,2026-09-19 21:38:17.305616,,,
342412,자경농지에 대한 양도소득세 감면을 각각 받기 위해 별개의 계약서를 작성한 것을 서로 다른 양도라고 보기 어려움,인천지방법원-2022-구단-51748,2023-01-27,2023,1,1,,지방/기타,일반행정,,계약,law.go.kr,/DRF/lawService.do?OC=virtual.esq&target=prec&ID=342412&type=HTML&mobileYn=,2026-09-19 21:38:17.305616,,,
346942,상속재산 분할 협의계약은 사해행위에 해당,수원지방법원-2022-가단-559466,2023-01-18,2023,1,1,,지방/기타,민사,,계약,law.go.kr,/DRF/lawService.do?OC=virtual.esq&target=prec&ID=346942&type=HTML&mobileYn=,2026-09-19 21:38:17.305616,,,
345404,이 사건 매매계약에 기한 양도대금 중 일부는 회수할 가능성이 전혀 없게 된 것이 명백함,부산지방법원-2020-구합-25572,2023-01-13,2023,1,1,,지방/기타,일반행정,,계약,law.go.kr,/DRF/lawService.do?OC=virtual.esq&target=prec&ID=345404&type=HTML&mobileYn=,2026-09-19 21:38:17.305616,,,
349490,"체납자가 채무초과 상태에서 피고와 이 사건 매매예약 및 매매계약을 체결하고, 그 매매대금 중 일부를 피고의 체납자에 대한 대여금채권으로 갈음하기로 하여 사실상 피고에게 우선변제를 받을 수 있도록 한 행위는 사해행위에 해당하고, 체납자의 사행의사도 인정되며, 수익자인 피고의 악의도 추정됨",서울서부지방법원-2022-나-47183,2023-01-12,2023,1,1,,지방/기타,민사,,계약,law.go.kr,/DRF/lawService.do?OC=virtual.esq&target=prec&ID=349490&type=HTML&mobileYn=,2026-09-19 21:38:17.305616,,,
346764,상속재산 분할 협의계약은 사해행위에 해당,서울북부지방법원-2022-가단-124328,2023-01-12,2023,1,1,,지방/기타,민사,,계약,law.go.kr,/DRF/lawService.do?OC=virtual.esq&target=prec&ID=346764&type=HTML&mobileYn=,2026-09-19 21:38:17.305616,,,
347272,"이 사건 인수계약은 자본시장법 제9조 제11항 소정의 ‘인수’행위에 불과하여, 자본시장법 제9조 제12항의 ‘인수인’ 지위가 부정된다고 볼 만한 사정이 없으므로 이 사건 부과처분은 적법함",서울행정법원-2021-구합-53405,2023-01-12,2023,1,1,,지방/기타,일반행정,,계약,law.go.kr,/DRF/lawService.do?OC=virtual.esq&target=prec&ID=347272&type=HTML&mobileYn=,2026-09-19 21:38:17.305616,,,
344234,이 사건 부동산 증여계약은 사해행위에 해당함,부산지방법원-2022-가단-326680,2023-01-11,2023,1,1,,지방/기타,민사,,계약,law.go.kr,/DRF/lawService.do?OC=virtual.esq&target=prec&ID=344234&type=HTML&mobileYn=,2026-09-19 21:38:17.305616,,,
421278,계약사실이 입증(7.10.)되지 않아 개정법에 따른 다주택 중과대상,2022구단54378,2023-01-11,2023,1,1,서울행정법원,지방/기타,일반행정,처분청 승소,계약,law.go.kr,/DRF/lawService.do?OC=virtual.esq&target=prec&ID=421278&type=HTML&mobileYn=,2026-09-19 21:38:17.305616,,,
344734,이 사건 증여계약은 사해행위에 해당하여 취소되어야 함,서울서부지방법원-2020-가단-236384,2023-01-11,2023,1,1,,지방/기타,민사,,계약,law.go.kr,/DRF/lawService.do?OC=virtual.esq&target=prec&ID=344734&type=HTML&mobileYn=,2026-09-19 21:38:17.305616,,,
349386,피고와 체납자 사이의 보험계약에 관한 명의변경계약은 사해행위로서 취소되어야 함,인천지방법원-2021-가단-274235,2023-01-06,2023,1,1,,지방/기타,민사,,계약,law.go.kr,/DRF/lawService.do?OC=virtual.esq&target=prec&ID=349386&type=HTML&mobileYn=,2026-09-19 21:38:17.305616,,,
350380,제1매매계약의 해제 여부 및 명의신탁 여부,대법원-2022-두-58278,2023-01-02,2023,1,1,,지방/기타,일반행정,,계약,law.go.kr,/DRF/lawService.do?OC=virtual.esq&target=prec&ID=350380&type=HTML&mobileYn=,2026-09-19 21:38:17.305616,,,
342596,양도소득세 신고·납부 후 주식양도계약이 해제되어 주식을 반환받은 경우 양도소득세 환급 대상인지 여부,서울행정법원-2022-구합-57282,2022-12-23,2022,12,4,,지방/기타,일반행정,,계약,law.go.kr,/DRF/lawService.do?OC=virtual.esq&target=prec&ID=342596&type=HTML&mobileYn=,2026-09-19 21:38:17.305616,,,
337484,"검인계약서는 특별한 사정이 없는 한 당사자 사이의 매매계약 내용대로 작성되었다고 추정되고, 그 계약서가 실제와 달리 작성되었다는 점은 주장자가 입증하여야 함",제주지방법원-2022-구합-5308,2022-12-20,2022,12,4,,지방/기타,일반행정,,계약,law.go.kr,/DRF/lawService.do?OC=virtual.esq&target=prec&ID=337484&type=HTML&mobileYn=,2026-09-19 21:38:17.305616,,,
342944,이 사건 제2차 매매계약은 별개의 계약으로 이 사건 제1차 매매계약이 합의해제   된 것이라 볼 수 없음,서울행정법원-2022-구합-51536,2022-12-20,2022,12,4,,지방/기타,일반행정,,계약,law.go.kr,/DRF/lawService.do?OC=virtual.esq&target=prec&ID=342944&type=HTML&mobileYn=,2026-09-19 21:38:17.305616,,,
350166,체납자가 채무초과상태에서 피고 명의로 보험의 계약자 및 수익자를 변경하는 것은 재산의 처분행위에 해당하므로 사해행위에 해당함,울산지방법원-2021-가단-124378,2022-12-15,2022,12,4,,지방/기타,민사,,계약,law.go.kr,/DRF/lawService.do?OC=virtual.esq&target=prec&ID=350166&type=HTML&mobileYn=,2026-09-19 21:38:17.305616,,,
348372,이 사건 증여계약이 사해행위에 해당하여 최소되어야 하는지 여부,대구지방법원-2022-가단-126379,2022-12-15,2022,12,4,,지방/기타,민사,,계약,law.go.kr,/DRF/lawService.do?OC=virtual.esq&target=prec&ID=348372&type=HTML&mobileYn=,2026-09-19 21:38:17.305616,,,
345202,공사대금 과다지급액 반환채권은 계약 당사자들 사이에 민사소송의 판결이 확정된 때에 그 권리가 확정된다고 보아야 함,인천지방법원-2021-구합-56095,2022-12-09,2022,12,4,,지방/기타,일반행정,,계약,law.go.kr,/DRF/lawService.do?OC=virtual.esq&target=prec&ID=345202&type=HTML&mobileYn=,2026-09-19 21:38:17.305616,,,
236027,입주계약해지처분무효확인의소,2021누10889,2022-12-08,2022,12,4,광주고등법원,고등법원,일반행정,판결,계약,law.go.kr,/DRF/lawService.do?OC=virtual.esq&target=prec&ID=236027&type=HTML&mobileYn=,2026-09-19 21:38:17.305616,,,
345690,증여계약 당시 이미 성립되어 있는 조세채권은 채무초과 상태에 있던 채무자의 책임재산을 더 감소시켜 다른 채권자들을 해하는 사해행위에 해당,고양지원-2022-가단-89605,2022-12-08,2022,12,4,,지방/기타,민사,,계약,law.go.kr,/DRF/lawService.do?OC=virtual.esq&target=prec&ID=345690&type=HTML&mobileYn=,2026-09-19 21:38:17.305616,,,
347508,사업 진행에 필요한 초기자금을 조달하기 위하여 출자계약 형식으로 사실상의 분양 및 수분양자를 모집하면서 지출한 출자자 모집 대행수수료는 구 법인세법 제19조 제1항에서 정한 ‘손금’에 해당하지 않음,대전고등법원-2022-누-10717,2022-12-01,2022,12,4,,지방/기타,일반행정,,계약,law.go.kr,/DRF/lawService.do?OC=virtual.esq&target=prec&ID=347508&type=HTML&mobileYn=,2026-09-19 21:38:17.305616,,,
342334,이 사건 증여계약이 사해행위에 해당하는지 여부,천안지원-2022-가단-112799,2022-11-30,2022,11,4,,지방/기타,민사,,계약,law.go.kr,/DRF/lawService.do?OC=virtual.esq&target=prec&ID=342334&type=HTML&mobileYn=,2026-09-19 21:38:17.305616,,,
348338,"매매대금의 지급내역, 지급방법, 지급시기 등의 사정에 비추어, 이 사건 매수계약의 실지거래가액을 확인할 수 없다고 봄이 상당하여 환산가액으로 한 당초처분은 적법함",부산고등법원-2022-누-22262,2022-11-23,2022,11,4,,지방/기타,일반행정,,계약,law.go.kr,/DRF/lawService.do?OC=virtual.esq&target=prec&ID=348338&type=HTML&mobileYn=,2026-09-19 21:38:17.305616,,,
346500,(심리불속행) 담보신탁계약상의 수익권을 소멸하게 함으로써 위탁자의 채무초과상태가 더 나빠지게 되었다면 위탁자의 처분행위는 사해행위에 해당함,대법원-2022-다-259470,2022-11-17,2022,11,4,,지방/기타,민사,,계약,law.go.kr,/DRF/lawService.do?OC=virtual.esq&target=prec&ID=346500&type=HTML&mobileYn=,2026-09-19 21:38:17.305616,,,
232025,관세등부과처분취소[독점 수입계약을 체결하면서 연간 구매수량의 일정비율에 해당하는 물품을 추가로 공급받기로 특약한 후 해당 특약에 따른 연간 기준물량 구매조건을 충족하여 별도로 대가를 지급하지 않고 공급받은 수입물품의 관세평가방법이 문제된 사건],2018두47714,2022-11-17,2022,11,4,대법원,대법원,세무,판결,계약,law.go.kr,/DRF/lawService.do?OC=virtual.esq&target=prec&ID=232025&type=HTML&mobileYn=,2026-09-19 21:38:17.305616,,,
232017,손해배상(지)·손해배상(지)·손해배상(지)[저작권신탁관리업자의 공연사용료 분배규정 개정이 신탁계약상 채무불이행 또는 불법행위에 해당하거나 무효에 해당하는지 문제된 사안],2019다283725,2022-11-17,2022,11,4,대법원,대법원,민사,판결,계약,law.go.kr,/DRF/lawService.do?OC=virtual.esq&target=prec&ID=232017&type=HTML&mobileYn=,2026-09-19 21:38:17.305616,,,
346498,"원고가 이 사건 상위 여행사에 모객 용역 또는 중개용역을 제공하였다거나 이 사건 하위 여행사로부터 모객 용역 또는 중개용역을 제공받아 이 사건 계약에 따른 용역이 실제로 수수되었다는 점에 관하여 원고가 제출한 증거들만으로는 이러한 사실을 인정하기 어렵고, 달리 이를 인정할 만한 증거가 없음",서울행정법원-2021-구합-53979,2022-11-17,2022,11,4,,지방/기타,일반행정,,계약,law.go.kr,/DRF/lawService.do?OC=virtual.esq&target=prec&ID=346498&type=HTML&mobileYn=,2026-09-19 21:38:17.305616,,,
346318,이 사건 보험계약자 명의변경은 사해행위에 해당하여 취소함,안산지원-2021-가단-88541,2022-11-16,2022,11,4,,지방/기타,민사,,계약,law.go.kr,/DRF/lawService.do?OC=virtual.esq&target=prec&ID=346318&type=HTML&mobileYn=,2026-09-19 21:38:17.305616,,,
342958,피고와 BBB 사이에 체결된 증여계약이 사해행위에 해당하는지 여부,대구지방법원-2022-가단-133186,2022-11-16,2022,11,4,,지방/기타,민사,,계약,law.go.kr,/DRF/lawService.do?OC=virtual.esq&target=prec&ID=342958&type=HTML&mobileYn=,2026-09-19 21:38:17.305616,,,
350050,상속재산 분할 협의계약은 사해행위에 해당함,의정부지방법원-2022-가단-102673,2022-11-10,2022,11,4,,지방/기타,민사,,계약,law.go.kr,/DRF/lawService.do?OC=virtual.esq&target=prec&ID=350050&type=HTML&mobileYn=,2026-09-19 21:38:17.305616,,,
342890,이 사건 아파트의 매매사례가액 등에 비추어 볼 때 계약서에 기재된 매매대금을 원고들이 이 사건 아파트를 취득한 실지거래가액으로 인정할 수 없음,서울행정법원-2021-구단-74016,2022-11-09,2022,11,4,,지방/기타,일반행정,,계약,law.go.kr,/DRF/lawService.do?OC=virtual.esq&target=prec&ID=342890&type=HTML&mobileYn=,2026-09-19 21:38:17.306615,,,
347178,자경감면한도 초과공제를 위한 2개년도 걸친 양도 계약,인천지방법원-2021-구단-52218,2022-11-04,2022,11,4,,지방/기타,일반행정,,계약,law.go.kr,/DRF/lawService.do?OC=virtual.esq&target=prec&ID=347178&type=HTML&mobileYn=,2026-09-19 21:38:17.306615,,,
336628,세무조사에 따른 조세부과처분일 인접일에 이뤄진 근저당권설정계약은 사해행위에 해당하므로 취소되어야 함,인천지방법원-2021-나-56209,2022-11-02,2022,11,4,,지방/기타,민사,,계약,law.go.kr,/DRF/lawService.do?OC=virtual.esq&target=prec&ID=336628&type=HTML&mobileYn=,2026-09-19 21:38:17.306712,,,
345132,원고와 외국법인은 협력계약에 따라 백신의 제조판매를 위하여 공동사업을 영위함,인천지방법원-2019-구합-55952,2022-10-27,2022,10,4,,지방/기타,일반행정,,계약,law.go.kr,/DRF/lawService.do?OC=virtual.esq&target=prec&ID=345132&type=HTML&mobileYn=,2026-09-19 21:38:17.306712,,,
343300,이 사건 증여계약이 사해행위에 해당하는지 여부,서울중앙지방법원-2021-가합-573815,2022-10-26,2022,10,4,,지방/기타,민사,,계약,law.go.kr,/DRF/lawService.do?OC=virtual.esq&target=prec&ID=343300&type=HTML&mobileYn=,2026-09-19 21:38:17.306712,,,
332414,이 사건 증여계약은 사해행위이므로 취소되어야 함,진주지원-2022-가단-37652,2022-10-25,2022,10,4,,지방/기타,민사,,계약,law.go.kr,/DRF/lawService.do?OC=virtual.esq&target=prec&ID=332414&type=HTML&mobileYn=,2026-09-19 21:38:17.306712,,,
347946,보험계약의 명의자 변경이 사해행위에 해당하는지 여부,서울남부지방법원-2021-가단-288659,2022-10-25,2022,10,4,,지방/기타,민사,,계약,law.go.kr,/DRF/lawService.do?OC=virtual.esq&target=prec&ID=347946&type=HTML&mobileYn=,2026-09-19 21:38:17.306712,,,
344100,이 사건 부동산의 매매계약은 사해행위에 해당함,인천지방법원-2021-가합-53138,2022-10-25,2022,10,4,,지방/기타,민사,,계약,law.go.kr,/DRF/lawService.do?OC=virtual.esq&target=prec&ID=344100&type=HTML&mobileYn=,2026-09-19 21:38:17.306712,,,
344720,"양도계약이 해제되지 아니하여, 계약해제를 원인으로 한 경정청구거부처분이 정당함",부산지방법원-2021-구합-22716,2022-10-20,2022,10,4,,지방/기타,일반행정,,계약,law.go.kr,/DRF/lawService.do?OC=virtual.esq&target=prec&ID=344720&type=HTML&mobileYn=,2026-09-19 21:38:17.306712,,,
343760,다운계약서 작성에 따른 취득가액 입증책임,대전고등법원-2022-누-10434,2022-10-20,2022,10,4,,지방/기타,일반행정,,계약,law.go.kr,/DRF/lawService.do?OC=virtual.esq&target=prec&ID=343760&type=HTML&mobileYn=,2026-09-19 21:38:17.306712,,,
231743,"유체동산인도[금융리스이용자(채무자)에 대한 회생절차에서 리스계약에 따른 채권을 회생담보권으로 신고하여 확정받은 리스회사(원고)가, 채무자의 이 사건 기계(리스물, 의료기기) 사용을 전제로 한 회생계획이 수립되어 인가결정이 내려진 이후 비로소 리스계약을 해지하고 환취권을 행사하였다고 주장하면서 채무자의 관리인(피고)을 상대로 위 기계의 인도를 구한 사건]",2018다210690,2022-10-14,2022,10,4,대법원,대법원,민사,판결,계약,law.go.kr,/DRF/lawService.do?OC=virtual.esq&target=prec&ID=231743&type=HTML&mobileYn=,2026-09-19 21:38:17.306712,,,
231741,용역비[채무불이행을 이유로 한 도급계약 해제의 의사표시에 임의 해제의 의사표시가 포함되었는지 여부가 문제된 사안],2022다246757,2022-10-14,2022,10,4,대법원,대법원,민사,판결,계약,law.go.kr,/DRF/lawService.do?OC=virtual.esq&target=prec&ID=231741&type=HTML&mobileYn=,2026-09-19 21:38:17.306712,,,
337306,원고의 해제 의사표시가 담긴 준비서면의 송달로써 이 사건 매매계약이 적법하게 해제되었다고 판단됨,울산지방법원-2021-구합-10150,2022-10-13,2022,10,4,,지방/기타,일반행정,,계약,law.go.kr,/DRF/lawService.do?OC=virtual.esq&target=prec&ID=337306&type=HTML&mobileYn=,2026-09-19 21:38:17.306712,,,
348474,이 사건 증여계약은 사해행위에 해당하여 취소되어야 함,부산지방법원-2022-가단-326246,2022-10-13,2022,10,4,,지방/기타,민사,,계약,law.go.kr,/DRF/lawService.do?OC=virtual.esq&target=prec&ID=348474&type=HTML&mobileYn=,2026-09-19 21:38:17.306712,,,
346174,"실질적인 출연이 전혀 없이 거래가 진행이 된 점 등에 비추어 보면, 이 사건 매매계약에 따라 각 부동산의 양도가 이루어졌다고 볼 수 없음",수원지방법원-2021-구합-73714,2022-10-13,2022,10,4,,지방/기타,일반행정,,계약,law.go.kr,/DRF/lawService.do?OC=virtual.esq&target=prec&ID=346174&type=HTML&mobileYn=,2026-09-19 21:38:17.306712,,,
345688,매수인의 주장에 따라 다운계약서인 사실을 인정할 수 있음,제주지방법원-2022-구합-5001,2022-10-11,2022,10,4,,지방/기타,일반행정,,계약,law.go.kr,/DRF/lawService.do?OC=virtual.esq&target=prec&ID=345688&type=HTML&mobileYn=,2026-09-19 21:38:17.306712,,,
423910,다주택자 중과 관련 ’20.7.10. 이전에 계약이 이루어졌는지 여부,2021구단79509,2022-10-05,2022,10,4,서울행정법원,지방/기타,일반행정,처분청 패소,계약,law.go.kr,/DRF/lawService.do?OC=virtual.esq&target=prec&ID=423910&type=HTML&mobileYn=,2026-09-19 21:38:17.307778,,,
235603,임차보증가계약금반환,2022다247187,2022-09-29,2022,9,3,대법원,대법원,민사,판결,계약,law.go.kr,/DRF/lawService.do?OC=virtual.esq&target=prec&ID=235603&type=HTML&mobileYn=,2026-09-19 21:38:17.307778,,,
338106,"이 사건 매매계약을 토지의 유상매매계약과 잔금 무상대여계약이 결합된 형태라 볼 수 없고, 이 사건 매매계약상 잔금 미지급 관계를 금전 무상대여거래로 볼 수 없음",서울행정법원-2021-구합-67923,2022-09-29,2022,9,3,,지방/기타,일반행정,,계약,law.go.kr,/DRF/lawService.do?OC=virtual.esq&target=prec&ID=338106&type=HTML&mobileYn=,2026-09-19 21:38:17.307778,,,
424024,지방세법 제109조 제3항에 따라 재산세가 비과세되는 ‘유지’에 대해 제3자와 임대차계약을 체결하고 임대료를 받고 있는 경우 재산세 비과세 대상인지 여부,2020구합72806,2022-09-29,2022,9,3,수원지방법원,지방/기타,일반행정,처분청 일부 패소,계약,law.go.kr,/DRF/lawService.do?OC=virtual.esq&target=prec&ID=424024&type=HTML&mobileYn=,2026-09-19 21:38:17.307778,,,
344294,부동산거래계약신고필증의 기재금액을 부동산의 실지거래가액으로 보아 취득가액을 산정하는 것은 타당함,광주고등법원-2022-누-11025,2022-09-22,2022,9,3,,지방/기타,일반행정,,계약,law.go.kr,/DRF/lawService.do?OC=virtual.esq&target=prec&ID=344294&type=HTML&mobileYn=,2026-09-19 21:38:17.307778,,,
344620,AA협동조합으로부터 수령한 금액은 위임계약에 따라 받은 보수로서 종전의 소득세 신고내역과 같이 소득세법 제20조에 정한 근로소득으로 봄이 상당함,창원지방법원-2022-구단-10451,2022-09-21,2022,9,3,,지방/기타,일반행정,,계약,law.go.kr,/DRF/lawService.do?OC=virtual.esq&target=prec&ID=344620&type=HTML&mobileYn=,2026-09-19 21:38:17.307778,,,
346606,이 사건 합의해제는 양도소득세 등의 조세 회피를 목적으로 한 통정허위표시이거나 새로운 계약이라고 보아야 하는지 여부,서울고등법원-2022-누-31381,2022-09-21,2022,9,3,,지방/기타,일반행정,,계약,law.go.kr,/DRF/lawService.do?OC=virtual.esq&target=prec&ID=346606&type=HTML&mobileYn=,2026-09-19 21:38:17.307778,,,
345116,양도소득세 감면한도액 초과를 회피하기 위한 형식적인 계약에 해당하므로 감면부인 적법함,창원지방법원-2021-구단-12030,2022-09-21,2022,9,3,,지방/기타,일반행정,,계약,law.go.kr,/DRF/lawService.do?OC=virtual.esq&target=prec&ID=345116&type=HTML&mobileYn=,2026-09-19 21:38:17.307778,,,
347380,제1매매계약의 해제 여부 및 명의신탁 여부,대전고등법원-2021-누-12778,2022-09-15,2022,9,3,,지방/기타,일반행정,,계약,law.go.kr,/DRF/lawService.do?OC=virtual.esq&target=prec&ID=347380&type=HTML&mobileYn=,2026-09-19 21:38:17.307778,,,
344144,국세체납의 강제징수를 면하고자 보험계약자 및 보험수익자를 변경한 행위는 채권자취소권의 대상인 사해행위에 해당함,충주지원-2022-가단-23506,2022-08-31,2022,8,3,,지방/기타,민사,,계약,law.go.kr,/DRF/lawService.do?OC=virtual.esq&target=prec&ID=344144&type=HTML&mobileYn=,2026-09-19 21:38:17.307778,,,
345152,사해행위 취소소송에 따른 매매계약 취소 및 가액반환,서울서부지방법원-2021-가단-248674,2022-08-26,2022,8,3,,지방/기타,민사,,계약,law.go.kr,/DRF/lawService.do?OC=virtual.esq&target=prec&ID=345152&type=HTML&mobileYn=,2026-09-19 21:38:17.307778,,,
346368,배우자와의 사이에 체결한 부동산 지분 증여계약의 사해행위 해당 여부(적극),서울동부지방법원-2021-가합-102872,2022-08-25,2022,8,3,,지방/기타,민사,,계약,law.go.kr,/DRF/lawService.do?OC=virtual.esq&target=prec&ID=346368&type=HTML&mobileYn=,2026-09-19 21:38:17.307778,,,
336098,AAA와 피고 사이에 체결된 이 사건 돈에 관한 증여계약은 사해행위에 해당하므로 취소되어야 한다.,광주지방법원-2021-가단-519699,2022-08-25,2022,8,3,,지방/기타,민사,,계약,law.go.kr,/DRF/lawService.do?OC=virtual.esq&target=prec&ID=336098&type=HTML&mobileYn=,2026-09-19 21:38:17.307778,,,
332762,이 사건 증여계약은 상당한 정도를 벗어나는 과대한 재산분할에 해당함,울산지방법원-2021-나-14564,2022-08-25,2022,8,3,,지방/기타,민사,,계약,law.go.kr,/DRF/lawService.do?OC=virtual.esq&target=prec&ID=332762&type=HTML&mobileYn=,2026-09-19 21:38:17.307778,,,
332368,"매매대금의 지급내역, 지급방법, 지급시기 등의 사정에 비추어, 이 사건 매수계약의 실지거래가액을 확인할 수 없다고 봄이 상당하여 환산가액으로 한 당초처분은 적법함",부산지방법원-2021-구합-24729,2022-08-19,2022,8,3,,지방/기타,일반행정,,계약,law.go.kr,/DRF/lawService.do?OC=virtual.esq&target=prec&ID=332368&type=HTML&mobileYn=,2026-09-19 21:38:17.307778,,,
348246,"상속주택 소수지분을 보유한 자가, 2017.8.2. 이전 다른 주택 매매계약을 체결하고 계약금을 지급한 경우, 1세대가 주택을 보유하지 아니한 경우로 보아 1세대 1주택 비과세 요건을 판단할 때 종전 법령을 적용하는지 여부",대전지방법원-2022-구단-100655,2022-08-18,2022,8,3,,지방/기타,일반행정,,계약,law.go.kr,/DRF/lawService.do?OC=virtual.esq&target=prec&ID=348246&type=HTML&mobileYn=,2026-09-19 21:38:17.307778,,,
336296,이 사건 증여계약이 사해행위에 해당하는지 여부,성남지원-2022-가단-213503,2022-08-17,2022,8,3,,지방/기타,민사,,계약,law.go.kr,/DRF/lawService.do?OC=virtual.esq&target=prec&ID=336296&type=HTML&mobileYn=,2026-09-19 21:38:17.307778,,,
342424,"이 사건 부동산 매매계약은 사해행위로서 160,003,465원의 한도 내에서취소하여야 한다.",청주지방법원-2021-가합-51140,2022-08-17,2022,8,3,,지방/기타,민사,,계약,law.go.kr,/DRF/lawService.do?OC=virtual.esq&target=prec&ID=342424&type=HTML&mobileYn=,2026-09-19 21:38:17.307778,,,
345560,이 사건 매매계약이 사해행위인지 여부,성남지원-2022-가단-212074,2022-08-10,2022,8,3,,지방/기타,민사,,계약,law.go.kr,/DRF/lawService.do?OC=virtual.esq&target=prec&ID=345560&type=HTML&mobileYn=,2026-09-19 21:38:17.307778,,,
345484,이 사건 상속재산분할계약이 사해행위인지의 여부,안양지원-2021-가단-102490,2022-08-10,2022,8,3,,지방/기타,민사,,계약,law.go.kr,/DRF/lawService.do?OC=virtual.esq&target=prec&ID=345484&type=HTML&mobileYn=,2026-09-19 21:38:17.307778,,,
344958,이 사건 증여계약이 사해행위인지 여부 및 제소기간 도과여부,서울고등법원(춘천)-2021-나-2702,2022-07-22,2022,7,3,,지방/기타,민사,,계약,law.go.kr,/DRF/lawService.do?OC=virtual.esq&target=prec&ID=344958&type=HTML&mobileYn=,2026-09-19 21:38:17.307778,,,
347550,이 사건 증여계약이 사해행위인지 여부,청주지방법원-2022-가단-58547,2022-07-22,2022,7,3,,지방/기타,민사,,계약,law.go.kr,/DRF/lawService.do?OC=virtual.esq&target=prec&ID=347550&type=HTML&mobileYn=,2026-09-19 21:38:17.307778,,,
343496,이 사건 증여계약으로 인하여 체납자는 채무초과상태에 이르렀는바 이 사건 증여계약은 사해행위에 해당함,서울고등법원-2021-나-2025456,2022-07-22,2022,7,3,,지방/기타,민사,,계약,law.go.kr,/DRF/lawService.do?OC=virtual.esq&target=prec&ID=343496&type=HTML&mobileYn=,2026-09-19 21:38:17.307778,,,
343528,채무초과상태에서 보험계약자 명의변경은 사해행위에 해당함,동부지원-2021-가단-222657,2022-07-12,2022,7,3,,지방/기타,민사,,계약,law.go.kr,/DRF/lawService.do?OC=virtual.esq&target=prec&ID=343528&type=HTML&mobileYn=,2026-09-19 21:38:17.307778,,,
344404,매매계약서 상 매매가액을 실지거래가액으로 볼 수 있는지 여부,수원지방법원-2021-구단-4018,2022-07-08,2022,7,3,,지방/기타,일반행정,,계약,law.go.kr,/DRF/lawService.do?OC=virtual.esq&target=prec&ID=344404&type=HTML&mobileYn=,2026-09-19 21:38:17.307778,,,
342870,보험계약의 명의자 변경이 사해행위에 해당하는지 여부,서울동부지방법원-2021-가단-137383,2022-07-08,2022,7,3,,지방/기타,민사,,계약,law.go.kr,/DRF/lawService.do?OC=virtual.esq&target=prec&ID=342870&type=HTML&mobileYn=,2026-09-19 21:38:17.307778,,,
343912,담보신탁계약상의 수익권을 소멸하게 함으로써 위탁자의 채무초과상태가 더 나빠지게 되었다면 위탁자의 처분행위는 사해행위에 해당함,부산고등법원-2020-나-55933,2022-07-06,2022,7,3,,지방/기타,민사,,계약,law.go.kr,/DRF/lawService.do?OC=virtual.esq&target=prec&ID=343912&type=HTML&mobileYn=,2026-09-19 21:38:17.307778,,,
344344,검인계약서는 양도물건의 실지거래가액으로 인정됨,서울고등법원-2022-누-39330,2022-07-05,2022,7,3,,지방/기타,일반행정,,계약,law.go.kr,/DRF/lawService.do?OC=virtual.esq&target=prec&ID=344344&type=HTML&mobileYn=,2026-09-19 21:38:17.307778,,,
336058,이 사건 매매계약 체결 자체에 배임행위가 개재되었다거나 배임행위에 적극 가담하여 반사회적 법률행위로서 무효인 매매계약을 체결한 것이라고 평가할 수 없음.,제주지방법원-2021-구합-5158,2022-06-28,2022,6,2,,지방/기타,일반행정,,계약,law.go.kr,/DRF/lawService.do?OC=virtual.esq&target=prec&ID=336058&type=HTML&mobileYn=,2026-09-19 21:38:17.307778,,,
344826,주택임대 수입금액의 수입 시기는 계약에 따라 지급일이 정해진 경우에는 그 정해진 날임,서울행정법원-2021-구합-3073,2022-06-28,2022,6,2,,지방/기타,일반행정,,계약,law.go.kr,/DRF/lawService.do?OC=virtual.esq&target=prec&ID=344826&type=HTML&mobileYn=,2026-09-19 21:38:17.307778,,,
342986,검인계약서상의 거래가액을 취득가액으로 보아야 함,수원지방법원-2021-구단-8263,2022-06-24,2022,6,2,,지방/기타,일반행정,,계약,law.go.kr,/DRF/lawService.do?OC=virtual.esq&target=prec&ID=342986&type=HTML&mobileYn=,2026-09-19 21:38:17.307778,,,
342458,이 사건 각 증여계약이 있은 후로부터 2년 2개월 정도 지나 제기된 이혼소송에 따른 화해권고결정을 재산분할이라고 볼 수 없음,춘천지방법원-2021-나-35398,2022-06-23,2022,6,2,,지방/기타,민사,,계약,law.go.kr,/DRF/lawService.do?OC=virtual.esq&target=prec&ID=342458&type=HTML&mobileYn=,2026-09-19 21:38:17.307778,,,
231751,용역계약해지무효확인,2021나2043911,2022-06-22,2022,6,2,서울고등법원,고등법원,민사,판결 : 상고,계약,law.go.kr,/DRF/lawService.do?OC=virtual.esq&target=prec&ID=231751&type=HTML&mobileYn=,2026-09-19 21:38:17.307778,,,
222687,분양대금반환청구의소[휴양 콘도미니엄 수분양자가 분양계약상 고압선 지중화 의무가 불이행되었다는 이유로 계약을 해제하고 분양대반환 등을 구하고 있는 사안],2022다203804,2022-06-16,2022,6,2,대법원,대법원,민사,판결,계약,law.go.kr,/DRF/lawService.do?OC=virtual.esq&target=prec&ID=222687&type=HTML&mobileYn=,2026-09-19 21:38:17.307778,,,
345178,이 사건 증여계약의 사해행위 해당여부,수원고등법원-2021-나-25584,2022-06-15,2022,6,2,,지방/기타,민사,,계약,law.go.kr,/DRF/lawService.do?OC=virtual.esq&target=prec&ID=345178&type=HTML&mobileYn=,2026-09-19 21:38:17.307778,,,
344706,이 사건 부동산에 대한 매매계약이 사해행위에 해당하는지 여부,고양지원-2022-가단-81571,2022-06-10,2022,6,2,,지방/기타,민사,,계약,law.go.kr,/DRF/lawService.do?OC=virtual.esq&target=prec&ID=344706&type=HTML&mobileYn=,2026-09-19 21:38:17.307778,,,
421166,사후에 매매계약을 해제한 경우 취득세 추징사유가 소급하여 소멸하는지 여부,2021구합23948,2022-06-09,2022,6,2,부산지방법원,지방/기타,일반행정,처분청 승소,계약,law.go.kr,/DRF/lawService.do?OC=virtual.esq&target=prec&ID=421166&type=HTML&mobileYn=,2026-09-19 21:38:17.308735,,,
335516,체납자가 배우자로 보험계약 명의를 변경한 행위는 사해행위에 해당함,광주지방법원-2022-가단-511234,2022-06-09,2022,6,2,,지방/기타,민사,,계약,law.go.kr,/DRF/lawService.do?OC=virtual.esq&target=prec&ID=335516&type=HTML&mobileYn=,2026-09-19 21:38:17.308735,,,
336122,토지 매매계약이 매수인의 잔금지급의무 불이행으로 인해 실효되었으므로 매수인의 채권자들은 이 사건 토지의 매각대금을 배당받을 수 없다.,순천지원-2020-가합-11552,2022-06-09,2022,6,2,,지방/기타,민사,,계약,law.go.kr,/DRF/lawService.do?OC=virtual.esq&target=prec&ID=336122&type=HTML&mobileYn=,2026-09-19 21:38:17.308735,,,
342586,토지 매매계약 해제에 따른 계약금(위약금)의 수입시기,의정부지방법원-2020-구합-10888,2022-05-31,2022,5,2,,지방/기타,일반행정,,계약,law.go.kr,/DRF/lawService.do?OC=virtual.esq&target=prec&ID=342586&type=HTML&mobileYn=,2026-09-19 21:38:17.308735,,,
337424,조합이 추진위원회의 BBB에 대한 용역계약 및 정산약정에 기한 권리의무를 승계한 것은 실질적으로 병존적 채무인수에 해당한다 할 것임,부산지방법원-2021-가단-324519,2022-05-26,2022,5,2,,지방/기타,민사,,계약,law.go.kr,/DRF/lawService.do?OC=virtual.esq&target=prec&ID=337424&type=HTML&mobileYn=,2026-09-19 21:38:17.308735,,,
345316,체납자가 자녀에게 보험계약 명의를 변경한 행위는 사해행위에 해당함,군산지원-2021-가단-59807,2022-05-24,2022,5,2,,지방/기타,민사,,계약,law.go.kr,/DRF/lawService.do?OC=virtual.esq&target=prec&ID=345316&type=HTML&mobileYn=,2026-09-19 21:38:17.308735,,,
346180,토지사용계약의 해지?해제에 따른 토지 임대소득 과세 적법 여부,서울행정법원-2021-구합-58011,2022-05-24,2022,5,2,,지방/기타,일반행정,,계약,law.go.kr,/DRF/lawService.do?OC=virtual.esq&target=prec&ID=346180&type=HTML&mobileYn=,2026-09-19 21:38:17.308735,,,
342912,"매수인의 토지가 경매로 매각되었다면 매수인에게 양도소득세 납부의무가 있고, 그 후 매매계약이 해제되었더라도 마찬가지이므로 과세처분은 적법함",대전고등법원-2021-누-12587,2022-05-19,2022,5,2,,지방/기타,일반행정,,계약,law.go.kr,/DRF/lawService.do?OC=virtual.esq&target=prec&ID=342912&type=HTML&mobileYn=,2026-09-19 21:38:17.308735,,,
347626,"이 사건 증여계약은 사해행위에 해당하므로 취소되어야 하고, 그 원상회복으로 피고는 원고에게 증여받은 금액 중 피보전채권액에 해당하는 금액을 지급할 의무가 있음",광주지방법원-2021-가단-535691,2022-05-18,2022,5,2,,지방/기타,민사,,계약,law.go.kr,/DRF/lawService.do?OC=virtual.esq&target=prec&ID=347626&type=HTML&mobileYn=,2026-09-19 21:38:17.308735,,,
343608,이 사건 현금 증여 계약의 사해행위해당여부,안양지원-2021-가합-100781,2022-05-13,2022,5,2,,지방/기타,민사,,계약,law.go.kr,/DRF/lawService.do?OC=virtual.esq&target=prec&ID=343608&type=HTML&mobileYn=,2026-09-19 21:38:17.308735,,,
337648,"압류 및 추심명령이 있은 차임채권은, 임대차계약이 종료시 임대보증금에서 공제됨",안산지원-2020-가합-11701,2022-05-12,2022,5,2,,지방/기타,민사,,계약,law.go.kr,/DRF/lawService.do?OC=virtual.esq&target=prec&ID=337648&type=HTML&mobileYn=,2026-09-19 21:38:17.308735,,,
343672,이 사건 매매계약이 사해행위가 아니라고 보기 어려움,울산지방법원-2021-나-16126,2022-05-12,2022,5,2,,지방/기타,민사,,계약,law.go.kr,/DRF/lawService.do?OC=virtual.esq&target=prec&ID=343672&type=HTML&mobileYn=,2026-09-19 21:38:17.308735,,,
343174,합의해제로 주식매매계약이 해제되었는지 여부,서울고등법원-2021-누-71733,2022-05-12,2022,5,2,,지방/기타,일반행정,,계약,law.go.kr,/DRF/lawService.do?OC=virtual.esq&target=prec&ID=343174&type=HTML&mobileYn=,2026-09-19 21:38:17.308735,,,
221755,"손해배상(기)[피고와 업무위탁계약을 체결한 영업전문점인 원고가 수수료 지급방식이 피고에게 유리하게 변경되자, 피고를 상대로 약관 무효에 따른 부당이득반환, 피고의 거래상 지위 남용을 이유로 한 손해배상 및 미지급 수수료 지급 등을 청구한 사안]",2020다278873,2022-05-12,2022,5,2,대법원,대법원,민사,판결,계약,law.go.kr,/DRF/lawService.do?OC=virtual.esq&target=prec&ID=221755&type=HTML&mobileYn=,2026-09-19 21:38:17.308735,,,
221777,총회결의무효확인등[지역주택조합가입계약이 이행불능 또는 사정변경으로 인해 해제되었는지 여부가 문제된 사건],2021다286116,2022-05-12,2022,5,2,대법원,대법원,민사,판결,계약,law.go.kr,/DRF/lawService.do?OC=virtual.esq&target=prec&ID=221777&type=HTML&mobileYn=,2026-09-19 21:38:17.308735,,,
335570,대물변제계약에 따른 부동산소유권이전 행위가 사해행위에 해당되는지 여부,수원지방법원-2021-가합-17405,2022-05-11,2022,5,2,,지방/기타,민사,,계약,law.go.kr,/DRF/lawService.do?OC=virtual.esq&target=prec&ID=335570&type=HTML&mobileYn=,2026-09-19 21:38:17.308735,,,
343234,부동산거래계약신고필증의 기재금액을 부동산의 실지거래가액으로 보아 취득가액을 산정하는 것은 타당함,광주지방법원-2021-구합-890,2022-04-29,2022,4,2,,지방/기타,일반행정,,계약,law.go.kr,/DRF/lawService.do?OC=virtual.esq&target=prec&ID=343234&type=HTML&mobileYn=,2026-09-19 21:38:17.308735,,,
337560,실지거래가액은 매매계약 기타 증빙자료에 의하여 객관적으로 인식되는 가액을 말함,창원지방법원-2021-구단-11440,2022-04-27,2022,4,2,,지방/기타,일반행정,,계약,law.go.kr,/DRF/lawService.do?OC=virtual.esq&target=prec&ID=337560&type=HTML&mobileYn=,2026-09-19 21:38:17.308735,,,
350396,"확정판결에 따라 지분양도계약은 사해행위로 취소되었더라도, 이는 책임재산으로 취급될 뿐 직접 그 지분을 취득하는 것은 아님",대구지방법원-2021-가단-130685,2022-04-22,2022,4,2,,지방/기타,민사,,계약,law.go.kr,/DRF/lawService.do?OC=virtual.esq&target=prec&ID=350396&type=HTML&mobileYn=,2026-09-19 21:38:17.308735,,,
343680,주식의 양도일은 단순한 매매계약 체결일에 불과한 매도계약일을 양도시기로 볼 수 없고 대금결제일로 봄이 타당하므로 당초처분은 적법함,부산고등법원(창원)-2021-누-10944,2022-04-20,2022,4,2,,지방/기타,일반행정,,계약,law.go.kr,/DRF/lawService.do?OC=virtual.esq&target=prec&ID=343680&type=HTML&mobileYn=,2026-09-19 21:38:17.308735,,,
343074,보장성보험의 명의변경계약도 국세징수법에서 압류를 금지하는 범위를 제외한 나머지 범위의 해지환급금채권액 상당에 대해서는 사해행위취소청구의 목적물이 될 수 있음,천안지원-2021-가단-114972,2022-04-19,2022,4,2,,지방/기타,민사,,계약,law.go.kr,/DRF/lawService.do?OC=virtual.esq&target=prec&ID=343074&type=HTML&mobileYn=,2026-09-19 21:38:17.308735,,,
343822,비업대금의 이익과 관련하여 최초 금전대여계약과 달리 변경된 약정 이율을 적용하였다는 구체적 증빙이 부족하고 이자소득이 발생한 후에 쌍방간 청구권의 포기 합의가 발생한 이자소득에 영향을 미치지 못함,대전지방법원-2020-구합-104025,2022-04-14,2022,4,2,,지방/기타,일반행정,,계약,law.go.kr,/DRF/lawService.do?OC=virtual.esq&target=prec&ID=343822&type=HTML&mobileYn=,2026-09-19 21:38:17.308735,,,
220431,부당해고구제재심판정취소[보험회사 위탁계약형 지점장의 근로기준법상 근로자성 인정 여부가 쟁점이 된 사건],2021두33715,2022-04-14,2022,4,2,대법원,대법원,일반행정,판결,계약,law.go.kr,/DRF/lawService.do?OC=virtual.esq&target=prec&ID=220431&type=HTML&mobileYn=,2026-09-19 21:38:17.308735,,,
343940,"이 사건 매매계약 체결 당시 이미 채권성립의 기초가 되는 법률관계가 발생되어 있었고, 가까운 장래에 이 사건 조세채권이 성립되리라는 점에 대한 고도의 개연성이 있었으며, 그 후 원고가 납세고지를 함으로써 그 개연성이 현실화되었으므로 이 사건 조세채권은 원고의 채권자취소권의 피보전채권이 됨.",부산지방법원-2021-가단-344902,2022-04-12,2022,4,2,,지방/기타,민사,,계약,law.go.kr,/DRF/lawService.do?OC=virtual.esq&target=prec&ID=343940&type=HTML&mobileYn=,2026-09-19 21:38:17.308735,,,
346456,매도청구권에 의한 매매의 경우 계약금을 받은 사실을 증명하지 못하였다는 사유로 한 이 사건 거부처분은 위법함,부산고등법원-2021-누-24063,2022-04-08,2022,4,2,,지방/기타,일반행정,,계약,law.go.kr,/DRF/lawService.do?OC=virtual.esq&target=prec&ID=346456&type=HTML&mobileYn=,2026-09-19 21:38:17.308735,,,
420916,"감면 조례에 따라 취득세 감면 혜택을 받았던 원고의 토지매매 계약이 무변론 판결로 취소되어 소유권이전등기가 말소된 경우, 취득행위의 존재여부 및 정당한 사유 없이 해당 사업에 직접 사용하지 못한 것으로 보아 추징요건을 충족시키는지 여부",2021두60977,2022-03-31,2022,3,1,대법원,대법원,일반행정,처분청 패소,계약,law.go.kr,/DRF/lawService.do?OC=virtual.esq&target=prec&ID=420916&type=HTML&mobileYn=,2026-09-19 21:38:17.308735,,,
337754,이 사건 증여계약은 사해행위이므로 취소되어야 함,제주지방법원-2021-가단-55168,2022-03-31,2022,3,1,,지방/기타,민사,,계약,law.go.kr,/DRF/lawService.do?OC=virtual.esq&target=prec&ID=337754&type=HTML&mobileYn=,2026-09-19 21:38:17.308735,,,
335628,"합의서에 따라 주식매매계약이 해제되어 신고기한 내 반환된 것으로서 증여가 없는 경우인지, 신주 인수대금을 실제 부담한 회사를 실제 귀속자로 보아야 하는지",서울고등법원-2021-누-46096,2022-03-30,2022,3,1,,지방/기타,일반행정,,계약,law.go.kr,/DRF/lawService.do?OC=virtual.esq&target=prec&ID=335628&type=HTML&mobileYn=,2026-09-19 21:38:17.308735,,,
342284,이 사건 제2토지의 취득가액(검인계약서VS환산취득가액)적정 여부,서울고등법원-2021-누-44595,2022-03-17,2022,3,1,,지방/기타,일반행정,,계약,law.go.kr,/DRF/lawService.do?OC=virtual.esq&target=prec&ID=342284&type=HTML&mobileYn=,2026-09-19 21:38:17.308735,,,
332878,(심리불속행) 증여계약의 실질이 증여가 아닌 매매라고 인정하기에 부족하고 달리 이를 인정할 만한 증거가 없음,대법원-2021-다-298676,2022-03-11,2022,3,1,,지방/기타,민사,,계약,law.go.kr,/DRF/lawService.do?OC=virtual.esq&target=prec&ID=332878&type=HTML&mobileYn=,2026-09-19 21:38:17.308735,,,
347754,(심리불속행)양도소득세 감면한도액 초과를 회피하기 위한 형식적인 계약에 해당하여 토지의 양도시기는 이 사건 토지의 최종 잔금청산일이라고 봄이 상당함,대법원-2021-두-57780,2022-03-11,2022,3,1,,지방/기타,일반행정,,계약,law.go.kr,/DRF/lawService.do?OC=virtual.esq&target=prec&ID=347754&type=HTML&mobileYn=,2026-09-19 21:38:17.308735,,,
346078,(심리불속행) 용역계약에 따라 용역제공이 완료된 시점을 대물변제로 받은 상가의 이용가능 시점으로 보아야 하는지 여부,대법원-2021-두-57278,2022-02-24,2022,2,1,,지방/기타,일반행정,,계약,law.go.kr,/DRF/lawService.do?OC=virtual.esq&target=prec&ID=346078&type=HTML&mobileYn=,2026-09-19 21:38:17.308735,,,
344544,(무변론판결) 이 사건 증여계약은 사해행위에 해당하는지 여부,울산지방법원-2021-가단-125951,2022-02-23,2022,2,1,,지방/기타,민사,,계약,law.go.kr,/DRF/lawService.do?OC=virtual.esq&target=prec&ID=344544&type=HTML&mobileYn=,2026-09-19 21:38:17.308735,,,
346122,이 사건 계약의 해제시점이 언제인지 여부,서울고등법원-2021-누-47884,2022-02-16,2022,2,1,,지방/기타,일반행정,,계약,law.go.kr,/DRF/lawService.do?OC=virtual.esq&target=prec&ID=346122&type=HTML&mobileYn=,2026-09-19 21:38:17.308735,,,
336902,검인계약서는 양도물건의 실지거래가액으로 인정됨,서울행정법원-2020-구단-63309,2022-02-11,2022,2,1,,지방/기타,일반행정,,계약,law.go.kr,/DRF/lawService.do?OC=virtual.esq&target=prec&ID=336902&type=HTML&mobileYn=,2026-09-19 21:38:17.308735,,,
344752,이 사건 부동산의 증여계약은 사해행위에 해당함,인천지방법원-2021-가단-207396,2022-02-10,2022,2,1,,지방/기타,민사,,계약,law.go.kr,/DRF/lawService.do?OC=virtual.esq&target=prec&ID=344752&type=HTML&mobileYn=,2026-09-19 21:38:17.308735,,,
330174,이 사건 매매계약이 사해행위에 해당하는지 여부,안산지원-2020-가합-6396,2022-02-10,2022,2,1,,지방/기타,민사,,계약,law.go.kr,/DRF/lawService.do?OC=virtual.esq&target=prec&ID=330174&type=HTML&mobileYn=,2026-09-19 21:38:17.308735,,,
219683,계약해지무효확인의소,2019다227732,2022-02-10,2022,2,1,대법원,대법원,민사,판결,계약,law.go.kr,/DRF/lawService.do?OC=virtual.esq&target=prec&ID=219683&type=HTML&mobileYn=,2026-09-19 21:38:17.308735,,,
219303,계약금반환청구,2019다289815,2022-01-27,2022,1,1,대법원,대법원,민사,판결,계약,law.go.kr,/DRF/lawService.do?OC=virtual.esq&target=prec&ID=219303&type=HTML&mobileYn=,2026-09-19 21:38:17.308735,,,
336216,다운계약서 작성에 따른 취득가액 입증책임,대전지방법원-2021-구단-101330,2022-01-27,2022,1,1,,지방/기타,일반행정,,계약,law.go.kr,/DRF/lawService.do?OC=virtual.esq&target=prec&ID=336216&type=HTML&mobileYn=,2026-09-19 21:38:17.308735,,,
420822,"원고 등이 6차 할부금을 납부하지 않은 상태에서 이 사건 승계계약을 체결하여 이 사건 매매계약의 매수인 지위를 □□에게 이전해 준 상태에서, 김*광이 원고 등을 대리하여 6차 할부금을 납부한 것으로 보아 취득세를 부과한 처분의 적법성",2021두54880,2022-01-27,2022,1,1,대법원,대법원,일반행정,처분청 패소,계약,law.go.kr,/DRF/lawService.do?OC=virtual.esq&target=prec&ID=420822&type=HTML&mobileYn=,2026-09-19 21:38:17.308735,,,
344880,쟁점공사에 관하여 계약을 체결한 이유로 처분한 것은 실질과세원칙에 위반함,대법원-2021-두-55500,2022-01-27,2022,1,1,,지방/기타,일반행정,,계약,law.go.kr,/DRF/lawService.do?OC=virtual.esq&target=prec&ID=344880&type=HTML&mobileYn=,2026-09-19 21:38:17.308735,,,
346984,납세의무가 성립한 국세채무를 회피할 목적으로 체납자와 형제인 피고간의 부동산증여계약을 취소,서울북부지방법원-2021-가단-143612,2022-01-21,2022,1,1,,지방/기타,민사,,계약,law.go.kr,/DRF/lawService.do?OC=virtual.esq&target=prec&ID=346984&type=HTML&mobileYn=,2026-09-19 21:38:17.308735,,,
343980,양도소득세액 산정의 기초가 되는 실지거래가액은 매매계약 기타 증빙자료에 의하여 객관적으로 인식되는 가액을 의미함,울산지방법원-2021-구합-7192,2022-01-20,2022,1,1,,지방/기타,일반행정,,계약,law.go.kr,/DRF/lawService.do?OC=virtual.esq&target=prec&ID=343980&type=HTML&mobileYn=,2026-09-19 21:38:17.308735,,,
336378,1/2지분씩 두차례로 나누어 체결된 이 사건 각 매매계약은 그 경제적 실질 내용에 따라 일괄하여 하나의 거래로 보아야 함,부산고등법원(창원)-2021-누-10982,2022-01-19,2022,1,1,,지방/기타,일반행정,,계약,law.go.kr,/DRF/lawService.do?OC=virtual.esq&target=prec&ID=336378&type=HTML&mobileYn=,2026-09-19 21:38:17.308735,,,
347054,컨설팅계약에 따른 비용을 이 사건 부동산의 양도를 위하여 직접 지출한 ‘소개비’ 또는 ‘이와 유사한 비용’에 해당한다고 볼 수 없음,서울고등법원-2021-누-51128,2022-01-14,2022,1,1,,지방/기타,일반행정,,계약,law.go.kr,/DRF/lawService.do?OC=virtual.esq&target=prec&ID=347054&type=HTML&mobileYn=,2026-09-19 21:38:17.308735,,,
343532,해당 소유권이전등기는 양도담보 관리신탁계약에 의한 것으로 매매계약에 따른 잔금지급의무가 없으므로 원고의 추심금 청구는 이유 없음,수원고등법원-2020-나-23536,2022-01-14,2022,1,1,,지방/기타,민사,,계약,law.go.kr,/DRF/lawService.do?OC=virtual.esq&target=prec&ID=343532&type=HTML&mobileYn=,2026-09-19 21:38:17.308735,,,
344594,이 사건 매매계약이 사해행위에 해당하는지 여부,부천지원-2020-가단-132931,2022-01-13,2022,1,1,,지방/기타,민사,,계약,law.go.kr,/DRF/lawService.do?OC=virtual.esq&target=prec&ID=344594&type=HTML&mobileYn=,2026-09-19 21:38:17.308735,,,
603411,하도급계약보증금,2021재나20026,2022-01-13,2022,1,1,서울고등법원,고등법원,민사,판결,계약,law.go.kr,/DRF/lawService.do?OC=virtual.esq&target=prec&ID=603411&type=HTML&mobileYn=,2026-09-19 21:38:17.308735,,,
345160,특수관계인과 작성한 취득계약서 상의 가액을 실질거래로 볼 수 있는지 여부,대법원-2021-두-52426,2022-01-13,2022,1,1,,지방/기타,일반행정,,계약,law.go.kr,/DRF/lawService.do?OC=virtual.esq&target=prec&ID=345160&type=HTML&mobileYn=,2026-09-19 21:38:17.308735,,,
338112,피고와 BBB 사이에 체결된 증여계약이 사해행위에 해당하는지 여부,대구지방법원-2021-나-312297,2022-01-12,2022,1,1,,지방/기타,민사,,계약,law.go.kr,/DRF/lawService.do?OC=virtual.esq&target=prec&ID=338112&type=HTML&mobileYn=,2026-09-19 21:38:17.308735,,,
344986,이 사건 증여계약이 사해행위에 해당하는지 여부,수원지방법원-2020-가단-561366,2022-01-12,2022,1,1,,지방/기타,민사,,계약,law.go.kr,/DRF/lawService.do?OC=virtual.esq&target=prec&ID=344986&type=HTML&mobileYn=,2026-09-19 21:38:17.308735,,,
342488,허위의 임대차계약서를 작성하고 이에 의하여 임대수입을 과소신고한 것은 사기기타부정행위에 해당하여 장기의 부과제척기간이 적용됨,대법원-2021-두-51027,2021-12-30,2021,12,4,,지방/기타,일반행정,,계약,law.go.kr,/DRF/lawService.do?OC=virtual.esq&target=prec&ID=342488&type=HTML&mobileYn=,2026-09-19 21:38:17.308735,,,
343046,체납자와 딸 간 체결된 예금주 명의신탁계약과 책임재산의 일부 복귀에 따른 사해행위 해당 여부,서울북부지방법원-2020-가단-100328,2021-12-23,2021,12,4,,지방/기타,민사,,계약,law.go.kr,/DRF/lawService.do?OC=virtual.esq&target=prec&ID=343046&type=HTML&mobileYn=,2026-09-19 21:38:17.308735,,,
337752,해당 부동산의 증여행위는 사해행위에 해당하므로 증여계약을 취소하고 소유권이전등기의 말소등기절차를 이행해야 함,전주지방법원-2021-가단-5241,2021-12-15,2021,12,4,,지방/기타,민사,,계약,law.go.kr,/DRF/lawService.do?OC=virtual.esq&target=prec&ID=337752&type=HTML&mobileYn=,2026-09-19 21:38:17.308735,,,
336632,이 사건 증여계약이 사해행위에 해당하여 최소되어야 하는지 여부,포항지원-2021-가단-109743,2021-12-14,2021,12,4,,지방/기타,민사,,계약,law.go.kr,/DRF/lawService.do?OC=virtual.esq&target=prec&ID=336632&type=HTML&mobileYn=,2026-09-19 21:38:17.308735,,,
343548,원고와의 계약 당사자는 피고 DDD이므로 공탁금 출급 청구권은 원고에게 있음,수원지방법원-2021-가단-535821,2021-12-14,2021,12,4,,지방/기타,민사,,계약,law.go.kr,/DRF/lawService.do?OC=virtual.esq&target=prec&ID=343548&type=HTML&mobileYn=,2026-09-19 21:38:17.308735,,,
347696,금융기관에 대해 제3자가 대출 관련 서류에 주채무자 또는 연대보증인으로서 직접 서명·날인하였으나 대출계약의 법률상 효과까지 제3자에게 귀속되었다고 볼 수 있음,의정부지방법원-2020-가합-55244,2021-12-10,2021,12,4,,지방/기타,민사,,계약,law.go.kr,/DRF/lawService.do?OC=virtual.esq&target=prec&ID=347696&type=HTML&mobileYn=,2026-09-19 21:38:17.308735,,,
342496,이 사건 합의해제는 원고가 양도소득세 수정신고·납부안내를 받고 납부한 양도소득세 등의 조세 회피를 목적으로 한 통정허위표시이거나 새로운 계약이라고 보아야 하는지 여부,인천지방법원-2019-구합-53215,2021-12-10,2021,12,4,,지방/기타,일반행정,,계약,law.go.kr,/DRF/lawService.do?OC=virtual.esq&target=prec&ID=342496&type=HTML&mobileYn=,2026-09-19 21:38:17.309735,,,
347476,이 사건 증여행위는 사해행위에 해당하므로 증여계약을 취소하고 가액배상을 해야함,홍성지원-2020-가단-32763,2021-12-10,2021,12,4,,지방/기타,민사,,계약,law.go.kr,/DRF/lawService.do?OC=virtual.esq&target=prec&ID=347476&type=HTML&mobileYn=,2026-09-19 21:38:17.309735,,,
343636,분양계약 해제 전 수취한 부가가치세 환급금의 반환을 내용으로 하는 부과처분과 그에 따른 가산세 부과처분은 적법함,인천지방법원-2021-구합-51700,2021-12-10,2021,12,4,,지방/기타,일반행정,,계약,law.go.kr,/DRF/lawService.do?OC=virtual.esq&target=prec&ID=343636&type=HTML&mobileYn=,2026-09-19 21:38:17.309735,,,
346618,체납자의 보험계약자 명의변경행위는 사해행위에 해당함,서울남부지방법원-2021-가단-276854,2021-12-09,2021,12,4,,지방/기타,민사,,계약,law.go.kr,/DRF/lawService.do?OC=virtual.esq&target=prec&ID=346618&type=HTML&mobileYn=,2026-09-19 21:38:17.309735,,,
349724,증여계약은 사해행위로서 취소되어야 함,안산지원-2021-가단-83812,2021-12-07,2021,12,4,,지방/기타,민사,,계약,law.go.kr,/DRF/lawService.do?OC=virtual.esq&target=prec&ID=349724&type=HTML&mobileYn=,2026-09-19 21:38:17.309735,,,
336376,검인계약서상 거래가액을 실지취득가액으로 보아 과세한 처분은 정당함,부산지방법원-2021-구합-22839,2021-12-03,2021,12,4,,지방/기타,일반행정,,계약,law.go.kr,/DRF/lawService.do?OC=virtual.esq&target=prec&ID=336376&type=HTML&mobileYn=,2026-09-19 21:38:17.309735,,,
347252,이 사건 증여계약이 사해행위인지 여부 및 제소기간 도과여부,춘천지방법원-2020-가합-51573,2021-12-01,2021,12,4,,지방/기타,민사,,계약,law.go.kr,/DRF/lawService.do?OC=virtual.esq&target=prec&ID=347252&type=HTML&mobileYn=,2026-09-19 21:38:17.309735,,,
343164,소급작성된 계약서로 인해 취득 가액을 확인할 수 없는 경우에 해당하는지 여부,수원지방법원-2020-구단-9733,2021-11-25,2021,11,4,,지방/기타,일반행정,,계약,law.go.kr,/DRF/lawService.do?OC=virtual.esq&target=prec&ID=343164&type=HTML&mobileYn=,2026-09-19 21:38:17.310734,,,
335690,합의해제로 이 사건 주식 매매계약 효력이 상실되었는지 여부와 양도대금의 사후 조정 여부,서울행정법원-2020-구합-78605,2021-11-16,2021,11,4,,지방/기타,일반행정,,계약,law.go.kr,/DRF/lawService.do?OC=virtual.esq&target=prec&ID=335690&type=HTML&mobileYn=,2026-09-19 21:38:17.310734,,,
343160,체납자가 부동산 임대차계약을 체결하면서 임차인으로 하여금 특수관계법인 명의계좌로 임대차보증금 및 월임대료를 납입하게 한 행위는 원고에 대한 사해행위에 해당함,서산지원-2021-가단-51138,2021-11-16,2021,11,4,,지방/기타,민사,,계약,law.go.kr,/DRF/lawService.do?OC=virtual.esq&target=prec&ID=343160&type=HTML&mobileYn=,2026-09-19 21:38:17.310734,,,
344996,주택부분과 상가부분을 일괄하여 하나의 매매계약을 양도한 것으로 봄이 상당함,의정부지방법원-2021-구단-6315,2021-11-15,2021,11,4,,지방/기타,일반행정,,계약,law.go.kr,/DRF/lawService.do?OC=virtual.esq&target=prec&ID=344996&type=HTML&mobileYn=,2026-09-19 21:38:17.310734,,,
338170,"증여계약 체결 당시 의사능력이 없는 상태에 있었다고 인정하기 부족하고, 달리 이를 인정할 증거가 없음",서울중앙지방법원-2019-가단-58743,2021-11-12,2021,11,4,,지방/기타,민사,,계약,law.go.kr,/DRF/lawService.do?OC=virtual.esq&target=prec&ID=338170&type=HTML&mobileYn=,2026-09-19 21:38:17.310734,,,
334296,이 사건 부동산 매매계약체결은 사해행위에 해당하므로 부동산 매매계약을 취소하고 원고에게 가액배상을 해야 함,광주지방법원-2021-가단-504383,2021-11-12,2021,11,4,,지방/기타,민사,,계약,law.go.kr,/DRF/lawService.do?OC=virtual.esq&target=prec&ID=334296&type=HTML&mobileYn=,2026-09-19 21:38:17.310734,,,
420878,"감면 조례에 따라 취득세 감면 혜택을 받았던 원고의 토지매매 계약이 무변론 판결로 취소되어 소유권이전등기가 말소된 경우, 취득행위의 존재여부 및 정당한 사유 없이 해당 사업에 직접 사용하지 못한 것으로 보아 추징요건을 충족시키는지 여부",2021누10902,2021-11-11,2021,11,4,광주고등법원,고등법원,일반행정,처분청 패소,계약,law.go.kr,/DRF/lawService.do?OC=virtual.esq&target=prec&ID=420878&type=HTML&mobileYn=,2026-09-19 21:38:17.310734,,,
347604,(심리불속행) 쟁점부동산 매매계약 해제에 따라 몰취된 계약금 중 원고에게 반환되지 않은 금액은 필요경비에 해당함,대법원-2021-두-46513,2021-11-11,2021,11,4,,지방/기타,일반행정,,계약,law.go.kr,/DRF/lawService.do?OC=virtual.esq&target=prec&ID=347604&type=HTML&mobileYn=,2026-09-19 21:38:17.310734,,,
343418,조세채무가 있는 상태에서 부동산 증여계약을 통해 채무초과상태에 이르게 한 것은 사해행위에 해당함,안양지원-2020-가단-128686,2021-11-11,2021,11,4,,지방/기타,민사,,계약,law.go.kr,/DRF/lawService.do?OC=virtual.esq&target=prec&ID=343418&type=HTML&mobileYn=,2026-09-19 21:38:17.310734,,,
342588,이 사건 증여계약이 사해행위인지 여부,성남지원-2020-가합-405008,2021-11-04,2021,11,4,,지방/기타,민사,,계약,law.go.kr,/DRF/lawService.do?OC=virtual.esq&target=prec&ID=342588&type=HTML&mobileYn=,2026-09-19 21:38:17.310734,,,
345828,증여계약의 실질이 증여가 아닌 매매라고 인정하기에 부족하고 달리 이를 인정할 만한 증거가 없음,부산지방법원-2020-나-59390,2021-11-03,2021,11,4,,지방/기타,민사,,계약,law.go.kr,/DRF/lawService.do?OC=virtual.esq&target=prec&ID=345828&type=HTML&mobileYn=,2026-09-19 21:38:17.310734,,,
346096,이 사건 증여계약은 사해행위로서 취소되어야 함,순천지원-2021-가단-74577,2021-11-03,2021,11,4,,지방/기타,민사,,계약,law.go.kr,/DRF/lawService.do?OC=virtual.esq&target=prec&ID=346096&type=HTML&mobileYn=,2026-09-19 21:38:17.310734,,,
337350,양도소득세 감면한도액 초과를 회피하기 위한 형식적인 계약에 해당하여 토지의 양도시기는 이 사건 토지의 최종 잔금청산일이라고 봄이 상당함,부산고등법원-2021-누-22272,2021-10-29,2021,10,4,,지방/기타,일반행정,,계약,law.go.kr,/DRF/lawService.do?OC=virtual.esq&target=prec&ID=337350&type=HTML&mobileYn=,2026-09-19 21:38:17.310734,,,
347402,이 사건 매매계약 당시 이 사건 건물의 용도를 주택으로 볼 수 없음,인천지방법원-2020-구단-51799,2021-10-29,2021,10,4,,지방/기타,일반행정,,계약,law.go.kr,/DRF/lawService.do?OC=virtual.esq&target=prec&ID=347402&type=HTML&mobileYn=,2026-09-19 21:38:17.310734,,,
343302,사해행위인 현금증여계약이 있은 후 피고가 이를 체납자에게 일부 반환하였다고 하더라도 사해행위취소에 따른 원상회복의 범위에서 공제할 것은 아님,서울고등법원(인천)-2020-나-14558,2021-10-29,2021,10,4,,지방/기타,민사,,계약,law.go.kr,/DRF/lawService.do?OC=virtual.esq&target=prec&ID=343302&type=HTML&mobileYn=,2026-09-19 21:38:17.310734,,,
345536,확보된 대출계약서 등이 가짜인지 여부,서울고등법원-2020-누-68075,2021-10-29,2021,10,4,,지방/기타,일반행정,,계약,law.go.kr,/DRF/lawService.do?OC=virtual.esq&target=prec&ID=345536&type=HTML&mobileYn=,2026-09-19 21:38:17.310734,,,
223375,계약금등반환청구의소,2021다257743,2021-10-28,2021,10,4,대법원,대법원,민사,판결,계약,law.go.kr,/DRF/lawService.do?OC=virtual.esq&target=prec&ID=223375&type=HTML&mobileYn=,2026-09-19 21:38:17.310734,,,
346576,지정지역 고시 전에 계약 건에 대하여 중과세율적용 제외할 수 있는 지 여부,대법원-2021-두-45107,2021-10-28,2021,10,4,,지방/기타,일반행정,,계약,law.go.kr,/DRF/lawService.do?OC=virtual.esq&target=prec&ID=346576&type=HTML&mobileYn=,2026-09-19 21:38:17.310734,,,
345366,이 사건 부동산 증여계약은 사해행위이므로 취소되어야 함,서울동부지방법원-2020-가단-150044,2021-10-27,2021,10,4,,지방/기타,민사,,계약,law.go.kr,/DRF/lawService.do?OC=virtual.esq&target=prec&ID=345366&type=HTML&mobileYn=,2026-09-19 21:38:17.310734,,,
337454,유동적 무효인 계약으로 인한 수입금액의 과세여부,부산지방법원-2020-구합-25879,2021-10-21,2021,10,4,,지방/기타,일반행정,,계약,law.go.kr,/DRF/lawService.do?OC=virtual.esq&target=prec&ID=337454&type=HTML&mobileYn=,2026-09-19 21:38:17.310734,,,
343944,이 사건 강제조정이 확정된 때에 각 토지에 관한 새로운 매매계약이 체결되었다고 봄이 타당,대법원-2021-두-42702,2021-10-14,2021,10,4,,지방/기타,일반행정,,계약,law.go.kr,/DRF/lawService.do?OC=virtual.esq&target=prec&ID=343944&type=HTML&mobileYn=,2026-09-19 21:38:17.310734,,,
346694,(1심판결인용)쟁점공사에 관하여 계약을 체결한 이유로 처분한 것은 실질과세주위 원칙에 위반함,부산고등법원-2021-누-21767,2021-10-13,2021,10,4,,지방/기타,일반행정,,계약,law.go.kr,/DRF/lawService.do?OC=virtual.esq&target=prec&ID=346694&type=HTML&mobileYn=,2026-09-19 21:38:17.310734,,,
342956,"국내 미등록 특허권을 둘러싼 계약의 성질, 국내원천소득 해당 여부",수원지방법원-2020-구합-65105,2021-10-07,2021,10,4,,지방/기타,일반행정,,계약,law.go.kr,/DRF/lawService.do?OC=virtual.esq&target=prec&ID=342956&type=HTML&mobileYn=,2026-09-19 21:38:17.310734,,,
337038,대물변제계약은 사해행위이므로 이를 취소함,인천지방법원-2020-가합-53810,2021-09-30,2021,9,3,,지방/기타,민사,,계약,law.go.kr,/DRF/lawService.do?OC=virtual.esq&target=prec&ID=337038&type=HTML&mobileYn=,2026-09-19 21:38:17.310734,,,
337748,유일한 재산인 토지를 증여함으로써 채무초과 상태가 심화되었으므로 이 사건 증여계약은 원고를 비롯한 체납자의 일반채권자들을 해하는 사해행위에 해당,홍성지원-2020-가합-30276,2021-09-30,2021,9,3,,지방/기타,민사,,계약,law.go.kr,/DRF/lawService.do?OC=virtual.esq&target=prec&ID=337748&type=HTML&mobileYn=,2026-09-19 21:38:17.310734,,,
420820,"원고 등이 6차 할부금을 납부하지 않은 상태에서 이 사건 승계계약을 체결하여 이 사건 매매계약의 매수인 지위를 □□에게 이전해 준 상태에서, 김*광이 원고 등을 대리하여 6차 할부금을 납부한 것으로 보아 취득세를 부과한 처분의 적법성",2021누10258,2021-09-29,2021,9,3,부산고등법원,고등법원,일반행정,처분청 패소,계약,law.go.kr,/DRF/lawService.do?OC=virtual.esq&target=prec&ID=420820&type=HTML&mobileYn=,2026-09-19 21:38:17.310734,,,
347138,이 사건 매매계약이 사해행위가 아니라고 보기 어려움,울산지방법원-2020-가단-114893,2021-09-29,2021,9,3,,지방/기타,민사,,계약,law.go.kr,/DRF/lawService.do?OC=virtual.esq&target=prec&ID=347138&type=HTML&mobileYn=,2026-09-19 21:38:17.310734,,,
346612,증여계약은 사해행위로서 취소되어야 함,서울북부지방법원-2021-가단-103959,2021-09-28,2021,9,3,,지방/기타,민사,,계약,law.go.kr,/DRF/lawService.do?OC=virtual.esq&target=prec&ID=346612&type=HTML&mobileYn=,2026-09-19 21:38:17.310734,,,
335246,이 사건 주식매매계약은 실질적인 매매에 해당하고 매매의 외관을 갖춘 증여로 보기 어렵다.,서울고등법원-2021-누-30145,2021-09-17,2021,9,3,,지방/기타,일반행정,,계약,law.go.kr,/DRF/lawService.do?OC=virtual.esq&target=prec&ID=335246&type=HTML&mobileYn=,2026-09-19 21:38:17.310734,,,
343894,이 사건 화해권고결정이 확정된 때 이 사건 매매계약에 관한 권리관계가 확정되어 그 무렵 이 사건 위약금이 원고에게 귀속되었다고 봄이 타당함,서울행정법원-2020-구합-89766,2021-09-17,2021,9,3,,지방/기타,일반행정,,계약,law.go.kr,/DRF/lawService.do?OC=virtual.esq&target=prec&ID=343894&type=HTML&mobileYn=,2026-09-19 21:38:17.310734,,,
342706,제1매매계약의 해제 여부 및 명의신탁 여부,대전지방법원-2020-구단-100279,2021-09-16,2021,9,3,,지방/기타,일반행정,,계약,law.go.kr,/DRF/lawService.do?OC=virtual.esq&target=prec&ID=342706&type=HTML&mobileYn=,2026-09-19 21:38:17.310734,,,
343642,이 사건 근저당권설정계약 체결 당시 망인이 채무초과 상태에 있었다고 인정하기 어려움,서울동부지방법원-2020-가합-110548,2021-09-16,2021,9,3,,지방/기타,민사,,계약,law.go.kr,/DRF/lawService.do?OC=virtual.esq&target=prec&ID=343642&type=HTML&mobileYn=,2026-09-19 21:38:17.310734,,,
423830,취득세 등 경정거부처분취소(이 사건 교환계약에 대해 그 실질이 공유물분할계약으로 보아 특례세율 적용대상에 해당하는지 여부),2021구단50447,2021-09-15,2021,9,3,서울행정법원,지방/기타,일반행정,처분청 승소,계약,law.go.kr,/DRF/lawService.do?OC=virtual.esq&target=prec&ID=423830&type=HTML&mobileYn=,2026-09-19 21:38:17.310734,,,
344576,이 사건 계약을 재화와 용역의 공급이 혼합된 계약으로 보아 공급시기가 도래한 것인지 여부,수원고등법원-2020-누-14966,2021-09-10,2021,9,3,,지방/기타,일반행정,,계약,law.go.kr,/DRF/lawService.do?OC=virtual.esq&target=prec&ID=344576&type=HTML&mobileYn=,2026-09-19 21:38:17.310734,,,
344260,"이 사건 주식의 양도계약서상 이 사건 주식의 양도가액은 주당 10,000원으로 명확하게 기재되어있음",울산지방법원-2020-구합-8303,2021-09-09,2021,9,3,,지방/기타,일반행정,,계약,law.go.kr,/DRF/lawService.do?OC=virtual.esq&target=prec&ID=344260&type=HTML&mobileYn=,2026-09-19 21:38:17.310734,,,
347474,공유물분할계약에 따라 지분들이 변경된 경우 별다른 정산사항이 없더라도 지분의 교환계약으로 보아야 함,서울행정법원-2021-구단-51853,2021-09-08,2021,9,3,,지방/기타,일반행정,,계약,law.go.kr,/DRF/lawService.do?OC=virtual.esq&target=prec&ID=347474&type=HTML&mobileYn=,2026-09-19 21:38:17.310734,,,
337064,원고와 국군복지단의 거래는 실제로 위탁판매계약에 해당되어 해당 재화를 공급한 자는 국군복지단(위탁매매인)이 아니라 원고(위탁자)임,서울행정법원-2020-구합-63559,2021-09-03,2021,9,3,,지방/기타,일반행정,,계약,law.go.kr,/DRF/lawService.do?OC=virtual.esq&target=prec&ID=337064&type=HTML&mobileYn=,2026-09-19 21:38:17.310734,,,
343564,특수관계인과 작성한 취득계약서 상의 가액을 실질거래로 볼수 있는지 여부,서울고등법원-2020-누-46839,2021-08-27,2021,8,3,,지방/기타,일반행정,,계약,law.go.kr,/DRF/lawService.do?OC=virtual.esq&target=prec&ID=343564&type=HTML&mobileYn=,2026-09-19 21:38:17.310734,,,
343486,허위의 임대차계약서를 작성하고 이에 의하여 임대수입을 과소신고한 것은 사기기타부정행위에 해당하여 장기의 부과제척기간이 적용됨,서울고등법원-2021-누-33434,2021-08-27,2021,8,3,,지방/기타,일반행정,,계약,law.go.kr,/DRF/lawService.do?OC=virtual.esq&target=prec&ID=343486&type=HTML&mobileYn=,2026-09-19 21:38:17.310734,,,
337944,이 사건 부동산 증여행위는 사해행위에 해당하므로 증여계약을 취소하고 원고에게 가액배상을 해야 함,동부지원-2020-가합-101712,2021-08-26,2021,8,3,,지방/기타,민사,,계약,law.go.kr,/DRF/lawService.do?OC=virtual.esq&target=prec&ID=337944&type=HTML&mobileYn=,2026-09-19 21:38:17.310734,,,
347196,(무변론판결) 이 사건 증여계약은 사해행위에 해당하는지 여부,동부지원-2021-가단-210913,2021-08-26,2021,8,3,,지방/기타,민사,,계약,law.go.kr,/DRF/lawService.do?OC=virtual.esq&target=prec&ID=347196&type=HTML&mobileYn=,2026-09-19 21:38:17.310734,,,
335776,원고와 임대인 사이에 체결된 임대차계약을 진실한 것으로 볼 수 있는지 여부,대구지방법원-2020-가단-17778,2021-08-26,2021,8,3,,지방/기타,민사,,계약,law.go.kr,/DRF/lawService.do?OC=virtual.esq&target=prec&ID=335776&type=HTML&mobileYn=,2026-09-19 21:38:17.310734,,,
335580,"매수인의 토지가 경매로 매각되었다면 매수인에게 양도소득세 납부의무가 있고, 그 후 매매계약이 해제되었더라도 마찬가지이므로 과세처분은 적법함",대전지방법원-2021-구단-100016,2021-08-19,2021,8,3,,지방/기타,일반행정,,계약,law.go.kr,/DRF/lawService.do?OC=virtual.esq&target=prec&ID=335580&type=HTML&mobileYn=,2026-09-19 21:38:17.310734,,,
350264,조세를 포탈할 목적으로 토지 및 건물의 허위 매매계약서를 작성하는 것은 사기 기타 부정한 행위에 해당함,대구지방법원 서부지원 2019고단3394-1 2020고단1527,2021-08-19,2021,8,3,,지방/기타,형사,,계약,law.go.kr,/DRF/lawService.do?OC=virtual.esq&target=prec&ID=350264&type=HTML&mobileYn=,2026-09-19 21:38:17.310734,,,
219883,계약금반환청구등·매매대금,2020나2030949,2021-08-19,2021,8,3,서울고등법원,고등법원,민사,판결 : 확정,계약,law.go.kr,/DRF/lawService.do?OC=virtual.esq&target=prec&ID=219883&type=HTML&mobileYn=,2026-09-19 21:38:17.310734,,,
337434,계약서상 계약일을 칼로 긁어 폐업 후의 일자로 고쳐서 부가가치세 과세대상이 아니라는 주장은 위법함,인천지방법원-2020-구합-50588,2021-08-19,2021,8,3,,지방/기타,일반행정,,계약,law.go.kr,/DRF/lawService.do?OC=virtual.esq&target=prec&ID=337434&type=HTML&mobileYn=,2026-09-19 21:38:17.310734,,,
335300,검인계약서 상 기재된금액이 취득가액에 해당함,대법원-2021-두-38307,2021-08-19,2021,8,3,,지방/기타,일반행정,,계약,law.go.kr,/DRF/lawService.do?OC=virtual.esq&target=prec&ID=335300&type=HTML&mobileYn=,2026-09-19 21:38:17.310734,,,
334924,"이 사건 조세채권은 이 사건 증여계약에 대한 피보전채권이 되고, 피고의 사해의사는 추정되며, 가액배상에 의하여야 함.",인천지방법원-2020-가단-250744,2021-08-18,2021,8,3,,지방/기타,민사,,계약,law.go.kr,/DRF/lawService.do?OC=virtual.esq&target=prec&ID=334924&type=HTML&mobileYn=,2026-09-19 21:38:17.310734,,,
336928,원고가 옵션계약에 따라 프리미엄 지급한 비용은 손금에 산입될 수 있음,서울고등법원-2020-누-55468,2021-08-18,2021,8,3,,지방/기타,일반행정,,계약,law.go.kr,/DRF/lawService.do?OC=virtual.esq&target=prec&ID=336928&type=HTML&mobileYn=,2026-09-19 21:38:17.310734,,,
346060,허위양도양수계약서 작성 및 차명계좌를 이용한 양도대금 수령행위를 사기 그 밖의 부정한 행위로 볼 수 있는지,서울행정법원-2020-구단-71669,2021-08-18,2021,8,3,,지방/기타,일반행정,,계약,law.go.kr,/DRF/lawService.do?OC=virtual.esq&target=prec&ID=346060&type=HTML&mobileYn=,2026-09-19 21:38:17.310734,,,
336564,이 사건 각 증여계약이 있은 후로부터 2년 2개월 정도 지나 제기된 이혼소송에 따른 화해권고결정을 재산분할이라고 볼 수 없음,춘천지방법원-2019-가단-55107,2021-08-17,2021,8,3,,지방/기타,민사,,계약,law.go.kr,/DRF/lawService.do?OC=virtual.esq&target=prec&ID=336564&type=HTML&mobileYn=,2026-09-19 21:38:17.310734,,,
332236,원고의 피보전채권액만큼 이 사건 재산분할 중 상당한 재산분할정도를 벗어나는 초과부분의 증여계약을 취소한다,서울고등법원-2021-나-2014906,2021-08-13,2021,8,3,,지방/기타,민사,,계약,law.go.kr,/DRF/lawService.do?OC=virtual.esq&target=prec&ID=332236&type=HTML&mobileYn=,2026-09-19 21:38:17.310734,,,
330168,이 사건 원계약의 적용대상이 되는 제품의 범위가 특수전분에 한정된다고 볼 수는 없음,서울행정법원-2020-구합-58342,2021-08-13,2021,8,3,,지방/기타,일반행정,,계약,law.go.kr,/DRF/lawService.do?OC=virtual.esq&target=prec&ID=330168&type=HTML&mobileYn=,2026-09-19 21:38:17.310734,,,
344570,이 사건 증여계약을 각 행위별로 판단해 보면 증여로 인해 채무초과에 이른 부분에 대해서는 사해행위에 해당함,서부지원-2019-가합-51677,2021-08-12,2021,8,3,,지방/기타,민사,,계약,law.go.kr,/DRF/lawService.do?OC=virtual.esq&target=prec&ID=344570&type=HTML&mobileYn=,2026-09-19 21:38:17.310734,,,
346622,이 사건 납세담보제공계약이 무효라고 보기 어려움,밀양지원-2020-가단-11195,2021-08-10,2021,8,3,,지방/기타,민사,,계약,law.go.kr,/DRF/lawService.do?OC=virtual.esq&target=prec&ID=346622&type=HTML&mobileYn=,2026-09-19 21:38:17.310734,,,
348390,이 사건 증여계약이 사해행위에 해당하여 최소되어야 하는지 여부,서부지원-2020-가단-56763,2021-07-22,2021,7,3,,지방/기타,민사,,계약,law.go.kr,/DRF/lawService.do?OC=virtual.esq&target=prec&ID=348390&type=HTML&mobileYn=,2026-09-19 21:38:17.310734,,,
217339,보험계약무효확인등청구의소,2019다277812,2021-07-22,2021,7,3,대법원,대법원,민사,전원합의체 판결,계약,law.go.kr,/DRF/lawService.do?OC=virtual.esq&target=prec&ID=217339&type=HTML&mobileYn=,2026-09-19 21:38:17.310734,,,
345682,부동산담보신탁 계약에 따라 이자소득을 지급하는 부동산담보신탁회사는 원천징수의무자에 해당함,서울고등법원-2019-누-62316,2021-07-21,2021,7,3,,지방/기타,일반행정,,계약,law.go.kr,/DRF/lawService.do?OC=virtual.esq&target=prec&ID=345682&type=HTML&mobileYn=,2026-09-19 21:38:17.311735,,,
346686,이 사건 현금의 증여행위는 사해행위에 해당하므로 증여계약을 취소하고 원고에게 가액배상을 해야 함,수원지방법원-2020-가합-16177,2021-07-21,2021,7,3,,지방/기타,민사,,계약,law.go.kr,/DRF/lawService.do?OC=virtual.esq&target=prec&ID=346686&type=HTML&mobileYn=,2026-09-19 21:38:17.311735,,,
346792,1/2지분씩 두차례로 나누어 체결된 이 사건 각 매매계약은 그 경제적 실질 내용에 따라 일괄하여 하나의 거래로 보아야 함,창원지방법원-2020-구단-11474,2021-07-21,2021,7,3,,지방/기타,일반행정,,계약,law.go.kr,/DRF/lawService.do?OC=virtual.esq&target=prec&ID=346792&type=HTML&mobileYn=,2026-09-19 21:38:17.311735,,,
216943,계약금반환등,2018다214210,2021-07-15,2021,7,3,대법원,대법원,민사,판결,계약,law.go.kr,/DRF/lawService.do?OC=virtual.esq&target=prec&ID=216943&type=HTML&mobileYn=,2026-09-19 21:38:17.311735,,,
335640,양도소득세 감면한도액 초과를 회피하기 위한 형식적인 계약에 해당하여 토지의 양도시기는 이 사건 토지의 최종 잔금청산일이라고 봄이 상당함,부산지방법원-2021-구합-20550,2021-07-09,2021,7,3,,지방/기타,일반행정,,계약,law.go.kr,/DRF/lawService.do?OC=virtual.esq&target=prec&ID=335640&type=HTML&mobileYn=,2026-09-19 21:38:17.311735,,,
336070,원고와 채무자 사이에 체결된 증여계약이 사해행위에 해당하는지 여부,안양지원-2020-가단-125649,2021-07-08,2021,7,3,,지방/기타,민사,,계약,law.go.kr,/DRF/lawService.do?OC=virtual.esq&target=prec&ID=336070&type=HTML&mobileYn=,2026-09-19 21:38:17.311735,,,
347796,대출금채무가 실질적으로 이 사건 계약의 현물출자 대상에 포함되지 아니한 이상 이 사건 대출금채무 상당액은 이 사건 사업의 부채에서 제외되어야 함,제주지방법원-2020-구합-5687,2021-07-06,2021,7,3,,지방/기타,일반행정,,계약,law.go.kr,/DRF/lawService.do?OC=virtual.esq&target=prec&ID=347796&type=HTML&mobileYn=,2026-09-19 21:38:17.311735,,,
332590,증여계약은 사해행위이므로 이를 취소함,인천지방법원-2020-가단-269342,2021-07-01,2021,7,3,,지방/기타,민사,,계약,law.go.kr,/DRF/lawService.do?OC=virtual.esq&target=prec&ID=332590&type=HTML&mobileYn=,2026-09-19 21:38:17.311735,,,
342770,허위의 부동산매매계약서를 작성하는 방법으로 조세를 포탈한 행위는 사기나 그 밖의 부정한 행위에 해당함,부산지방법원동부지원-2021-고합-68,2021-06-29,2021,6,2,,지방/기타,형사,,계약,law.go.kr,/DRF/lawService.do?OC=virtual.esq&target=prec&ID=342770&type=HTML&mobileYn=,2026-09-19 21:38:17.311735,,,
342404,지정지역 고시 전에 계약 건에 대하여 중과세율적용 제외할 수 있는 지 여부,대구고등법원-2020-누-4810,2021-06-18,2021,6,2,,지방/기타,일반행정,,계약,law.go.kr,/DRF/lawService.do?OC=virtual.esq&target=prec&ID=342404&type=HTML&mobileYn=,2026-09-19 21:38:17.311735,,,
336702,체납자와 피고 사이에 체결한 부동산 매매계약 및 매매예약은 사해행위로서 취소되어야 함,서울고등법원-2020-나-2043839,2021-06-17,2021,6,2,,지방/기타,민사,,계약,law.go.kr,/DRF/lawService.do?OC=virtual.esq&target=prec&ID=336702&type=HTML&mobileYn=,2026-09-19 21:38:17.311735,,,
337202,쟁점부동산 매매계약 해제에 따라 몰취된 계약금 중 원고에게 반환되지 않은 금액은 필요경비에 해당함,서울고등법원-2020-누-53813,2021-06-16,2021,6,2,,지방/기타,일반행정,,계약,law.go.kr,/DRF/lawService.do?OC=virtual.esq&target=prec&ID=337202&type=HTML&mobileYn=,2026-09-19 21:38:17.311735,,,
336394,경락 전 매매계약을 통해 지출한 비용이 경락 부동산 취득의 필요경비인지 여부,인천지방법원-2020-구단-51775,2021-06-15,2021,6,2,,지방/기타,일반행정,,계약,law.go.kr,/DRF/lawService.do?OC=virtual.esq&target=prec&ID=336394&type=HTML&mobileYn=,2026-09-19 21:38:17.311735,,,
337568,취득가액을 환산취득가액으로 계산한 양도세를 신고한 후 제출한 계약서에 의한 취득가액 인정 여부,서울행정법원-2020-구단-55919,2021-06-11,2021,6,2,,지방/기타,일반행정,,계약,law.go.kr,/DRF/lawService.do?OC=virtual.esq&target=prec&ID=337568&type=HTML&mobileYn=,2026-09-19 21:38:17.311735,,,
342736,기존 매매계약 착오취소 후 강제조정결정을 통하여 추가 보상금 수령한 경우 양도시기는 강제조정결정이 확정된 때임,서울고등법원-2020-누-59552,2021-06-11,2021,6,2,,지방/기타,일반행정,,계약,law.go.kr,/DRF/lawService.do?OC=virtual.esq&target=prec&ID=342736&type=HTML&mobileYn=,2026-09-19 21:38:17.311735,,,
343698,이 사건 증여계약으로 인하여 체납자는 채무초과상태에 이르렀는바 이 사건 증여계약은 사해행위에 해당함,서울동부지방법원-2020-가합-103083,2021-06-10,2021,6,2,,지방/기타,민사,,계약,law.go.kr,/DRF/lawService.do?OC=virtual.esq&target=prec&ID=343698&type=HTML&mobileYn=,2026-09-19 21:38:17.311735,,,
343382,계약의 해제시점,의정부지방법원-2020-구합-10659,2021-06-03,2021,6,2,,지방/기타,일반행정,,계약,law.go.kr,/DRF/lawService.do?OC=virtual.esq&target=prec&ID=343382&type=HTML&mobileYn=,2026-09-19 21:38:17.311735,,,
335216,대여계약을 사기로 취소하였더라도 이미 발생한 이자소득에 대한 종합소득세에 후발적 경정청구 사유가 존재한다고 볼 수 없음,서울고등법원-2020-누-68945,2021-06-03,2021,6,2,,지방/기타,일반행정,,계약,law.go.kr,/DRF/lawService.do?OC=virtual.esq&target=prec&ID=335216&type=HTML&mobileYn=,2026-09-19 21:38:17.311735,,,
336064,컨설팅계약에 따른 비용을 이 사건 부동산의 양도를 위하여 직접 지출한 ‘소개비’ 또는 ‘이와 유사한 비용’에 해당한다고 볼 수 없음,서울행정법원-2020-구단-59942,2021-06-02,2021,6,2,,지방/기타,일반행정,,계약,law.go.kr,/DRF/lawService.do?OC=virtual.esq&target=prec&ID=336064&type=HTML&mobileYn=,2026-09-19 21:38:17.311735,,,
336808,양도소득세 감면한도액 초과를 회피하기 위한 형식적인 계약에 해당하여 토지의 양도시기는 이 사건 각 토지의 최종 잔금청산일이라고 봄이 상당함,창원지방법원-2020-구단-11726,2021-06-02,2021,6,2,,지방/기타,일반행정,,계약,law.go.kr,/DRF/lawService.do?OC=virtual.esq&target=prec&ID=336808&type=HTML&mobileYn=,2026-09-19 21:38:17.311735,,,
343784,이 사건 강제조정이 확정된때에 각 토지에 관한 새로운 매매계약이 체결되었다고 봄이 타당,수원고등법원-2020-누-13345,2021-05-28,2021,5,2,,지방/기타,일반행정,,계약,law.go.kr,/DRF/lawService.do?OC=virtual.esq&target=prec&ID=343784&type=HTML&mobileYn=,2026-09-19 21:38:17.311735,,,
336010,"채무변제용 합의서를 주식매매계약서로 보아 매매사례가액으로 적용할 수 있는지, 적법한 가결산 자료로 볼 수 있는지",서울행정법원-2019-구합-88446,2021-05-28,2021,5,2,,지방/기타,일반행정,,계약,law.go.kr,/DRF/lawService.do?OC=virtual.esq&target=prec&ID=336010&type=HTML&mobileYn=,2026-09-19 21:38:17.311735,,,
336498,이 사건 계약내용 및 대금지급내용을 볼 때 사업의 양도에 해당함,부산고등법원(창원)-2020-누-10077,2021-05-26,2021,5,2,,지방/기타,일반행정,,계약,law.go.kr,/DRF/lawService.do?OC=virtual.esq&target=prec&ID=336498&type=HTML&mobileYn=,2026-09-19 21:38:17.311735,,,
216659,건물명도(인도)[점포 임대인이 임대차기간 중 차임연체액이 3기분에 달한 적이 있었다는 이유로 임차인의 계약갱신 요구를 거절하고 인도를 구하는 사건],2020다255429,2021-05-13,2021,5,2,대법원,대법원,민사,판결,계약,law.go.kr,/DRF/lawService.do?OC=virtual.esq&target=prec&ID=216659&type=HTML&mobileYn=,2026-09-19 21:38:17.311735,,,
344600,피고와 BBB 사이에 체결된 증여계약이 사해행위에 해당하는지 여부,경주지원-2020-가단-14669,2021-05-11,2021,5,2,,지방/기타,민사,,계약,law.go.kr,/DRF/lawService.do?OC=virtual.esq&target=prec&ID=344600&type=HTML&mobileYn=,2026-09-19 21:38:17.311735,,,
216673,매매계약무효확인의소,2021다201320,2021-05-07,2021,5,2,대법원,대법원,민사,판결,계약,law.go.kr,/DRF/lawService.do?OC=virtual.esq&target=prec&ID=216673&type=HTML&mobileYn=,2026-09-19 21:38:17.311735,,,
337116,쟁점공사에 관하여 계약을 체결한 이유로 처분한 것은 실질과세주위 원칙에 위반함,부산지방법원-2020-구합-20362,2021-05-06,2021,5,2,,지방/기타,일반행정,,계약,law.go.kr,/DRF/lawService.do?OC=virtual.esq&target=prec&ID=337116&type=HTML&mobileYn=,2026-09-19 21:38:17.311735,,,
336380,(무변론 판결) 상속재산분할협의 계약을 5분의 3 지분 한도 내에서 취소함,부천지원-2020-가단-131808,2021-04-30,2021,4,2,,지방/기타,민사,,계약,law.go.kr,/DRF/lawService.do?OC=virtual.esq&target=prec&ID=336380&type=HTML&mobileYn=,2026-09-19 21:38:17.311735,,,
336676,체납자인 모가 딸인 피고에게 한 일부 변제행위와 증여계약을 취소함,대법원-2021-다-204589,2021-04-29,2021,4,2,,지방/기타,민사,,계약,law.go.kr,/DRF/lawService.do?OC=virtual.esq&target=prec&ID=336676&type=HTML&mobileYn=,2026-09-19 21:38:17.311735,,,
330994,(심리불속행)대한민국이 압류한 신탁수익금채권은 사업약정 및 대리사무계약에 따라 납부한 분양대금 반환채권에 해당하는 원고의 채권에 우선할 수 없음,대법원-2021-다-204817,2021-04-29,2021,4,2,,지방/기타,민사,,계약,law.go.kr,/DRF/lawService.do?OC=virtual.esq&target=prec&ID=330994&type=HTML&mobileYn=,2026-09-19 21:38:17.311735,,,
216693,"손해배상(기)[의무관리대상 공동주택의 입주자인 원고들이 입주자대표회의인 피고를 상대로, 한국전력공사로부터 단일계약방식으로 공급된 전기에 대한 사용료 납부대행을 위하여 피고가 세대별 부담액을 산정·징수함에 있어 주택용 저압요금단가를 적용하여 전용부분 전기료를 초과징수하고 그 초과금을 공용부분 전기료에 충당한 행위가 주택법령 및 관리규약상 사용료의 용도 외 목적 사용금지의무에 반한다고 주장하며 불법행위에 기한 손해배상청구를 하는 사건]",2016다224879,2021-04-29,2021,4,2,대법원,대법원,민사,판결,계약,law.go.kr,/DRF/lawService.do?OC=virtual.esq&target=prec&ID=216693&type=HTML&mobileYn=,2026-09-19 21:38:17.311735,,,
336780,이 사건 계약의 이행으로 인해 원과와 특수관계인 모두 이익을 얻게 되었다고 볼 수 있어 경제적 합리성이 있다고 볼 수 있는 경우,대법원-2021-두-30877,2021-04-29,2021,4,2,,지방/기타,일반행정,,계약,law.go.kr,/DRF/lawService.do?OC=virtual.esq&target=prec&ID=336780&type=HTML&mobileYn=,2026-09-19 21:38:17.311735,,,
331520,(심리불속행) 배당 소득을 타인에게 이전할 법적 또는 계약상의 의무를 부담한 바 없이 사용ㆍ수익권을 향유하고 있으므로 수익적 소유자에 해당함,대법원-2021-두-31139,2021-04-29,2021,4,2,,지방/기타,일반행정,,계약,law.go.kr,/DRF/lawService.do?OC=virtual.esq&target=prec&ID=331520&type=HTML&mobileYn=,2026-09-19 21:38:17.311735,,,
332482,검인계약서에 기재된 매매가액을 실제거래가액으로 양도소득세를 경정한 처분이 적법한지 여부,서울행정법원-2020-구단-58161,2021-04-23,2021,4,2,,지방/기타,일반행정,,계약,law.go.kr,/DRF/lawService.do?OC=virtual.esq&target=prec&ID=332482&type=HTML&mobileYn=,2026-09-19 21:38:17.311735,,,
336804,제1근저당권 설정계약의 피담보채무의 범위는 새로운 이해관계자가 없이 초과하지 않는 범위 내에서 제2근저당권의 피담보채무를 포함하는 것이 타당함,대전지방법원-2020-가단-13790,2021-04-22,2021,4,2,,지방/기타,민사,,계약,law.go.kr,/DRF/lawService.do?OC=virtual.esq&target=prec&ID=336804&type=HTML&mobileYn=,2026-09-19 21:38:17.311735,,,
343022,현금증여계약으로 인한 사해행위,서울고등법원-2020-나-2034576,2021-04-21,2021,4,2,,지방/기타,민사,,계약,law.go.kr,/DRF/lawService.do?OC=virtual.esq&target=prec&ID=343022&type=HTML&mobileYn=,2026-09-19 21:38:17.311735,,,
337058,원고와 채무자 사이에 체결된 임대차계약을 진실한 것으로 볼 수 있는지 여부,대구지방법원-2020-가단-17761,2021-04-21,2021,4,2,,지방/기타,민사,,계약,law.go.kr,/DRF/lawService.do?OC=virtual.esq&target=prec&ID=337058&type=HTML&mobileYn=,2026-09-19 21:38:17.311735,,,
329356,이 사건 현금증여계약은 사해행위에 해당함,서울중앙지방법원-2020-가단-5150459,2021-04-15,2021,4,2,,지방/기타,민사,,계약,law.go.kr,/DRF/lawService.do?OC=virtual.esq&target=prec&ID=329356&type=HTML&mobileYn=,2026-09-19 21:38:17.311735,,,
337612,제1근저당권 설정계약의 피담보채무의 범위는 새로운 이해관계자가 없이 초과하지 않는 범위 내에서 제2근저당권의 피담보채무를 포함하는 것이 타당함,대전지방법원-2020-가단-128555,2021-04-15,2021,4,2,,지방/기타,민사,,계약,law.go.kr,/DRF/lawService.do?OC=virtual.esq&target=prec&ID=337612&type=HTML&mobileYn=,2026-09-19 21:38:17.311735,,,
236895,입주계약해지처분무효확인의소,2020구합12742,2021-04-15,2021,4,2,광주지방법원,지방/기타,일반행정,판결,계약,law.go.kr,/DRF/lawService.do?OC=virtual.esq&target=prec&ID=236895&type=HTML&mobileYn=,2026-09-19 21:38:17.311735,,,
335920,공동소유자들이 각각 매매계약서를 작성한 것을 일괄양도로 판단할 기준,의정부지방법원-2020-구합-10819,2021-04-08,2021,4,2,,지방/기타,일반행정,,계약,law.go.kr,/DRF/lawService.do?OC=virtual.esq&target=prec&ID=335920&type=HTML&mobileYn=,2026-09-19 21:38:17.311735,,,
215425,손해배상(기)[매매계약에서 매도인의 하자담보책임이 문제된 사건],2017다202050,2021-04-08,2021,4,2,대법원,대법원,민사,판결,계약,law.go.kr,/DRF/lawService.do?OC=virtual.esq&target=prec&ID=215425&type=HTML&mobileYn=,2026-09-19 21:38:17.311735,,,
329584,이 사건 증여계약은 사해행위에 해당하는지 여부,동부지원-2018-가단-218801,2021-04-07,2021,4,2,,지방/기타,민사,,계약,law.go.kr,/DRF/lawService.do?OC=virtual.esq&target=prec&ID=329584&type=HTML&mobileYn=,2026-09-19 21:38:17.312734,,,
332526,원고가 이 사건 각 부동산의 자본적 지출액으로 공사비용을 지출하였다고 볼 수 없고 검인계약서 매매대금이 제2아파트의 실지 취득가액에 해당함,서울행정법원-2019-구합-6086,2021-04-06,2021,4,2,,지방/기타,일반행정,,계약,law.go.kr,/DRF/lawService.do?OC=virtual.esq&target=prec&ID=332526&type=HTML&mobileYn=,2026-09-19 21:38:17.312734,,,
336178,검인계약서 상 기재된금액이 취득가액에 해당함,서울고등법원-2020-누-45904,2021-03-31,2021,3,1,,지방/기타,일반행정,,계약,law.go.kr,/DRF/lawService.do?OC=virtual.esq&target=prec&ID=336178&type=HTML&mobileYn=,2026-09-19 21:38:17.312734,,,
334952,피고는 납세담보제공계약 체결행위가 사해행위에 해당한다는 사실을 알지 못한 선의의 수익자라고 보는 것이 타당함.,부산고등법원-2020-나-54664,2021-03-31,2021,3,1,,지방/기타,민사,,계약,law.go.kr,/DRF/lawService.do?OC=virtual.esq&target=prec&ID=334952&type=HTML&mobileYn=,2026-09-19 21:38:17.312734,,,
343338,증여계약일 전에 납세의무가 성립되어 있었다면 채권자취소권을 행사하기 위한 피보전채권에 해당함,수원지방법원-2020-나-76722,2021-03-30,2021,3,1,,지방/기타,민사,,계약,law.go.kr,/DRF/lawService.do?OC=virtual.esq&target=prec&ID=343338&type=HTML&mobileYn=,2026-09-19 21:38:17.312734,,,
343870,(심리불속행)베트남에 둔 고정사업장이 결손인 경우 납부한 외국인계약자세 등 이윤세가 외국납부세액공제 대상에 해당하는지,대법원-2020-두-56216,2021-03-25,2021,3,1,,지방/기타,일반행정,,계약,law.go.kr,/DRF/lawService.do?OC=virtual.esq&target=prec&ID=343870&type=HTML&mobileYn=,2026-09-19 21:38:17.312734,,,
326226,(심리불속행)베트남에 둔 고정사업장이 결손인 경우 납부한 외국인계약자세 등 이윤세가 외국납부세액공제 대상에 해당하는지,대법원-2020-두-56223,2021-03-25,2021,3,1,,지방/기타,일반행정,,계약,law.go.kr,/DRF/lawService.do?OC=virtual.esq&target=prec&ID=326226&type=HTML&mobileYn=,2026-09-19 21:38:17.312734,,,
337798,위탁자가 계약의 당사자로서 매도한 경우에도 부동산담보신탁의 부가가치세 납세의무자가 수탁자인지 여부,대법원-2020-두-56650,2021-03-25,2021,3,1,,지방/기타,일반행정,,계약,law.go.kr,/DRF/lawService.do?OC=virtual.esq&target=prec&ID=337798&type=HTML&mobileYn=,2026-09-19 21:38:17.312734,,,
420876,"감면 조례에 따라 취득세 감면 혜택을 받았던 원고의 토지매매 계약이 무변론 판결로 취소되어 소유권이전등기가 말소된 경우, 취득행위의 존재여부 및 정당한 사유 없이 해당 사업에 직접 사용하지 못한 것으로 보아 추징요건을 충족시키는지 여부",2020구합13103,2021-03-19,2021,3,1,광주지방법원,지방/기타,일반행정,처분청 패소,계약,law.go.kr,/DRF/lawService.do?OC=virtual.esq&target=prec&ID=420876&type=HTML&mobileYn=,2026-09-19 21:38:17.312734,,,
331282,피고는 선의의 수익자에 해당하지 않으므로 이 사건 증여계약은 사해행위에 해당함,수원지방법원-2020-가단-534548,2021-03-17,2021,3,1,,지방/기타,민사,,계약,law.go.kr,/DRF/lawService.do?OC=virtual.esq&target=prec&ID=331282&type=HTML&mobileYn=,2026-09-19 21:38:17.312734,,,
337158,(무변론판결) 이 사건 증여계약은 사해행위에 해당하는지 여부,부산지방법원-2020-가단-343179,2021-03-04,2021,3,1,,지방/기타,민사,,계약,law.go.kr,/DRF/lawService.do?OC=virtual.esq&target=prec&ID=337158&type=HTML&mobileYn=,2026-09-19 21:38:17.312734,,,
214235,해고무효확인[근로자에 대한 계약종료통지서에 해고사유가 전혀 기재되어 있지 않았던 사건],2017다226605,2021-02-25,2021,2,1,대법원,대법원,민사,판결,계약,law.go.kr,/DRF/lawService.do?OC=virtual.esq&target=prec&ID=214235&type=HTML&mobileYn=,2026-09-19 21:38:17.312734,,,
326272,이 사건 증여계약은 사해행위에 해당함,서울중앙지방법원-2020-가단-5205700,2021-02-23,2021,2,1,,지방/기타,민사,,계약,law.go.kr,/DRF/lawService.do?OC=virtual.esq&target=prec&ID=326272&type=HTML&mobileYn=,2026-09-19 21:38:17.312734,,,
326392,이 사건 토지의 양도는 사해행위에 해당하므로 매매계약을 취소하고 피고는 원고에게 가액을 배상하여야 함,부산지방법원-2020-나-49300,2021-02-18,2021,2,1,,지방/기타,민사,,계약,law.go.kr,/DRF/lawService.do?OC=virtual.esq&target=prec&ID=326392&type=HTML&mobileYn=,2026-09-19 21:38:17.312734,,,
330734,체납자와 배우자 사이의 금원 증여계약은 사해행위에 해당함,부산고등법원(창원)-2020-나-12908,2021-02-18,2021,2,1,,지방/기타,민사,,계약,law.go.kr,/DRF/lawService.do?OC=virtual.esq&target=prec&ID=330734&type=HTML&mobileYn=,2026-09-19 21:38:17.312734,,,
420800,"원고 등이 6차 할부금을 납부하지 않은 상태에서 이 사건 승계계약을 체결하여 이 사건 매매계약의 매수인 지위를 □□에게 이전해 준 상태에서, 김*광이 원고 등을 대리하여 6차 할부금을 납부한 것으로 보아 취득세를 부과한 처분의 적법성",2020구합51394,2021-02-18,2021,2,1,창원지방법원,지방/기타,일반행정,처분청 패소,계약,law.go.kr,/DRF/lawService.do?OC=virtual.esq&target=prec&ID=420800&type=HTML&mobileYn=,2026-09-19 21:38:17.312734,,,
338134,이 사건 증여계약이 사해행위취소에 해당하는지 여부,서울남부지방법원-2020-가단-218059,2021-02-16,2021,2,1,,지방/기타,민사,,계약,law.go.kr,/DRF/lawService.do?OC=virtual.esq&target=prec&ID=338134&type=HTML&mobileYn=,2026-09-19 21:38:17.312734,,,
337014,(심리불속행) 원고가 국외여행계약에 따라 제공한 용역은 여행용역이 아닌 여행알선용역으로서 영세율 적용대상에 해당하지 아니함,대법원-2020-두-52566,2021-02-10,2021,2,1,,지방/기타,일반행정,,계약,law.go.kr,/DRF/lawService.do?OC=virtual.esq&target=prec&ID=337014&type=HTML&mobileYn=,2026-09-19 21:38:17.312734,,,
329210,(자백간주 판결) 조세채무가 있는 상태에서 증여계약을 통해 채무초과상태에 이르게 한 것은 사해행위에 해당함,포항지원-2020-가단-107368,2021-02-04,2021,2,1,,지방/기타,민사,,계약,law.go.kr,/DRF/lawService.do?OC=virtual.esq&target=prec&ID=329210&type=HTML&mobileYn=,2026-09-19 21:38:17.312734,,,
332930,이 사건 소급작성계약서는 실제 양도가액을 반영하지 않은 허위 내용의 계약서에 해당함(장기부과제척기간 적용 적법함),광주지방법원-2020-구합-13745,2021-01-28,2021,1,1,,지방/기타,일반행정,,계약,law.go.kr,/DRF/lawService.do?OC=virtual.esq&target=prec&ID=332930&type=HTML&mobileYn=,2026-09-19 21:38:17.312734,,,
332928,양도소득세 계산시 취득시 계약서가 사후 작성되는 등 취득가액이 불분명한 경우 실지거래가액인 필요경비에 해당하지 않음,부산고등법원(창원)-2020-누-11650,2021-01-27,2021,1,1,,지방/기타,일반행정,,계약,law.go.kr,/DRF/lawService.do?OC=virtual.esq&target=prec&ID=332928&type=HTML&mobileYn=,2026-09-19 21:38:17.312734,,,
330148,검인계약서에 기재된 매매금액이 이 사건 상가의 취득 당시 실지거래가액에 해당한다고 봄이 타당함,울산지방법원-2020-구합-200,2021-01-21,2021,1,1,,지방/기타,일반행정,,계약,law.go.kr,/DRF/lawService.do?OC=virtual.esq&target=prec&ID=330148&type=HTML&mobileYn=,2026-09-19 21:38:17.312734,,,
330344,무변론판결에 의한 사해행위취소소송으로 이 사건 증여계약은 사해행위에 해당함,서울중앙지방법원-2020-가단-5260943,2021-01-19,2021,1,1,,지방/기타,민사,,계약,law.go.kr,/DRF/lawService.do?OC=virtual.esq&target=prec&ID=330344&type=HTML&mobileYn=,2026-09-19 21:38:17.312734,,,
329350,신탁계약에 따라 DD주택보증의 분양보증 이행을 재화의 공급으로 과세한 것은  무효에 해당하는지 여부,대구고등법원-2020-누-2982,2021-01-15,2021,1,1,,지방/기타,일반행정,,계약,law.go.kr,/DRF/lawService.do?OC=virtual.esq&target=prec&ID=329350&type=HTML&mobileYn=,2026-09-19 21:38:17.312734,,,
336680,채무자 및 수익자가 이 사건 매매계약 체결 당시 사해의사가 존재하였는지 여부,수원지방법원-2019-가합-25601,2021-01-14,2021,1,1,,지방/기타,민사,,계약,law.go.kr,/DRF/lawService.do?OC=virtual.esq&target=prec&ID=336680&type=HTML&mobileYn=,2026-09-19 21:38:17.312734,,,
336234,(무변론판결) 이 사건 증여계약은 사해행위에 해당하는지 여부,울산지방법원-2020-가단-119522,2021-01-14,2021,1,1,,지방/기타,민사,,계약,law.go.kr,/DRF/lawService.do?OC=virtual.esq&target=prec&ID=336234&type=HTML&mobileYn=,2026-09-19 21:38:17.313735,,,
335524,(심리불속행) 사용계약에 따른 사용료를 지급하였다고 인정하기에 부족함,대법원-2020-두-49171,2021-01-14,2021,1,1,,지방/기타,일반행정,,계약,law.go.kr,/DRF/lawService.do?OC=virtual.esq&target=prec&ID=335524&type=HTML&mobileYn=,2026-09-19 21:38:17.313735,,,
345188,허위의 임대차계약서를 작성하고 이에 의하여 임대수입을 과소신고한 것은 사기기타부정행위에 해당하여 장기의 부과제척기간이 적용됨,서울행정법원-2020-구합-55077,2021-01-12,2021,1,1,,지방/기타,일반행정,,계약,law.go.kr,/DRF/lawService.do?OC=virtual.esq&target=prec&ID=345188&type=HTML&mobileYn=,2026-09-19 21:38:17.313735,,,
334548,계약의 해제로서 원상회복의 범위는 이익의 현존 여부나 청구인의 선의 악의를 불문하고 받은 이익의 전부이다,서울중앙지방법원-2019-가합-563471,2021-01-08,2021,1,1,,지방/기타,민사,,계약,law.go.kr,/DRF/lawService.do?OC=virtual.esq&target=prec&ID=334548&type=HTML&mobileYn=,2026-09-19 21:38:17.313735,,,
330082,(심리불속행) 교환계약에 따른 양도에서 양도가액이 확인되지 않는 단순 교환거래일 때 양도가액과 취득가액을 기준시가로 산정하는 것이 적절한지 여부,대법원-2020-두-49010,2020-12-30,2020,12,4,,지방/기타,일반행정,,계약,law.go.kr,/DRF/lawService.do?OC=virtual.esq&target=prec&ID=330082&type=HTML&mobileYn=,2026-09-19 21:38:17.313735,,,
336350,취득과 양도계약서에 경작과 관련된 백일홍에 대한 기재사항이 없고 인근에 경작되는 백일홍과 비교하여 볼 때 감면대상에 해당하지 않음,인천지방법원-2020-구단-418,2020-12-22,2020,12,4,,지방/기타,일반행정,,계약,law.go.kr,/DRF/lawService.do?OC=virtual.esq&target=prec&ID=336350&type=HTML&mobileYn=,2026-09-19 21:38:17.313735,,,
330270,배당 소득을 타인에게 이전할 법적 또는 계약상의 의무를 부담한 바 없이 그에 대한 사용ㆍ수익권을 향유하고 있으므로 수익적 소유자에 해당함,서울고등법원-2020-누-30667,2020-12-18,2020,12,4,,지방/기타,일반행정,,계약,law.go.kr,/DRF/lawService.do?OC=virtual.esq&target=prec&ID=330270&type=HTML&mobileYn=,2026-09-19 21:38:17.313735,,,
329170,이 사건 계약의 이행으로 인해 원고와 특수관계에 있는 신** 모두 이익을 얻게 되었다고 볼 수 있어 경제적 합리성이 있어 보임,서울고등법원-2019-누-62132,2020-12-17,2020,12,4,,지방/기타,일반행정,,계약,law.go.kr,/DRF/lawService.do?OC=virtual.esq&target=prec&ID=329170&type=HTML&mobileYn=,2026-09-19 21:38:17.313735,,,
334854,사회통념상 매매계약에 토지에 대한 대가적 급부가 거의 전부 이행되었다고 볼 만한 정도에 이른 시기를 양도시기로 보아야 함,수원지방법원-2020-구단-6390,2020-12-11,2020,12,4,,지방/기타,일반행정,,계약,law.go.kr,/DRF/lawService.do?OC=virtual.esq&target=prec&ID=334854&type=HTML&mobileYn=,2026-09-19 21:38:17.313735,,,
329064,이 사건 매매계약상의 매수인 지위를 그대로 유지하면서 쟁점토지를 매도한 것으로 봄이 상당함,수원지방법원-2020-구합-30,2020-12-10,2020,12,4,,지방/기타,일반행정,,계약,law.go.kr,/DRF/lawService.do?OC=virtual.esq&target=prec&ID=329064&type=HTML&mobileYn=,2026-09-19 21:38:17.313735,,,
329492,"(심리불속행) 이 사건 계약은‘현물출자’이고, 이 사건 부동산의 가액은 감정평가법인이 감정한 평가액으로 봄이 타당하다.",대법원-2020-두-47137,2020-12-10,2020,12,4,,지방/기타,일반행정,,계약,law.go.kr,/DRF/lawService.do?OC=virtual.esq&target=prec&ID=329492&type=HTML&mobileYn=,2026-09-19 21:38:17.313735,,,
336034,대한민국이 압류한 신탁수익금채권은 사업약정 및 대리사무계약에 따라 납부한 분양대금 반환채권에 해당하는 원고의 채권에 우선할 수 없음,서울고등법원-2019-나-2055041,2020-12-04,2020,12,4,,지방/기타,민사,,계약,law.go.kr,/DRF/lawService.do?OC=virtual.esq&target=prec&ID=336034&type=HTML&mobileYn=,2026-09-19 21:38:17.313735,,,
332302,확보된 대출계약서 등이 가짜인지 여부,서울행정법원-2019-구합-71707,2020-12-04,2020,12,4,,지방/기타,일반행정,,계약,law.go.kr,/DRF/lawService.do?OC=virtual.esq&target=prec&ID=332302&type=HTML&mobileYn=,2026-09-19 21:38:17.313735,,,
336254,신탁계약을 통해 수취한 분배금의 실질이 배당금인 경우 수입배당금액 익금불산입 규정 적용함,서울고등법원-2020-누-36788,2020-11-27,2020,11,4,,지방/기타,일반행정,,계약,law.go.kr,/DRF/lawService.do?OC=virtual.esq&target=prec&ID=336254&type=HTML&mobileYn=,2026-09-19 21:38:17.313735,,,
336082,체납자인 모가 딸인 피고에게 한 일부 변제행위와 증여계약을 취소함,서울고등법원-2020-나-2019515,2020-11-27,2020,11,4,,지방/기타,민사,,계약,law.go.kr,/DRF/lawService.do?OC=virtual.esq&target=prec&ID=336082&type=HTML&mobileYn=,2026-09-19 21:38:17.313735,,,
217055,매매계약무효확인의소,2020나2023576,2020-11-26,2020,11,4,서울고등법원,고등법원,민사,판결,계약,law.go.kr,/DRF/lawService.do?OC=virtual.esq&target=prec&ID=217055&type=HTML&mobileYn=,2026-09-19 21:38:17.313735,,,
214329,계약금반환,2020다253379,2020-11-26,2020,11,4,대법원,대법원,민사,판결,계약,law.go.kr,/DRF/lawService.do?OC=virtual.esq&target=prec&ID=214329&type=HTML&mobileYn=,2026-09-19 21:38:17.313735,,,
328894,(자백간주판결) 조세채무가 있는 상태에서 증여계약을 통해 채무초과상태에 이르게 한 것은 사해행위에 해당함,고양지원-2020-가단-89847,2020-11-26,2020,11,4,,지방/기타,민사,,계약,law.go.kr,/DRF/lawService.do?OC=virtual.esq&target=prec&ID=328894&type=HTML&mobileYn=,2026-09-19 21:38:17.313735,,,
326926,이자 및 담보가 없는 금전소비대차계약서를 소급 작성한 것으로 보이므로 부친에게서 현금을 증여받은 것임,수원지방법원-2020-구합-61509,2020-11-26,2020,11,4,,지방/기타,일반행정,,계약,law.go.kr,/DRF/lawService.do?OC=virtual.esq&target=prec&ID=326926&type=HTML&mobileYn=,2026-09-19 21:38:17.313735,,,
329304,체결된 별지 목록 기재 부동산의 매매계약은 사해행위에 해당하므로 피고들은 가액배상하여야 함,원주지원-2019-가단-57437,2020-11-25,2020,11,4,,지방/기타,민사,,계약,law.go.kr,/DRF/lawService.do?OC=virtual.esq&target=prec&ID=329304&type=HTML&mobileYn=,2026-09-19 21:38:17.313735,,,
335686,수분양자의 지위가 양도된 후 분양계약이 해제된 때의 부가가치세 납세의무자,서울고등법원-2017-누-71392,2020-11-25,2020,11,4,,지방/기타,일반행정,,계약,law.go.kr,/DRF/lawService.do?OC=virtual.esq&target=prec&ID=335686&type=HTML&mobileYn=,2026-09-19 21:38:17.313735,,,
326922,매매계약이 합의해제되었더라도 양도소득세 신고·납부행위는 당연무효가 아님,춘천지방법원-2019-나-54099,2020-11-19,2020,11,4,,지방/기타,민사,,계약,law.go.kr,/DRF/lawService.do?OC=virtual.esq&target=prec&ID=326922&type=HTML&mobileYn=,2026-09-19 21:38:17.313735,,,
330292,특허권자가 아님을 알고 있으면서도 특허권 양수계약을 체결하고 양도대금을 가지급금 반환채권과 상계한 것은 부당행위계산 부인 대상에 해당함.,부산지방법원-2019-구합-21246,2020-11-19,2020,11,4,,지방/기타,일반행정,,계약,law.go.kr,/DRF/lawService.do?OC=virtual.esq&target=prec&ID=330292&type=HTML&mobileYn=,2026-09-19 21:38:17.313735,,,
338010,이 사건 증여계약은 과거 이혼 사건에서의 조정 결과와 무관한 새로운 처분행위로 판단됨.,부산지방법원-2020-가단-309353,2020-11-19,2020,11,4,,지방/기타,민사,,계약,law.go.kr,/DRF/lawService.do?OC=virtual.esq&target=prec&ID=338010&type=HTML&mobileYn=,2026-09-19 21:38:17.313735,,,
335520,국외여행계약에 따른 용역은 알선대가만 과세대상이고 영세율 적용 불가함,서울행정법원-2019-구합-56111,2020-11-17,2020,11,4,,지방/기타,일반행정,,계약,law.go.kr,/DRF/lawService.do?OC=virtual.esq&target=prec&ID=335520&type=HTML&mobileYn=,2026-09-19 21:38:17.313735,,,
236037,계약보증금청구의소,2020나2016059,2020-11-12,2020,11,4,서울고등법원,고등법원,민사,판결,계약,law.go.kr,/DRF/lawService.do?OC=virtual.esq&target=prec&ID=236037&type=HTML&mobileYn=,2026-09-19 21:38:17.313735,,,
219605,대행계약해지등처분취소,2019두60394,2020-11-12,2020,11,4,대법원,대법원,일반행정,판결,계약,law.go.kr,/DRF/lawService.do?OC=virtual.esq&target=prec&ID=219605&type=HTML&mobileYn=,2026-09-19 21:38:17.313735,,,
332676,이 사안은 매도인이 선의인 계약명의신탁에 해당하여 명의수탁자인 피고는 신탁자를 대위한 원고에게 매매대금인 37억 원을 반환할 의무가 있음,서울고등법원-2019-나-2008106,2020-11-10,2020,11,4,,지방/기타,민사,,계약,law.go.kr,/DRF/lawService.do?OC=virtual.esq&target=prec&ID=332676&type=HTML&mobileYn=,2026-09-19 21:38:17.313735,,,
336682,베트남에 둔 고정사업자이 결손인 경우 납부한 외국인계약자세 등 이윤세가 외국납부세액공제 대상에 해당하는지,대구고등법원-2019-누-3613,2020-11-06,2020,11,4,,지방/기타,일반행정,,계약,law.go.kr,/DRF/lawService.do?OC=virtual.esq&target=prec&ID=336682&type=HTML&mobileYn=,2026-09-19 21:38:17.313735,,,
326296,채무초과 상태에서 이 사건 매매계약을 체결하여 이 사건 부동산 중 일부 지분을 매도한 것은 일반채권자들을 해하는 사해행위에 해당함,안양지원-2019-가단-121078,2020-11-06,2020,11,4,,지방/기타,민사,,계약,law.go.kr,/DRF/lawService.do?OC=virtual.esq&target=prec&ID=326296&type=HTML&mobileYn=,2026-09-19 21:38:17.313735,,,
337986,베트남에 둔 고정사업자이 결손인 경우 납부한 외국인계약자세 등 이윤세가 외국납부세액공제 대상에 해당하는지,대구고등법원-2019-누-3620,2020-11-06,2020,11,4,,지방/기타,일반행정,,계약,law.go.kr,/DRF/lawService.do?OC=virtual.esq&target=prec&ID=337986&type=HTML&mobileYn=,2026-09-19 21:38:17.313735,,,
330750,체납자와 피고 사이에 체결한 부동산 매매계약 및 매매예약은 사해행위로서 취소되어야 함,서울동부지방법원-2019-가합-108204,2020-11-05,2020,11,4,,지방/기타,민사,,계약,law.go.kr,/DRF/lawService.do?OC=virtual.esq&target=prec&ID=330750&type=HTML&mobileYn=,2026-09-19 21:38:17.313735,,,
332162,(심리불속행) 계약의 해지 등에 따라 공급가액이 차감되는 경우에 해당한다고 볼 수 없음,대법원-2020-두-44893,2020-11-05,2020,11,4,,지방/기타,일반행정,,계약,law.go.kr,/DRF/lawService.do?OC=virtual.esq&target=prec&ID=332162&type=HTML&mobileYn=,2026-09-19 21:38:17.313735,,,
331340,(심리불속행) 증여계약 중 일부는 사해행위에 해당하여 취소되어야 함,대법원-2020-다-249073,2020-10-29,2020,10,4,,지방/기타,민사,,계약,law.go.kr,/DRF/lawService.do?OC=virtual.esq&target=prec&ID=331340&type=HTML&mobileYn=,2026-09-19 21:38:17.313735,,,
424140,임대차 계약을 체결하였으나 사실상 임차기업을 관리·감독하면서 창업중소기업의 목적사업에 계속 사용한 경우 기 감면된 취득세 추징대상에 해당하는지 여부,2020두44169,2020-10-29,2020,10,4,대법원,대법원,일반행정,처분청 패소,계약,law.go.kr,/DRF/lawService.do?OC=virtual.esq&target=prec&ID=424140&type=HTML&mobileYn=,2026-09-19 21:38:17.313735,,,
227869,보험계약존재확인의소,2019다267020,2020-10-29,2020,10,4,대법원,대법원,민사,판결,계약,law.go.kr,/DRF/lawService.do?OC=virtual.esq&target=prec&ID=227869&type=HTML&mobileYn=,2026-09-19 21:38:17.313735,,,
332122,체결된 별지1 목록 기재 부동산에 관하여 체결된 매매예약계약은 사해행위에 해당하므로 피고는 말소등기절차를 이행하여야 함,서울서부지방법원-2019-가합-39607,2020-10-28,2020,10,4,,지방/기타,민사,,계약,law.go.kr,/DRF/lawService.do?OC=virtual.esq&target=prec&ID=332122&type=HTML&mobileYn=,2026-09-19 21:38:17.313735,,,
326800,소유권유보부 매매계약 여부 및 손해배상의무,서울중앙지방법원-2020-가합-531852,2020-10-23,2020,10,4,,지방/기타,민사,,계약,law.go.kr,/DRF/lawService.do?OC=virtual.esq&target=prec&ID=326800&type=HTML&mobileYn=,2026-09-19 21:38:17.313735,,,
334666,원고가 신고 당시 제출한 취득계약서가 사실과 다르게 작성된 다운계약서로 사후 작성된 영수증을 근거로 취득가액을 증액할 수 있는지 여부,서울행정법원-2018-구단-76210,2020-10-21,2020,10,4,,지방/기타,일반행정,,계약,law.go.kr,/DRF/lawService.do?OC=virtual.esq&target=prec&ID=334666&type=HTML&mobileYn=,2026-09-19 21:38:17.313735,,,
330334,원고가 국외여행계약에 따라 제공한 용역은 여행용역이 아닌 여행알선용역으로서 영세율 적용대상에 해당하지 아니함,대법원-2020-두-43531,2020-10-15,2020,10,4,,지방/기타,일반행정,,계약,law.go.kr,/DRF/lawService.do?OC=virtual.esq&target=prec&ID=330334&type=HTML&mobileYn=,2026-09-19 21:38:17.313735,,,
335382,(심리불속행)검인계약서 내용과 달리 실제 취득가액이 ??원이라는 원고의 주장은 이유 없음,대법원-2020-두-41771,2020-10-15,2020,10,4,,지방/기타,일반행정,,계약,law.go.kr,/DRF/lawService.do?OC=virtual.esq&target=prec&ID=335382&type=HTML&mobileYn=,2026-09-19 21:38:17.313735,,,
331288,"원고의 사해행위취소 청구를 일부 인정하여, 피고와 ㅇㅇㅇ 사이의 일부 현금증여 계약을 취소하고, 피고는 원고에게 쟁점금액 일부를 지급할 것",서울중앙지방법원-2019-가단-5070991,2020-10-14,2020,10,4,,지방/기타,민사,,계약,law.go.kr,/DRF/lawService.do?OC=virtual.esq&target=prec&ID=331288&type=HTML&mobileYn=,2026-09-19 21:38:17.313735,,,
327298,양수인이 양도인의 최초 부동산 매매 계약을 해지하기 위해 지급한 계약해지금은 양도가액에 포함됨,대전고등법원-2020-누-11099,2020-09-25,2020,9,3,,지방/기타,일반행정,,계약,law.go.kr,/DRF/lawService.do?OC=virtual.esq&target=prec&ID=327298&type=HTML&mobileYn=,2026-09-19 21:38:17.313735,,,
323288,(심리불속행) 체납자가 부동산 증여계약 및 소유권이전등기를 마쳐 줌으로써 체납자의 채무초과상태를 초래하는 경우 사해행위에 해당함,대법원-2020-다-234903,2020-09-24,2020,9,3,,지방/기타,민사,,계약,law.go.kr,/DRF/lawService.do?OC=virtual.esq&target=prec&ID=323288&type=HTML&mobileYn=,2026-09-19 21:38:17.313735,,,
323434,채무초과 상태에서 이 사건 매매계약을 체결하였고 피고들의 악의는 추정되므로 사해행위에 해당,대법원-2020-다-238158,2020-09-24,2020,9,3,,지방/기타,민사,,계약,law.go.kr,/DRF/lawService.do?OC=virtual.esq&target=prec&ID=323434&type=HTML&mobileYn=,2026-09-19 21:38:17.313735,,,
327320,(심리불속행)용역계약서에 따른 용역제공의 대가를 지급하고 수취한 세금계산서인지 여부 및 부과제척기간,대법원-2020-두-40242,2020-09-24,2020,9,3,,지방/기타,일반행정,,계약,law.go.kr,/DRF/lawService.do?OC=virtual.esq&target=prec&ID=327320&type=HTML&mobileYn=,2026-09-19 21:38:17.313735,,,
332052,원고가 국외여행계약에 따라 제공한 용역은 여행용역이 아닌 여행알선용역으로서 영세율 적용대상에 해당하지 아니함,서울고등법원-2019-누-51330,2020-09-23,2020,9,3,,지방/기타,일반행정,,계약,law.go.kr,/DRF/lawService.do?OC=virtual.esq&target=prec&ID=332052&type=HTML&mobileYn=,2026-09-19 21:38:17.313735,,,
332380,민사소송에서 기존 협의매매계약 착오취소 후 강제조정결정을 통하여 추가 보상금을 수령한 경우 양도소득의 귀속시기는 강제조정결정이 확정된 때임,서울행정법원-2019-구단-65446,2020-09-22,2020,9,3,,지방/기타,일반행정,,계약,law.go.kr,/DRF/lawService.do?OC=virtual.esq&target=prec&ID=332380&type=HTML&mobileYn=,2026-09-19 21:38:17.313735,,,
323788,검인계약서는 특별한 사정이 없는 한 당사자 사이의 매매계약 내용대로 작성되었다고 추정됨,부산지방법원-2019-구합-25002,2020-09-10,2020,9,3,,지방/기타,일반행정,,계약,law.go.kr,/DRF/lawService.do?OC=virtual.esq&target=prec&ID=323788&type=HTML&mobileYn=,2026-09-19 21:38:17.313735,,,
327140,이 사건의 실지거래가액은 대금지급 내역과 일치하는 기본계약서 상 매매가액임,전주지방법원-2017-구단-671,2020-09-09,2020,9,3,,지방/기타,일반행정,,계약,law.go.kr,/DRF/lawService.do?OC=virtual.esq&target=prec&ID=327140&type=HTML&mobileYn=,2026-09-19 21:38:17.313735,,,
334662,양도소득세 계산시 취득시 계약서가 사후 작성되는 등 취득가액이 불분명한 경우 실지거래가액인 필요경비에 해당하지 않음,창원지방법원-2019-구단-12259,2020-09-09,2020,9,3,,지방/기타,일반행정,,계약,law.go.kr,/DRF/lawService.do?OC=virtual.esq&target=prec&ID=334662&type=HTML&mobileYn=,2026-09-19 21:38:17.313735,,,
327326,교환계약에 따른 양도에서 양도가액이 확인되지 않는 단순 교환거래일 때 양도가액과 취득가액을 기준시가로 산정하는 것이 적절한지 여부,광주고등법원(제주)-2020-누-1072,2020-09-09,2020,9,3,,지방/기타,일반행정,,계약,law.go.kr,/DRF/lawService.do?OC=virtual.esq&target=prec&ID=327326&type=HTML&mobileYn=,2026-09-19 21:38:17.313735,,,
331552,피고와 소외인 사이의 별지 기재 목록 부동산에 관한 매매계약은 사해행위에 해당함,경주지원-2020-가단-12502,2020-09-08,2020,9,3,,지방/기타,민사,,계약,law.go.kr,/DRF/lawService.do?OC=virtual.esq&target=prec&ID=331552&type=HTML&mobileYn=,2026-09-19 21:38:17.313735,,,
326232,매입세액을 포함하여 사업용자산을 포괄양수하는 계약을 한 후 분양계약이 취소되었을 경우 납세의무자는 양수자임[국승],대법원-2017-두-49157,2020-09-03,2020,9,3,,지방/기타,일반행정,,계약,law.go.kr,/DRF/lawService.do?OC=virtual.esq&target=prec&ID=326232&type=HTML&mobileYn=,2026-09-19 21:38:17.313735,,,
327274,"이 사건 부동산을 증여한 행위는 사해행위에 해당하므로, 2018. 4. 10. 체결한 증여계약은 취소되어야 함",서울남부지방법원-2020-가단-221512,2020-09-01,2020,9,3,,지방/기타,민사,,계약,law.go.kr,/DRF/lawService.do?OC=virtual.esq&target=prec&ID=327274&type=HTML&mobileYn=,2026-09-19 21:38:17.313735,,,
330528,"계약에 따라 원고의 지분 중 일부가 실제 이전되었다고 보기 어려우므로, 지분의 감소를 이유로 한 경정청구 거부처분은 타당함",서울행정법원-2019-구합-81636,2020-08-28,2020,8,3,,지방/기타,일반행정,,계약,law.go.kr,/DRF/lawService.do?OC=virtual.esq&target=prec&ID=330528&type=HTML&mobileYn=,2026-09-19 21:38:17.314734,,,
329168,체납자가 거래처에 양도한 것은 소유권이전등기청구권이 아니라 신탁계약상 수익권임,동부지원-2017-가합-103435,2020-08-26,2020,8,3,,지방/기타,민사,,계약,law.go.kr,/DRF/lawService.do?OC=virtual.esq&target=prec&ID=329168&type=HTML&mobileYn=,2026-09-19 21:38:17.314734,,,
332882,사용계약에 따른 사용료를 지급하였다고 인정하기에 부족함,부산고등법원-2020-누-20378,2020-08-21,2020,8,3,,지방/기타,일반행정,,계약,law.go.kr,/DRF/lawService.do?OC=virtual.esq&target=prec&ID=332882&type=HTML&mobileYn=,2026-09-19 21:38:17.314734,,,
327886,쟁점 매매계약이 사해행위에 해당하는지 여부,대법원-2020-다-228793,2020-08-20,2020,8,3,,지방/기타,민사,,계약,law.go.kr,/DRF/lawService.do?OC=virtual.esq&target=prec&ID=327886&type=HTML&mobileYn=,2026-09-19 21:38:17.314734,,,
326018,체납자가 채무초과상태에서 피고에게 아파트를 증여한 계약은 사해행위취소에 해당,대구지방법원-2019-가단-148720,2020-08-20,2020,8,3,,지방/기타,민사,,계약,law.go.kr,/DRF/lawService.do?OC=virtual.esq&target=prec&ID=326018&type=HTML&mobileYn=,2026-09-19 21:38:17.314734,,,
335192,시행사와 체결한 아파트 공사도급계약에 분양대행계약도 포함되어 있다고 보아 과세한 당초처분은 적법함,의정부지방법원-2018-구합-16890,2020-08-20,2020,8,3,,지방/기타,일반행정,,계약,law.go.kr,/DRF/lawService.do?OC=virtual.esq&target=prec&ID=335192&type=HTML&mobileYn=,2026-09-19 21:38:17.314734,,,
336382,부동산 양도계약의 해제에 따른 계약금은 위약금으로 기타소득에 해당함,수원고등법원-2019-누-12995,2020-08-19,2020,8,3,,지방/기타,일반행정,,계약,law.go.kr,/DRF/lawService.do?OC=virtual.esq&target=prec&ID=336382&type=HTML&mobileYn=,2026-09-19 21:38:17.314734,,,
325922,증여계약이 사해행위취소의 대상이 되는지 여부,서울북부지방법원-2020-가합-21866,2020-08-19,2020,8,3,,지방/기타,민사,,계약,law.go.kr,/DRF/lawService.do?OC=virtual.esq&target=prec&ID=325922&type=HTML&mobileYn=,2026-09-19 21:38:17.314734,,,
334956,현금증여 계약의 성립 여부,서울고등법원-2020-나-2002111,2020-08-19,2020,8,3,,지방/기타,민사,,계약,law.go.kr,/DRF/lawService.do?OC=virtual.esq&target=prec&ID=334956&type=HTML&mobileYn=,2026-09-19 21:38:17.314734,,,
330418,체결된 별지 목록 기재 부동산에 관한 증여계약 등은 사해행위에 해당하므로 이를 취소하고 피고는 가액배상하여야 함,서울중앙지방법원-2019-가단-5262486,2020-08-19,2020,8,3,,지방/기타,민사,,계약,law.go.kr,/DRF/lawService.do?OC=virtual.esq&target=prec&ID=330418&type=HTML&mobileYn=,2026-09-19 21:38:17.314734,,,
331700,무변론판결에 의한 사해행위취소소송으로 이 사건 증여계약은 사해행위에 해당함,울산지방법원-2020-가단-111986,2020-08-18,2020,8,3,,지방/기타,민사,,계약,law.go.kr,/DRF/lawService.do?OC=virtual.esq&target=prec&ID=331700&type=HTML&mobileYn=,2026-09-19 21:38:17.314734,,,
330798,체결된 별지목록기재 부동산에 관하여 체결된 매매계약의 사해행위취소,서울서부지방법원-2019-가단-219239,2020-08-18,2020,8,3,,지방/기타,민사,,계약,law.go.kr,/DRF/lawService.do?OC=virtual.esq&target=prec&ID=330798&type=HTML&mobileYn=,2026-09-19 21:38:17.314734,,,
325806,별지 목록 기재 부동산에 관하여 체결된 증여계약은 사해행위에 해당함,경주지원-2020-가단-11721,2020-08-18,2020,8,3,,지방/기타,민사,,계약,law.go.kr,/DRF/lawService.do?OC=virtual.esq&target=prec&ID=325806&type=HTML&mobileYn=,2026-09-19 21:38:17.314734,,,
331600,이 사건 토지의 증여행위는 사해행위에 해당하므로 증여계약을 취소하고 원고에게 가액을 배상하여야 함,동부지원-2018-가단-215000,2020-08-18,2020,8,3,,지방/기타,민사,,계약,law.go.kr,/DRF/lawService.do?OC=virtual.esq&target=prec&ID=331600&type=HTML&mobileYn=,2026-09-19 21:38:17.314734,,,
328754,특별조치법에 따른 소유권이전등기 시 등기원인이 된 매매계약의 대금청산여부에 까지 그 추정력이 미치지는 여부,수원지방법원-2020-구단-6857,2020-08-14,2020,8,3,,지방/기타,일반행정,,계약,law.go.kr,/DRF/lawService.do?OC=virtual.esq&target=prec&ID=328754&type=HTML&mobileYn=,2026-09-19 21:38:17.314734,,,
334390,원고가 옵션계약에 따라 프리미엄 지급한 비용은 손금에 산입될 수 있음,서울행정법원-2019-구합-82141,2020-08-13,2020,8,3,,지방/기타,일반행정,,계약,law.go.kr,/DRF/lawService.do?OC=virtual.esq&target=prec&ID=334390&type=HTML&mobileYn=,2026-09-19 21:38:17.314734,,,
343458,이 사건 강제조정이 확정된때에 각 토지에 관한 새로운 매매계약이 체결되었다고 봄이 타당,수원지방법원-2019-구합-68610,2020-08-13,2020,8,3,,지방/기타,일반행정,,계약,law.go.kr,/DRF/lawService.do?OC=virtual.esq&target=prec&ID=343458&type=HTML&mobileYn=,2026-09-19 21:38:17.314734,,,
338014,"이 사건 계약의 법적 형식 뿐 아니라 그 실질 역시‘현물출자’이고, 이 사건 부동산의 가액은 감정평가법인이 감정한 평가액으로 봄이 타당하다.",부산고등법원-2020-누-20491,2020-07-24,2020,7,3,,지방/기타,일반행정,,계약,law.go.kr,/DRF/lawService.do?OC=virtual.esq&target=prec&ID=338014&type=HTML&mobileYn=,2026-09-19 21:38:17.314734,,,
226463,손해배상(기)[가맹계약갱신요구기간 경과 후 갱신거절 관련 불공정거래행위 성립 여부 사건],2019다289495,2020-07-23,2020,7,3,대법원,대법원,민사,판결,계약,law.go.kr,/DRF/lawService.do?OC=virtual.esq&target=prec&ID=226463&type=HTML&mobileYn=,2026-09-19 21:38:17.314734,,,
327672,체납자와 배우자 사이의 금원 증여계약은 사해행위에 해당함,창원지방법원-2019-가합-53627,2020-07-23,2020,7,3,,지방/기타,민사,,계약,law.go.kr,/DRF/lawService.do?OC=virtual.esq&target=prec&ID=327672&type=HTML&mobileYn=,2026-09-19 21:38:17.314734,,,
623009,(심리불속행) 법원의 판결으로 확정된 손해배상금 무신고에 대하여 부과체적기간 15년을 적용하는 것이 타당함,대법원-2026-두-30803,2026-08-03,2026,8,3,,지방/기타,일반행정,,손해배상,law.go.kr,/DRF/lawService.do?OC=virtual.esq&target=prec&ID=623009&type=HTML&mobileYn=,2026-09-19 21:38:17.321894,,,
623839,채무부존재확인·부정경쟁행위금지및손해배상,2023다290355,2026-07-09,2026,7,3,대법원,대법원,민사,판결,손해배상,law.go.kr,/DRF/lawService.do?OC=virtual.esq&target=prec&ID=623839&type=HTML&mobileYn=,2026-09-19 21:38:17.322390,,,
622997,손해배상 청구의 적정 여부,상주지원-2025-가단-5844,2026-06-30,2026,6,2,,지방/기타,민사,,손해배상,law.go.kr,/DRF/lawService.do?OC=virtual.esq&target=prec&ID=622997&type=HTML&mobileYn=,2026-09-19 21:38:17.322390,,,
622961,손해배상(기),2025다220404,2026-06-25,2026,6,2,대법원,대법원,민사,판결,손해배상,law.go.kr,/DRF/lawService.do?OC=virtual.esq&target=prec&ID=622961&type=HTML&mobileYn=,2026-09-19 21:38:17.322390,,,
622611,가공 세금계산서 발급행위에 따른 손해배상채권 대위행사,목포지원-2026-가소-70082,2026-06-25,2026,6,2,,지방/기타,민사,,손해배상,law.go.kr,/DRF/lawService.do?OC=virtual.esq&target=prec&ID=622611&type=HTML&mobileYn=,2026-09-19 21:38:17.322390,,,
624003,손해배상(기),2025나10110,2026-06-05,2026,6,2,서울중앙지방법원,지방/기타,민사,판결 : 확정,손해배상,law.go.kr,/DRF/lawService.do?OC=virtual.esq&target=prec&ID=624003&type=HTML&mobileYn=,2026-09-19 21:38:17.322390,,,
619677,(심리불속행)국세징수법상 공매통지 주의의무 위반에 따라 채권의 근질권자가 배당을 받지 못하여 손해가 발생하였다면 대한민국은 손해배상의무가 있음,대법원-2026-다-202559,2026-06-05,2026,6,2,,지방/기타,민사,,손해배상,law.go.kr,/DRF/lawService.do?OC=virtual.esq&target=prec&ID=619677&type=HTML&mobileYn=,2026-09-19 21:38:17.322390,,,
622259,"손해배상(기)[지방자치단체가 다함께돌봄센터를 설치하여 민간단체에 운영을 위탁한 경우, 민간단체에 고용된 돌봄교사의 불법행위에 대하여 지방자치단체의 사용자책임이 인정되는지 여부가 문제 된 사건]",2025다219520,2026-05-29,2026,5,2,대법원,대법원,민사,판결,손해배상,law.go.kr,/DRF/lawService.do?OC=virtual.esq&target=prec&ID=622259&type=HTML&mobileYn=,2026-09-19 21:38:17.322390,,,
624005,손해배상(기),2025나10523,2026-05-20,2026,5,2,서울중앙지방법원,지방/기타,민사,판결 : 확정,손해배상,law.go.kr,/DRF/lawService.do?OC=virtual.esq&target=prec&ID=624005&type=HTML&mobileYn=,2026-09-19 21:38:17.322390,,,
621987,"손해배상(기)[쌍방과실로 교통사고 발생 시 자기차량손해보험 피보험자가 차량수리비 중 자기부담금 상당액을 보상받지 못하였는데, 상대차량의 보험자를 상대로 자기부담금 상당의 손해배상을 청구한 사건]",2023다228244,2026-05-14,2026,5,2,대법원,대법원,민사,판결,손해배상,law.go.kr,/DRF/lawService.do?OC=virtual.esq&target=prec&ID=621987&type=HTML&mobileYn=,2026-09-19 21:38:17.322390,,,
621985,손해배상(국),2025다220651,2026-05-08,2026,5,2,대법원,대법원,민사,판결,손해배상,law.go.kr,/DRF/lawService.do?OC=virtual.esq&target=prec&ID=621985&type=HTML&mobileYn=,2026-09-19 21:38:17.322390,,,
620421,손해배상(기)[통신비밀보호법 및 「정보통신망 이용촉진 및 정보보호 등에 관한 법률」 위반 행위를 통해 수집한 증거의 민사소송상 증거능력 유무가 문제 된 사건],2024다222212,2026-04-30,2026,4,2,대법원,대법원,민사,판결,손해배상,law.go.kr,/DRF/lawService.do?OC=virtual.esq&target=prec&ID=620421&type=HTML&mobileYn=,2026-09-19 21:38:17.322390,,,
620379,피고 소속 공무원에게 고의 또는 과실이 있음을 전제로 한 원고의 손해배상 청구는 부적합함,고양지원-2025-가소-1343,2026-04-22,2026,4,2,,지방/기타,민사,,손해배상,law.go.kr,/DRF/lawService.do?OC=virtual.esq&target=prec&ID=620379&type=HTML&mobileYn=,2026-09-19 21:38:17.322390,,,
619429,"구상금[음주운전 교통사고에서 음주운전을 한 공동불법행위자 중 1인을 피보험자로 하는 자동차종합보험회사인 원고가 사망한 피해자의 상속인들에게 손해를 전부 배상한 후 다른 공동불법행위자를 피보험자로 하는 자동차종합보험회사인 피고를 상대로 공동면책에 따른 구상권을 행사하여 과실비율 상당액의 지급을 구하자, 이에 대하여 피고가 공동불법행위자 중 1인이 원고에 대하여 부담하는 사고부담금의 공제를 주장하는 사건]",2025다211106,2026-04-09,2026,4,2,대법원,대법원,민사,판결,손해배상,law.go.kr,/DRF/lawService.do?OC=virtual.esq&target=prec&ID=619429&type=HTML&mobileYn=,2026-09-19 21:38:17.322390,,,
619575,1심에서 제출하여 국가가 손해배상한 피의자신문조서를 2심에서 재언급한 것은 국가배상책임 대상이 아님,서울중앙지방법원-2025-나-9897,2026-04-03,2026,4,2,,지방/기타,민사,,손해배상,law.go.kr,/DRF/lawService.do?OC=virtual.esq&target=prec&ID=619575&type=HTML&mobileYn=,2026-09-19 21:38:17.322390,,,
618665,손해배상(기)[한정승인자가 가등기권자에게 본등기의무를 이행한 것이 부당변제에 해당하는지 여부가 문제 된 사건],2023다267355,2026-04-02,2026,4,2,대법원,대법원,민사,판결,손해배상,law.go.kr,/DRF/lawService.do?OC=virtual.esq&target=prec&ID=618665&type=HTML&mobileYn=,2026-09-19 21:38:17.322390,,,
619939,피고들의 횡령으로 인하여 원고에게 발생한 손해가 인정되므로 손해배상책임이 인정됨,서울고등법원-2025-나-205943,2026-03-27,2026,3,1,,지방/기타,민사,,손해배상,law.go.kr,/DRF/lawService.do?OC=virtual.esq&target=prec&ID=619939&type=HTML&mobileYn=,2026-09-19 21:38:17.322390,,,
618427,법원의 판결으로 확정된 손해배상금 무신고에 대하여 부과체적기간 15년을 적용하는 것이 타당함,서울고등법원-2024-누-56537,2026-03-26,2026,3,1,,지방/기타,일반행정,,손해배상,law.go.kr,/DRF/lawService.do?OC=virtual.esq&target=prec&ID=618427&type=HTML&mobileYn=,2026-09-19 21:38:17.322390,,,
618533,"부당이득금[주택재개발정비사업조합이 정비사업구역 내 부동산의 소유자가 수용재결 및 손실보상금 등 공탁 후에도 부동산의 인도를 지체하자, 위 소유자를 상대로 부동산 불법점유를 이유로 한 차임 상당의 손해배상과 정비사업 지연을 이유로 한 추가 금융비용 상당의 손해배상을 구한 사건]",2025다217883,2026-03-12,2026,3,1,대법원,대법원,민사,판결,손해배상,law.go.kr,/DRF/lawService.do?OC=virtual.esq&target=prec&ID=618533&type=HTML&mobileYn=,2026-09-19 21:38:17.322390,,,
618507,손해배상(기)[시각장애인들이 웹사이트에 대한 대체 텍스트의 제공 및 손해배상을 구하는 사건],2023다255130,2026-03-12,2026,3,1,대법원,대법원,민사,판결,손해배상,law.go.kr,/DRF/lawService.do?OC=virtual.esq&target=prec&ID=618507&type=HTML&mobileYn=,2026-09-19 21:38:17.322390,,,
618645,세무서장의 이중공매로 인해 손해를 입은 자에게 국가는 배상책임이 있음,영덕지원-2025-가단-10162,2026-03-03,2026,3,1,,지방/기타,민사,,손해배상,law.go.kr,/DRF/lawService.do?OC=virtual.esq&target=prec&ID=618645&type=HTML&mobileYn=,2026-09-19 21:38:17.322390,,,
618155,손해배상(기)[저작권 침해를 원인으로 하는 손해배상 및 침해금지 등을 구하는 사건],2024다228661,2026-02-26,2026,2,1,대법원,대법원,민사,판결,손해배상,law.go.kr,/DRF/lawService.do?OC=virtual.esq&target=prec&ID=618155&type=HTML&mobileYn=,2026-09-19 21:38:17.322390,,,
618175,권리행사최고및담보취소[부당 가압류로 인한 손해배상소송의 소송비용이 가압류결정에 대한 담보공탁금이 담보하는 손해의 범위에 포함되는지가 문제 된 사건],2025마8671,2026-02-26,2026,2,1,대법원,대법원,민사,결정,손해배상,law.go.kr,/DRF/lawService.do?OC=virtual.esq&target=prec&ID=618175&type=HTML&mobileYn=,2026-09-19 21:38:17.322390,,,
621137,"이 사건 손해배상금은 근로소득, 기타소득에 해당하지 않음",서울고등법원-2025-나-208853,2026-02-12,2026,2,1,,지방/기타,민사,,손해배상,law.go.kr,/DRF/lawService.do?OC=virtual.esq&target=prec&ID=621137&type=HTML&mobileYn=,2026-09-19 21:38:17.322390,,,
617169,추심금[제3채무자가 민사집행법 제248조 제3항에 따른 공탁의무를 위반한 경우 공탁청구를 한 채권자에 대하여 불법행위 손해배상책임을 부담하는지 문제된 사건],2023다249449,2026-02-12,2026,2,1,대법원,대법원,민사,판결,손해배상,law.go.kr,/DRF/lawService.do?OC=virtual.esq&target=prec&ID=617169&type=HTML&mobileYn=,2026-09-19 21:38:17.322890,,,
617163,손해배상(기)·손해배상(기)[출판물이 5·18민주화운동과 관련된 허위사실을 적시하고 있다는 등의 이유로 관련 단체 등이 손해배상 및 출판 등 금지를 청구한 사건],2022다284711,2026-02-12,2026,2,1,대법원,대법원,민사,판결,손해배상,law.go.kr,/DRF/lawService.do?OC=virtual.esq&target=prec&ID=617163&type=HTML&mobileYn=,2026-09-19 21:38:17.322890,,,
618569,부당이득금·손해배상등,2024가합22393,2026-02-12,2026,2,1,서울북부지방법원,지방/기타,민사,판결 : 확정,손해배상,law.go.kr,/DRF/lawService.do?OC=virtual.esq&target=prec&ID=618569&type=HTML&mobileYn=,2026-09-19 21:38:17.322890,,,
617161,손해배상(기)[조합에 대하여 손해배상책임을 지는 조합원에게 조합관계 종료 후 다른 조합원이 잔여재산으로서 그 손해배상채권에 관한 분배를 청구하는 경우 분배비율의 산정이 문제 된 사건],2024다295135,2026-02-12,2026,2,1,대법원,대법원,민사,판결,손해배상,law.go.kr,/DRF/lawService.do?OC=virtual.esq&target=prec&ID=617161&type=HTML&mobileYn=,2026-09-19 21:38:17.322890,,,
616249,손해배상(기),2022다287284,2026-01-29,2026,1,1,대법원,대법원,민사,판결,손해배상,law.go.kr,/DRF/lawService.do?OC=virtual.esq&target=prec&ID=616249&type=HTML&mobileYn=,2026-09-19 21:38:17.322890,,,
616527,손해배상(국),2023다285162,2026-01-22,2026,1,1,대법원,대법원,민사,전원합의체 판결,손해배상,law.go.kr,/DRF/lawService.do?OC=virtual.esq&target=prec&ID=616527&type=HTML&mobileYn=,2026-09-19 21:38:17.322890,,,
616779,체납법인이 허위세금계산서 수취로 조세범처벌을 받은 대표자에 대하여 가지는 손해배상채권을 대위행사함,울산지방법원-2025-가합-10560,2026-01-21,2026,1,1,,지방/기타,민사,,손해배상,law.go.kr,/DRF/lawService.do?OC=virtual.esq&target=prec&ID=616779&type=HTML&mobileYn=,2026-09-19 21:38:17.322890,,,
615973,손해배상청구의소·손해배상청구의소,2025다211537,2026-01-08,2026,1,1,대법원,대법원,민사,판결,손해배상,law.go.kr,/DRF/lawService.do?OC=virtual.esq&target=prec&ID=615973&type=HTML&mobileYn=,2026-09-19 21:38:17.322890,,,
615951,근저당권말소·손해배상청구의소,2025다210092,2026-01-08,2026,1,1,대법원,대법원,민사,판결,손해배상,law.go.kr,/DRF/lawService.do?OC=virtual.esq&target=prec&ID=615951&type=HTML&mobileYn=,2026-09-19 21:38:17.322890,,,
622235,징벌적손해배상,2025나11545,2025-12-17,2025,12,4,수원고등법원,고등법원,민사,판결 : 확정,손해배상,law.go.kr,/DRF/lawService.do?OC=virtual.esq&target=prec&ID=622235&type=HTML&mobileYn=,2026-09-19 21:38:17.322890,,,
614371,손해배상(기),2025다211430,2025-12-11,2025,12,4,대법원,대법원,민사,판결,손해배상,law.go.kr,/DRF/lawService.do?OC=virtual.esq&target=prec&ID=614371&type=HTML&mobileYn=,2026-09-19 21:38:17.322890,,,
614341,손해배상(기),2025다212863,2025-12-11,2025,12,4,대법원,대법원,민사,판결,손해배상,law.go.kr,/DRF/lawService.do?OC=virtual.esq&target=prec&ID=614341&type=HTML&mobileYn=,2026-09-19 21:38:17.322890,,,
614049,손해배상(기),2025다216025,2025-12-11,2025,12,4,대법원,대법원,민사,판결,손해배상,law.go.kr,/DRF/lawService.do?OC=virtual.esq&target=prec&ID=614049&type=HTML&mobileYn=,2026-09-19 21:38:17.322890,,,
621189,담당공무원 전화상담과 손해배상책임,대전지방법원-2025-가단-206557,2025-12-10,2025,12,4,,지방/기타,일반행정,,손해배상,law.go.kr,/DRF/lawService.do?OC=virtual.esq&target=prec&ID=621189&type=HTML&mobileYn=,2026-09-19 21:38:17.322890,,,
613235,손해배상(기),2023다311184,2025-12-04,2025,12,4,대법원,대법원,민사,판결,손해배상,law.go.kr,/DRF/lawService.do?OC=virtual.esq&target=prec&ID=613235&type=HTML&mobileYn=,2026-09-19 21:38:17.322890,,,
613237,손해배상(기),2023다271798,2025-12-04,2025,12,4,대법원,대법원,민사,판결,손해배상,law.go.kr,/DRF/lawService.do?OC=virtual.esq&target=prec&ID=613237&type=HTML&mobileYn=,2026-09-19 21:38:17.322890,,,
622343,손해배상(국),2025나6013,2025-12-03,2025,12,4,서울중앙지방법원,지방/기타,민사,판결,손해배상,law.go.kr,/DRF/lawService.do?OC=virtual.esq&target=prec&ID=622343&type=HTML&mobileYn=,2026-09-19 21:38:17.322890,,,
616703,공무원은 직무 수행중 고의과실로 법령을 위반하지 않으면 손해배상책임 없음,서울중앙지방법원-2025-가소-333111,2025-12-02,2025,12,4,,지방/기타,일반행정,,손해배상,law.go.kr,/DRF/lawService.do?OC=virtual.esq&target=prec&ID=616703&type=HTML&mobileYn=,2026-09-19 21:38:17.322890,,,
623987,손해배상(기),2025나51551,2025-11-27,2025,11,4,서울남부지방법원,지방/기타,민사,판결,손해배상,law.go.kr,/DRF/lawService.do?OC=virtual.esq&target=prec&ID=623987&type=HTML&mobileYn=,2026-09-19 21:38:17.322890,,,
623167,손해배상(기),2025다213717,2025-11-20,2025,11,4,대법원,대법원,민사,판결,손해배상,law.go.kr,/DRF/lawService.do?OC=virtual.esq&target=prec&ID=623167&type=HTML&mobileYn=,2026-09-19 21:38:17.322890,,,
613161,건물인도·손해배상(기),2024다305605,2025-11-20,2025,11,4,대법원,대법원,민사,판결,손해배상,law.go.kr,/DRF/lawService.do?OC=virtual.esq&target=prec&ID=613161&type=HTML&mobileYn=,2026-09-19 21:38:17.322890,,,
613253,채무부존재확인·손해배상청구의소,2025다209941,2025-11-20,2025,11,4,대법원,대법원,민사,판결,손해배상,law.go.kr,/DRF/lawService.do?OC=virtual.esq&target=prec&ID=613253&type=HTML&mobileYn=,2026-09-19 21:38:17.322890,,,
622095,손해배상(기),2025다210098,2025-11-13,2025,11,4,대법원,대법원,민사,판결,손해배상,law.go.kr,/DRF/lawService.do?OC=virtual.esq&target=prec&ID=622095&type=HTML&mobileYn=,2026-09-19 21:38:17.322890,,,
622093,손해배상(기),2025다213651,2025-11-06,2025,11,4,대법원,대법원,민사,판결,손해배상,law.go.kr,/DRF/lawService.do?OC=virtual.esq&target=prec&ID=622093&type=HTML&mobileYn=,2026-09-19 21:38:17.322890,,,
618153,손해배상(국),2025다212519,2025-10-30,2025,10,4,대법원,대법원,민사,판결,손해배상,law.go.kr,/DRF/lawService.do?OC=virtual.esq&target=prec&ID=618153&type=HTML&mobileYn=,2026-09-19 21:38:17.323389,,,
612985,손해배상(기),2025다212444,2025-10-30,2025,10,4,대법원,대법원,민사,판결,손해배상,law.go.kr,/DRF/lawService.do?OC=virtual.esq&target=prec&ID=612985&type=HTML&mobileYn=,2026-09-19 21:38:17.323389,,,
618217,손해배상(기)·손해배상(기),2025다213919,2025-10-30,2025,10,4,대법원,대법원,민사,판결,손해배상,law.go.kr,/DRF/lawService.do?OC=virtual.esq&target=prec&ID=618217&type=HTML&mobileYn=,2026-09-19 21:38:17.323389,,,
622865,손해배상(기),2025나302562,2025-10-29,2025,10,4,대구지방법원,지방/기타,민사,판결,손해배상,law.go.kr,/DRF/lawService.do?OC=virtual.esq&target=prec&ID=622865&type=HTML&mobileYn=,2026-09-19 21:38:17.323389,,,
613147,손해배상(국),2021가합580165,2025-10-24,2025,10,4,서울중앙지방법원,지방/기타,민사,판결 : 항소,손해배상,law.go.kr,/DRF/lawService.do?OC=virtual.esq&target=prec&ID=613147&type=HTML&mobileYn=,2026-09-19 21:38:17.323389,,,
612987,손해배상(기),2021다252977,2025-10-23,2025,10,4,대법원,대법원,민사,전원합의체 판결,손해배상,law.go.kr,/DRF/lawService.do?OC=virtual.esq&target=prec&ID=612987&type=HTML&mobileYn=,2026-09-19 21:38:17.323389,,,
616253,손해배상(국),2024나2000441,2025-10-17,2025,10,4,서울고등법원,고등법원,민사,판결 : 확정,손해배상,law.go.kr,/DRF/lawService.do?OC=virtual.esq&target=prec&ID=616253&type=HTML&mobileYn=,2026-09-19 21:38:17.323389,,,
612857,손해배상(기),2023다226170,2025-10-16,2025,10,4,대법원,대법원,민사,판결,손해배상,law.go.kr,/DRF/lawService.do?OC=virtual.esq&target=prec&ID=612857&type=HTML&mobileYn=,2026-09-19 21:38:17.323389,,,
612843,방화문성능불량하자등에따른손해배상,2025다211105,2025-10-16,2025,10,4,대법원,대법원,민사,판결,손해배상,law.go.kr,/DRF/lawService.do?OC=virtual.esq&target=prec&ID=612843&type=HTML&mobileYn=,2026-09-19 21:38:17.323389,,,
612859,손해배상(기),2022다212044,2025-10-16,2025,10,4,대법원,대법원,민사,판결,손해배상,law.go.kr,/DRF/lawService.do?OC=virtual.esq&target=prec&ID=612859&type=HTML&mobileYn=,2026-09-19 21:38:17.323389,,,
612853,손해배상,2019다236385,2025-10-16,2025,10,4,대법원,대법원,민사,판결,손해배상,law.go.kr,/DRF/lawService.do?OC=virtual.esq&target=prec&ID=612853&type=HTML&mobileYn=,2026-09-19 21:38:17.323389,,,
618211,손해배상(기),2025다211583,2025-10-16,2025,10,4,대법원,대법원,민사,판결,손해배상,law.go.kr,/DRF/lawService.do?OC=virtual.esq&target=prec&ID=618211&type=HTML&mobileYn=,2026-09-19 21:38:17.323389,,,
612855,손해배상(기),2020다225848,2025-10-16,2025,10,4,대법원,대법원,민사,판결,손해배상,law.go.kr,/DRF/lawService.do?OC=virtual.esq&target=prec&ID=612855&type=HTML&mobileYn=,2026-09-19 21:38:17.323389,,,
612861,손해배상청구의소,2025다204730,2025-10-16,2025,10,4,대법원,대법원,민사,판결,손해배상,law.go.kr,/DRF/lawService.do?OC=virtual.esq&target=prec&ID=612861&type=HTML&mobileYn=,2026-09-19 21:38:17.323389,,,
618157,손해배상등청구의소,2025다207883,2025-09-26,2025,9,3,대법원,대법원,민사,판결,손해배상,law.go.kr,/DRF/lawService.do?OC=virtual.esq&target=prec&ID=618157&type=HTML&mobileYn=,2026-09-19 21:38:17.323389,,,
618209,손해배상(기),2024다294156,2025-09-25,2025,9,3,대법원,대법원,민사,판결,손해배상,law.go.kr,/DRF/lawService.do?OC=virtual.esq&target=prec&ID=618209&type=HTML&mobileYn=,2026-09-19 21:38:17.323389,,,
618215,손해배상(기)·손해배상(기),2025다213314,2025-09-25,2025,9,3,대법원,대법원,민사,판결,손해배상,law.go.kr,/DRF/lawService.do?OC=virtual.esq&target=prec&ID=618215&type=HTML&mobileYn=,2026-09-19 21:38:17.323389,,,
609591,손해배상(기),2025다212464,2025-09-25,2025,9,3,대법원,대법원,민사,판결,손해배상,law.go.kr,/DRF/lawService.do?OC=virtual.esq&target=prec&ID=609591&type=HTML&mobileYn=,2026-09-19 21:38:17.323389,,,
612969,손해배상(기),2024나2062616,2025-09-19,2025,9,3,서울고등법원,고등법원,민사,판결 : 상고,손해배상,law.go.kr,/DRF/lawService.do?OC=virtual.esq&target=prec&ID=612969&type=HTML&mobileYn=,2026-09-19 21:38:17.323389,,,
614605,손해배상(기),2024나2062616,2025-09-19,2025,9,3,서울고등법원,고등법원,민사,판결 : 상고,손해배상,law.go.kr,/DRF/lawService.do?OC=virtual.esq&target=prec&ID=614605&type=HTML&mobileYn=,2026-09-19 21:38:17.323389,,,
609489,손해배상(기)[중도상환수수료가 이자제한법 제4조 제1항에 따른 간주이자에 해당하여 이자제한법상 최고이자율 제한에 관한 규정이 적용되는지 문제된 사건],2023다221885,2025-09-18,2025,9,3,대법원,대법원,민사,전원합의체 판결,손해배상,law.go.kr,/DRF/lawService.do?OC=virtual.esq&target=prec&ID=609489&type=HTML&mobileYn=,2026-09-19 21:38:17.323389,,,
612971,손해배상(기),2021가단5027471,2025-09-16,2025,9,3,서울중앙지방법원,지방/기타,민사,판결 : 확정,손해배상,law.go.kr,/DRF/lawService.do?OC=virtual.esq&target=prec&ID=612971&type=HTML&mobileYn=,2026-09-19 21:38:17.323389,,,
614559,손해배상(기),2021가단5027471,2025-09-16,2025,9,3,서울중앙지방법원,지방/기타,민사,판결 : 확정,손해배상,law.go.kr,/DRF/lawService.do?OC=virtual.esq&target=prec&ID=614559&type=HTML&mobileYn=,2026-09-19 21:38:17.323389,,,
620343,피고가 원고에게 손해배상을 하여야 할 이유가 있는지 여부,서울고등법원-2024-나-2061040,2025-09-12,2025,9,3,,지방/기타,민사,,손해배상,law.go.kr,/DRF/lawService.do?OC=virtual.esq&target=prec&ID=620343&type=HTML&mobileYn=,2026-09-19 21:38:17.323389,,,
618213,손해배상(기),2025므10728,2025-09-11,2025,9,3,대법원,대법원,가사,판결,손해배상,law.go.kr,/DRF/lawService.do?OC=virtual.esq&target=prec&ID=618213&type=HTML&mobileYn=,2026-09-19 21:38:17.323389,,,
618207,손해배상(기),2025다211378,2025-09-11,2025,9,3,대법원,대법원,민사,판결,손해배상,law.go.kr,/DRF/lawService.do?OC=virtual.esq&target=prec&ID=618207&type=HTML&mobileYn=,2026-09-19 21:38:17.323389,,,
617089,수정신고 안내로 인한 손해에 대해 국가 손해배상 의무,대전지방법원-2024-가단-257543,2025-09-10,2025,9,3,,지방/기타,민사,,손해배상,law.go.kr,/DRF/lawService.do?OC=virtual.esq&target=prec&ID=617089&type=HTML&mobileYn=,2026-09-19 21:38:17.323389,,,
618571,손해배상(기),2023나2047788,2025-09-04,2025,9,3,서울고등법원,고등법원,민사,판결 : 상고,손해배상,law.go.kr,/DRF/lawService.do?OC=virtual.esq&target=prec&ID=618571&type=HTML&mobileYn=,2026-09-19 21:38:17.323389,,,
615679,손해배상(기),2025다209756,2025-09-04,2025,9,3,대법원,대법원,민사,판결,손해배상,law.go.kr,/DRF/lawService.do?OC=virtual.esq&target=prec&ID=615679&type=HTML&mobileYn=,2026-09-19 21:38:17.323389,,,
615675,손해배상(기),2024다306820,2025-09-04,2025,9,3,대법원,대법원,민사,판결,손해배상,law.go.kr,/DRF/lawService.do?OC=virtual.esq&target=prec&ID=615675&type=HTML&mobileYn=,2026-09-19 21:38:17.323389,,,
608769,1심에서 제출하여 국가가 손해배상한 피의자신문조서를 2심에서 재언급한 것은 국가배상책임 대상이 아님,서울중앙지방법원-2024-가단-5370541,2025-08-28,2025,8,3,,지방/기타,민사,,손해배상,law.go.kr,/DRF/lawService.do?OC=virtual.esq&target=prec&ID=608769&type=HTML&mobileYn=,2026-09-19 21:38:17.323389,,,
615645,손해배상(기),2023다207834,2025-08-28,2025,8,3,대법원,대법원,민사,판결,손해배상,law.go.kr,/DRF/lawService.do?OC=virtual.esq&target=prec&ID=615645&type=HTML&mobileYn=,2026-09-19 21:38:17.323389,,,
608121,조합원들에 대한 부당이득반환채무 내지 손해배상채무의 변제로 볼 수 없음,대구지방법원-2024-구합-20132,2025-08-27,2025,8,3,,지방/기타,일반행정,,손해배상,law.go.kr,/DRF/lawService.do?OC=virtual.esq&target=prec&ID=608121&type=HTML&mobileYn=,2026-09-19 21:38:17.323389,,,
616959,일실수입에 대한 손해배상금과 그 지연손해금은 소득세법상 기타소득으로 볼 수 없음,서울중앙지방법원-2024-가단-5438416,2025-08-27,2025,8,3,,지방/기타,민사,,손해배상,law.go.kr,/DRF/lawService.do?OC=virtual.esq&target=prec&ID=616959&type=HTML&mobileYn=,2026-09-19 21:38:17.323389,,,
614391,손해배상(기)등청구의소,2023나20173,2025-08-21,2025,8,3,서울중앙지방법원,지방/기타,민사,판결 : 확정,손해배상,law.go.kr,/DRF/lawService.do?OC=virtual.esq&target=prec&ID=614391&type=HTML&mobileYn=,2026-09-19 21:38:17.323389,,,
615683,손해배상(기),2024다312559,2025-08-14,2025,8,3,대법원,대법원,민사,판결,손해배상,law.go.kr,/DRF/lawService.do?OC=virtual.esq&target=prec&ID=615683&type=HTML&mobileYn=,2026-09-19 21:38:17.323389,,,
608479,손해배상(기)[사채 투자자들이 회사의 분식회계 등에 따른 손해배상을 청구한 사건],2023다294180,2025-08-14,2025,8,3,대법원,대법원,민사,판결,손해배상,law.go.kr,/DRF/lawService.do?OC=virtual.esq&target=prec&ID=608479&type=HTML&mobileYn=,2026-09-19 21:38:17.323389,,,
615681,손해배상(기),2024다296213,2025-08-14,2025,8,3,대법원,대법원,민사,판결,손해배상,law.go.kr,/DRF/lawService.do?OC=virtual.esq&target=prec&ID=615681&type=HTML&mobileYn=,2026-09-19 21:38:17.323389,,,
615677,손해배상(기),2024다228449,2025-08-14,2025,8,3,대법원,대법원,민사,판결,손해배상,law.go.kr,/DRF/lawService.do?OC=virtual.esq&target=prec&ID=615677&type=HTML&mobileYn=,2026-09-19 21:38:17.323389,,,
615685,손해배상(지),2023다247450,2025-08-14,2025,8,3,대법원,대법원,민사,판결,손해배상,law.go.kr,/DRF/lawService.do?OC=virtual.esq&target=prec&ID=615685&type=HTML&mobileYn=,2026-09-19 21:38:17.323389,,,
608481,손해배상(기)[도착지 운송주선인이 마스터 화물인도지시서를 수입업자에 교부한 후 보세창고업자가 선하증권과의 상환 없이 물품을 수입업자에 반출한 사건],2024다270860,2025-08-14,2025,8,3,대법원,대법원,민사,판결,손해배상,law.go.kr,/DRF/lawService.do?OC=virtual.esq&target=prec&ID=608481&type=HTML&mobileYn=,2026-09-19 21:38:17.323389,,,
608491,약정금·손해배상(기),2025다209932,2025-08-14,2025,8,3,대법원,대법원,민사,판결,손해배상,law.go.kr,/DRF/lawService.do?OC=virtual.esq&target=prec&ID=608491&type=HTML&mobileYn=,2026-09-19 21:38:17.323389,,,
615653,공사대금·사용료·손해배상(기),2025다210535,2025-08-14,2025,8,3,대법원,대법원,민사,판결,손해배상,law.go.kr,/DRF/lawService.do?OC=virtual.esq&target=prec&ID=615653&type=HTML&mobileYn=,2026-09-19 21:38:17.323389,,,
614321,손해배상(기),2020다263758,2025-07-18,2025,7,3,대법원,대법원,민사,판결,손해배상,law.go.kr,/DRF/lawService.do?OC=virtual.esq&target=prec&ID=614321&type=HTML&mobileYn=,2026-09-19 21:38:17.323389,,,
607789,"임대차보증금[임대차보증금에서 위약벌 및 손해배상예정액을 공제하기로 약정한 임차인에 대해 회생절차가 개시된 경우, 임대인이 회생채권으로 주장할 수 있는 임대차보증금반환채권의 범위가 다투어진 사건]",2022다311736,2025-07-18,2025,7,3,대법원,대법원,민사,판결,손해배상,law.go.kr,/DRF/lawService.do?OC=virtual.esq&target=prec&ID=607789&type=HTML&mobileYn=,2026-09-19 21:38:17.323389,,,
614553,손해배상(기),2024나41282,2025-07-10,2025,7,3,서울북부지방법원,지방/기타,민사,판결 : 확정,손해배상,law.go.kr,/DRF/lawService.do?OC=virtual.esq&target=prec&ID=614553&type=HTML&mobileYn=,2026-09-19 21:38:17.323389,,,
608483,손해배상(기),2024나41282,2025-07-10,2025,7,3,서울북부지방법원,지방/기타,민사,판결 : 확정,손해배상,law.go.kr,/DRF/lawService.do?OC=virtual.esq&target=prec&ID=608483&type=HTML&mobileYn=,2026-09-19 21:38:17.323389,,,
615843,손해배상(기),2024나2034079,2025-07-09,2025,7,3,서울고등법원,고등법원,민사,판결,손해배상,law.go.kr,/DRF/lawService.do?OC=virtual.esq&target=prec&ID=615843&type=HTML&mobileYn=,2026-09-19 21:38:17.323389,,,
614323,손해배상(기),2025다200820,2025-07-03,2025,7,3,대법원,대법원,민사,판결,손해배상,law.go.kr,/DRF/lawService.do?OC=virtual.esq&target=prec&ID=614323&type=HTML&mobileYn=,2026-09-19 21:38:17.323389,,,
211013,손해배상,2019다268252,2020-01-30,2020,1,1,대법원,대법원,민사,판결,손해배상,law.go.kr,/DRF/lawService.do?OC=virtual.esq&target=prec&ID=211013&type=HTML&mobileYn=,2026-09-19 21:38:17.324397,,,
226031,손해배상(자),2018다204787,2020-01-30,2020,1,1,대법원,대법원,민사,판결,손해배상,law.go.kr,/DRF/lawService.do?OC=virtual.esq&target=prec&ID=226031&type=HTML&mobileYn=,2026-09-19 21:38:17.324397,,,
234363,손해배상(의),2019나2028025,2020-01-23,2020,1,1,서울고등법원,고등법원,민사,판결,손해배상,law.go.kr,/DRF/lawService.do?OC=virtual.esq&target=prec&ID=234363&type=HTML&mobileYn=,2026-09-19 21:38:17.324397,,,
614569,손해배상(의),2019나2028025,2020-01-23,2020,1,1,서울고등법원,고등법원,민사,판결,손해배상,law.go.kr,/DRF/lawService.do?OC=virtual.esq&target=prec&ID=614569&type=HTML&mobileYn=,2026-09-19 21:38:17.324397,,,
226013,손해배상(기),2019나2036194,2020-01-22,2020,1,1,서울고등법원,고등법원,민사,판결 : 확정,손해배상,law.go.kr,/DRF/lawService.do?OC=virtual.esq&target=prec&ID=226013&type=HTML&mobileYn=,2026-09-19 21:38:17.324397,,,
222843,손해배상,2018나2074793,2020-01-22,2020,1,1,서울고등법원,고등법원,민사,판결,손해배상,law.go.kr,/DRF/lawService.do?OC=virtual.esq&target=prec&ID=222843&type=HTML&mobileYn=,2026-09-19 21:38:17.325398,,,
220073,개인정보보호법위반·부정처사후수뢰·형사사법절차전자화촉진법위반·공무상비밀누설·직무유기·위계공무집행방해·무고·성매매알선등행위의처벌에관한법률위반(성매매)·성매매알선등행위의처벌에관한법률위반(성매매알선등)·범인도피교사·범인도피·공기호부정사용·부정사용공기호행사·자동차관리법위반·자동차손해배상보장법위반,2019노189,2020-01-17,2020,1,1,대전고등법원,고등법원,형사,판결,손해배상,law.go.kr,/DRF/lawService.do?OC=virtual.esq&target=prec&ID=220073&type=HTML&mobileYn=,2026-09-19 21:38:17.325398,,,
223439,손해배상(기),2018나2029205,2020-01-10,2020,1,1,서울고등법원,고등법원,민사,판결,손해배상,law.go.kr,/DRF/lawService.do?OC=virtual.esq&target=prec&ID=223439&type=HTML&mobileYn=,2026-09-19 21:38:17.325398,,,
225959,손해배상(기),2019가단511036,2020-01-09,2020,1,1,광주지방법원,지방/기타,민사,판결 : 항소,손해배상,law.go.kr,/DRF/lawService.do?OC=virtual.esq&target=prec&ID=225959&type=HTML&mobileYn=,2026-09-19 21:38:17.325398,,,
233415,손해배상(기),2019가합42484,2020-01-08,2020,1,1,부산지방법원,지방/기타,민사,판결,손해배상,law.go.kr,/DRF/lawService.do?OC=virtual.esq&target=prec&ID=233415&type=HTML&mobileYn=,2026-09-19 21:38:17.325398,,,
225929,손해배상(기),2019다260395,2019-12-27,2019,12,4,대법원,대법원,민사,판결,손해배상,law.go.kr,/DRF/lawService.do?OC=virtual.esq&target=prec&ID=225929&type=HTML&mobileYn=,2026-09-19 21:38:17.325398,,,
225903,손해배상,2016다208600,2019-12-27,2019,12,4,대법원,대법원,민사,판결,손해배상,law.go.kr,/DRF/lawService.do?OC=virtual.esq&target=prec&ID=225903&type=HTML&mobileYn=,2026-09-19 21:38:17.325398,,,
225883,손해배상(기),2019다231625,2019-12-24,2019,12,4,대법원,대법원,민사,판결,손해배상,law.go.kr,/DRF/lawService.do?OC=virtual.esq&target=prec&ID=225883&type=HTML&mobileYn=,2026-09-19 21:38:17.325398,,,
221029,손해배상(기),2018가합410489,2019-12-20,2019,12,4,수원지방법원성남지원,지방/기타,민사,판결,손해배상,law.go.kr,/DRF/lawService.do?OC=virtual.esq&target=prec&ID=221029&type=HTML&mobileYn=,2026-09-19 21:38:17.325398,,,
613043,손해배상(기),2018가합400932,2019-12-19,2019,12,4,수원지방법원성남지원,지방/기타,민사,판결,손해배상,law.go.kr,/DRF/lawService.do?OC=virtual.esq&target=prec&ID=613043&type=HTML&mobileYn=,2026-09-19 21:38:17.325398,,,
213257,손해배상(국),2019나2036118,2019-12-18,2019,12,4,서울고등법원,고등법원,민사,판결,손해배상,law.go.kr,/DRF/lawService.do?OC=virtual.esq&target=prec&ID=213257&type=HTML&mobileYn=,2026-09-19 21:38:17.325398,,,
619241,손해배상(기),2018가합10237,2019-12-18,2019,12,4,창원지방법원진주지원,지방/기타,민사,판결,손해배상,law.go.kr,/DRF/lawService.do?OC=virtual.esq&target=prec&ID=619241&type=HTML&mobileYn=,2026-09-19 21:38:17.325398,,,
225827,손해배상(기),2017다224494,2019-12-13,2019,12,4,대법원,대법원,민사,판결,손해배상,law.go.kr,/DRF/lawService.do?OC=virtual.esq&target=prec&ID=225827&type=HTML&mobileYn=,2026-09-19 21:38:17.325398,,,
225847,손해배상(기),2019다259371,2019-12-13,2019,12,4,대법원,대법원,민사,판결,손해배상,law.go.kr,/DRF/lawService.do?OC=virtual.esq&target=prec&ID=225847&type=HTML&mobileYn=,2026-09-19 21:38:17.325398,,,
221031,손해배상(기)등,2019가합685,2019-12-11,2019,12,4,서울서부지방법원,지방/기타,민사,판결,손해배상,law.go.kr,/DRF/lawService.do?OC=virtual.esq&target=prec&ID=221031&type=HTML&mobileYn=,2026-09-19 21:38:17.325398,,,
239395,손해배상(기),2018나15749,2019-12-04,2019,12,4,대전고등법원,고등법원,민사,판결,손해배상,law.go.kr,/DRF/lawService.do?OC=virtual.esq&target=prec&ID=239395&type=HTML&mobileYn=,2026-09-19 21:38:17.325398,,,
225787,손해배상(기),2019나2000126,2019-11-29,2019,11,4,서울고등법원,고등법원,민사,판결,손해배상,law.go.kr,/DRF/lawService.do?OC=virtual.esq&target=prec&ID=225787&type=HTML&mobileYn=,2026-09-19 21:38:17.325398,,,
225749,손해배상(기),2017다14895,2019-11-28,2019,11,4,대법원,대법원,민사,판결,손해배상,law.go.kr,/DRF/lawService.do?OC=virtual.esq&target=prec&ID=225749&type=HTML&mobileYn=,2026-09-19 21:38:17.325398,,,
210813,손해배상(기),2015다225776,2019-11-28,2019,11,4,대법원,대법원,민사,판결,손해배상,law.go.kr,/DRF/lawService.do?OC=virtual.esq&target=prec&ID=210813&type=HTML&mobileYn=,2026-09-19 21:38:17.325398,,,
225751,손해배상(기),2017다244115,2019-11-28,2019,11,4,대법원,대법원,민사,판결,손해배상,law.go.kr,/DRF/lawService.do?OC=virtual.esq&target=prec&ID=225751&type=HTML&mobileYn=,2026-09-19 21:38:17.325398,,,
225747,채무부존재확인·손해배상(기),2016다233538,2019-11-28,2019,11,4,대법원,대법원,민사,판결,손해배상,law.go.kr,/DRF/lawService.do?OC=virtual.esq&target=prec&ID=225747&type=HTML&mobileYn=,2026-09-19 21:38:17.325398,,,
220153,손해배상(기),2018가단271670,2019-11-28,2019,11,4,인천지방법원,지방/기타,민사,판결,손해배상,law.go.kr,/DRF/lawService.do?OC=virtual.esq&target=prec&ID=220153&type=HTML&mobileYn=,2026-09-19 21:38:17.325398,,,
230829,손해배상등청구의소,2019가단209580,2019-11-27,2019,11,4,수원지방법원성남지원,지방/기타,민사,판결,손해배상,law.go.kr,/DRF/lawService.do?OC=virtual.esq&target=prec&ID=230829&type=HTML&mobileYn=,2026-09-19 21:38:17.325398,,,
614613,손해배상(기),2018가합537024,2019-11-22,2019,11,4,서울중앙지방법원,지방/기타,민사,판결,손해배상,law.go.kr,/DRF/lawService.do?OC=virtual.esq&target=prec&ID=614613&type=HTML&mobileYn=,2026-09-19 21:38:17.325398,,,
234379,손해배상(기),2018가합537024,2019-11-22,2019,11,4,서울중앙지방법원,지방/기타,민사,판결,손해배상,law.go.kr,/DRF/lawService.do?OC=virtual.esq&target=prec&ID=234379&type=HTML&mobileYn=,2026-09-19 21:38:17.325398,,,
211509,손해배상(지),2017나2615,2019-11-15,2019,11,4,특허법원,지방/기타,민사,판결,손해배상,law.go.kr,/DRF/lawService.do?OC=virtual.esq&target=prec&ID=211509&type=HTML&mobileYn=,2026-09-19 21:38:17.325398,,,
222889,토지인도등·손해배상금,2019가단2198,2019-11-15,2019,11,4,수원지방법원평택지원,지방/기타,민사,판결,손해배상,law.go.kr,/DRF/lawService.do?OC=virtual.esq&target=prec&ID=222889&type=HTML&mobileYn=,2026-09-19 21:38:17.325398,,,
225715,손해배상(기),2019다247712,2019-11-15,2019,11,4,대법원,대법원,민사,판결,손해배상,law.go.kr,/DRF/lawService.do?OC=virtual.esq&target=prec&ID=225715&type=HTML&mobileYn=,2026-09-19 21:38:17.325398,,,
210829,손해배상(기),2019다216312,2019-11-14,2019,11,4,대법원,대법원,민사,판결,손해배상,law.go.kr,/DRF/lawService.do?OC=virtual.esq&target=prec&ID=210829&type=HTML&mobileYn=,2026-09-19 21:38:17.325398,,,
210827,손해배상(기),2019다233072,2019-11-14,2019,11,4,대법원,대법원,민사,판결,손해배상,law.go.kr,/DRF/lawService.do?OC=virtual.esq&target=prec&ID=210827&type=HTML&mobileYn=,2026-09-19 21:38:17.325398,,,
210569,손해배상(기),2018다233686,2019-11-14,2019,11,4,대법원,대법원,민사,판결,손해배상,law.go.kr,/DRF/lawService.do?OC=virtual.esq&target=prec&ID=210569&type=HTML&mobileYn=,2026-09-19 21:38:17.325398,,,
217169,손해배상(기),2018가단232877,2019-11-12,2019,11,4,서울서부지방법원,지방/기타,민사,판결,손해배상,law.go.kr,/DRF/lawService.do?OC=virtual.esq&target=prec&ID=217169&type=HTML&mobileYn=,2026-09-19 21:38:17.325398,,,
600339,손해배상(기),2018가합75743,2019-11-08,2019,11,4,의정부지방법원고양지원,지방/기타,민사,판결,손해배상,law.go.kr,/DRF/lawService.do?OC=virtual.esq&target=prec&ID=600339&type=HTML&mobileYn=,2026-09-19 21:38:17.325398,,,
213597,"손해배상(기), 공유물인도청구",2019나134,2019-11-06,2019,11,4,서울중앙지방법원,지방/기타,민사,판결,손해배상,law.go.kr,/DRF/lawService.do?OC=virtual.esq&target=prec&ID=213597&type=HTML&mobileYn=,2026-09-19 21:38:17.325398,,,
210937,손해배상(기),2018나2063,2019-11-01,2019,11,4,특허법원,지방/기타,민사,판결 : 확정,손해배상,law.go.kr,/DRF/lawService.do?OC=virtual.esq&target=prec&ID=210937&type=HTML&mobileYn=,2026-09-19 21:38:17.325398,,,
599865,손해배상(기),2015나2000630,2019-10-31,2019,10,4,서울고등법원,고등법원,민사,판결,손해배상,law.go.kr,/DRF/lawService.do?OC=virtual.esq&target=prec&ID=599865&type=HTML&mobileYn=,2026-09-19 21:38:17.325398,,,
210419,손해배상(기),2016다243306,2019-10-31,2019,10,4,대법원,대법원,민사,판결,손해배상,law.go.kr,/DRF/lawService.do?OC=virtual.esq&target=prec&ID=210419&type=HTML&mobileYn=,2026-09-19 21:38:17.325398,,,
210423,손해배상(기),2017다282438,2019-10-31,2019,10,4,대법원,대법원,민사,판결,손해배상,law.go.kr,/DRF/lawService.do?OC=virtual.esq&target=prec&ID=210423&type=HTML&mobileYn=,2026-09-19 21:38:17.325398,,,
210415,손해배상(기),2018다233242,2019-10-31,2019,10,4,대법원,대법원,민사,판결,손해배상,law.go.kr,/DRF/lawService.do?OC=virtual.esq&target=prec&ID=210415&type=HTML&mobileYn=,2026-09-19 21:38:17.325398,,,
225671,손해배상(기),2019나21232,2019-10-31,2019,10,4,대구고등법원,고등법원,민사,판결,손해배상,law.go.kr,/DRF/lawService.do?OC=virtual.esq&target=prec&ID=225671&type=HTML&mobileYn=,2026-09-19 21:38:17.325398,,,
210853,임대차보증금·손해배상(기),2017다204490,2019-10-31,2019,10,4,대법원,대법원,민사,판결,손해배상,law.go.kr,/DRF/lawService.do?OC=virtual.esq&target=prec&ID=210853&type=HTML&mobileYn=,2026-09-19 21:38:17.325398,,,
217069,손해배상(기),2015나2056305,2019-10-30,2019,10,4,서울고등법원,고등법원,민사,판결,손해배상,law.go.kr,/DRF/lawService.do?OC=virtual.esq&target=prec&ID=217069&type=HTML&mobileYn=,2026-09-19 21:38:17.325398,,,
210643,손해배상(국),2018가단5125207,2019-10-29,2019,10,4,서울중앙지방법원,지방/기타,민사,판결 : 확정,손해배상,law.go.kr,/DRF/lawService.do?OC=virtual.esq&target=prec&ID=210643&type=HTML&mobileYn=,2026-09-19 21:38:17.325398,,,
225657,건물명도(인도)·손해배상(기),2019나10666,2019-10-25,2019,10,4,서울고등법원인천재판부,고등법원,민사,판결,손해배상,law.go.kr,/DRF/lawService.do?OC=virtual.esq&target=prec&ID=225657&type=HTML&mobileYn=,2026-09-19 21:38:17.325398,,,
210895,손해배상,2019다14998,2019-10-17,2019,10,4,대법원,대법원,민사,판결,손해배상,law.go.kr,/DRF/lawService.do?OC=virtual.esq&target=prec&ID=210895&type=HTML&mobileYn=,2026-09-19 21:38:17.325398,,,
225605,손해배상(기),2014다46778,2019-10-17,2019,10,4,대법원,대법원,민사,판결,손해배상,law.go.kr,/DRF/lawService.do?OC=virtual.esq&target=prec&ID=225605&type=HTML&mobileYn=,2026-09-19 21:38:17.325398,,,
220077,손해배상(기)·건물인도 등,2019나2022195,2019-10-16,2019,10,4,서울고등법원,고등법원,민사,판결,손해배상,law.go.kr,/DRF/lawService.do?OC=virtual.esq&target=prec&ID=220077&type=HTML&mobileYn=,2026-09-19 21:38:17.325398,,,
328576,공작물의 설치 또는 보존의 하자로 인하여 손해를 입은 자는 일차적으로 공작물의 직접점유자를 상대로 손해배상을 구하여야 함,서부지원-2017-가단-57018,2019-10-10,2019,10,4,,지방/기타,민사,,손해배상,law.go.kr,/DRF/lawService.do?OC=virtual.esq&target=prec&ID=328576&type=HTML&mobileYn=,2026-09-19 21:38:17.325398,,,
225597,손해배상(국),2019나26099,2019-10-10,2019,10,4,서울중앙지방법원,지방/기타,민사,판결,손해배상,law.go.kr,/DRF/lawService.do?OC=virtual.esq&target=prec&ID=225597&type=HTML&mobileYn=,2026-09-19 21:38:17.325398,,,
225587,채무부존재확인·손해배상(기)·손해배상(기),2018나2068224,2019-09-27,2019,9,3,서울고등법원,고등법원,민사,판결,손해배상,law.go.kr,/DRF/lawService.do?OC=virtual.esq&target=prec&ID=225587&type=HTML&mobileYn=,2026-09-19 21:38:17.325398,,,
234547,손해배상(기),2016나2063874,2019-09-26,2019,9,3,서울고등법원,고등법원,민사,판결,손해배상,law.go.kr,/DRF/lawService.do?OC=virtual.esq&target=prec&ID=234547&type=HTML&mobileYn=,2026-09-19 21:38:17.325398,,,
209687,손해배상(기)·손해배상(기)·손해배상(기),2018다222303,2019-09-26,2019,9,3,대법원,대법원,민사,판결,손해배상,law.go.kr,/DRF/lawService.do?OC=virtual.esq&target=prec&ID=209687&type=HTML&mobileYn=,2026-09-19 21:38:17.325398,,,
209627,손해배상(기),2017가합548157,2019-09-26,2019,9,3,서울중앙지방법원,지방/기타,민사,판결 : 항소,손해배상,law.go.kr,/DRF/lawService.do?OC=virtual.esq&target=prec&ID=209627&type=HTML&mobileYn=,2026-09-19 21:38:17.325398,,,
209693,손해배상(자)(교통사고 피해자의 유족들이 가해자와 보험사를 상대로 손해배상을 구하는 사건),2017다280951,2019-09-26,2019,9,3,대법원,대법원,민사,판결,손해배상,law.go.kr,/DRF/lawService.do?OC=virtual.esq&target=prec&ID=209693&type=HTML&mobileYn=,2026-09-19 21:38:17.325398,,,
232651,손해배상(지)·손해배상(지)·손해배상(지),2019나2016954,2019-09-26,2019,9,3,서울고등법원,고등법원,민사,판결,손해배상,law.go.kr,/DRF/lawService.do?OC=virtual.esq&target=prec&ID=232651&type=HTML&mobileYn=,2026-09-19 21:38:17.325398,,,
327784,원고가 받은 손해배상금이 양도소득에 해당하는지 여부,서울행정법원-2018-구단-76067,2019-09-24,2019,9,3,,지방/기타,일반행정,,손해배상,law.go.kr,/DRF/lawService.do?OC=virtual.esq&target=prec&ID=327784&type=HTML&mobileYn=,2026-09-19 21:38:17.325398,,,
210647,손해배상(기),2018가합52986,2019-09-19,2019,9,3,창원지방법원,지방/기타,민사,판결 : 항소,손해배상,law.go.kr,/DRF/lawService.do?OC=virtual.esq&target=prec&ID=210647&type=HTML&mobileYn=,2026-09-19 21:38:17.325398,,,
213265,손해배상(기),2019나2016862,2019-09-18,2019,9,3,서울고등법원,고등법원,민사,판결,손해배상,law.go.kr,/DRF/lawService.do?OC=virtual.esq&target=prec&ID=213265&type=HTML&mobileYn=,2026-09-19 21:38:17.325398,,,
209633,손해배상(기),2016나51085,2019-09-18,2019,9,3,수원지방법원,지방/기타,민사,판결 : 상고,손해배상,law.go.kr,/DRF/lawService.do?OC=virtual.esq&target=prec&ID=209633&type=HTML&mobileYn=,2026-09-19 21:38:17.326396,,,
225543,손해배상(기),2018가단61194,2019-09-18,2019,9,3,울산지방법원,지방/기타,민사,판결 : 항소,손해배상,law.go.kr,/DRF/lawService.do?OC=virtual.esq&target=prec&ID=225543&type=HTML&mobileYn=,2026-09-19 21:38:17.326396,,,
209587,영업비밀침해금지및손해배상등,2017다34981,2019-09-10,2019,9,3,대법원,대법원,민사,판결,손해배상,law.go.kr,/DRF/lawService.do?OC=virtual.esq&target=prec&ID=209587&type=HTML&mobileYn=,2026-09-19 21:38:17.326396,,,
210941,손해배상(지),2018나1305,2019-09-06,2019,9,3,특허법원,지방/기타,민사,판결 : 상고,손해배상,law.go.kr,/DRF/lawService.do?OC=virtual.esq&target=prec&ID=210941&type=HTML&mobileYn=,2026-09-19 21:38:17.326396,,,
228427,손해배상,2018나2028332,2019-09-05,2019,9,3,서울고등법원,고등법원,민사,판결,손해배상,law.go.kr,/DRF/lawService.do?OC=virtual.esq&target=prec&ID=228427&type=HTML&mobileYn=,2026-09-19 21:38:17.326396,,,
220159,손해배상(기),2018나60441,2019-09-04,2019,9,3,부산지방법원,지방/기타,민사,판결,손해배상,law.go.kr,/DRF/lawService.do?OC=virtual.esq&target=prec&ID=220159&type=HTML&mobileYn=,2026-09-19 21:38:17.326396,,,
225477,손해배상(의),2017다239960,2019-08-30,2019,8,3,대법원,대법원,민사,판결,손해배상,law.go.kr,/DRF/lawService.do?OC=virtual.esq&target=prec&ID=225477&type=HTML&mobileYn=,2026-09-19 21:38:17.326396,,,
225489,손해배상(기),2018다259541,2019-08-30,2019,8,3,대법원,대법원,민사,판결,손해배상,law.go.kr,/DRF/lawService.do?OC=virtual.esq&target=prec&ID=225489&type=HTML&mobileYn=,2026-09-19 21:38:17.326396,,,
217579,손해배상(기),2018나23154,2019-08-30,2019,8,3,광주고등법원,고등법원,민사,판결,손해배상,law.go.kr,/DRF/lawService.do?OC=virtual.esq&target=prec&ID=217579&type=HTML&mobileYn=,2026-09-19 21:38:17.326396,,,
225479,손해배상(기),2017다268142,2019-08-30,2019,8,3,대법원,대법원,민사,판결,손해배상,law.go.kr,/DRF/lawService.do?OC=virtual.esq&target=prec&ID=225479&type=HTML&mobileYn=,2026-09-19 21:38:17.326396,,,
238133,손해배상(기),2019가합41573,2019-08-29,2019,8,3,부산지방법원,지방/기타,민사,판결,손해배상,law.go.kr,/DRF/lawService.do?OC=virtual.esq&target=prec&ID=238133&type=HTML&mobileYn=,2026-09-19 21:38:17.326396,,,
225455,손해배상(기),2017다276679,2019-08-29,2019,8,3,대법원,대법원,민사,판결,손해배상,law.go.kr,/DRF/lawService.do?OC=virtual.esq&target=prec&ID=225455&type=HTML&mobileYn=,2026-09-19 21:38:17.326396,,,
233547,손해배상(기),2019나8466,2019-08-29,2019,8,3,서울중앙지방법원,지방/기타,민사,판결,손해배상,law.go.kr,/DRF/lawService.do?OC=virtual.esq&target=prec&ID=233547&type=HTML&mobileYn=,2026-09-19 21:38:17.326396,,,
225443,손해배상(기),2018나2057736,2019-08-28,2019,8,3,서울고등법원,고등법원,민사,판결,손해배상,law.go.kr,/DRF/lawService.do?OC=virtual.esq&target=prec&ID=225443&type=HTML&mobileYn=,2026-09-19 21:38:17.326396,,,
209329,손해배상(의),2017가합111346,2019-08-27,2019,8,3,서울남부지방법원,지방/기타,민사,판결 : 확정,손해배상,law.go.kr,/DRF/lawService.do?OC=virtual.esq&target=prec&ID=209329&type=HTML&mobileYn=,2026-09-19 21:38:17.326396,,,
225435,손해배상(지),2018나2018,2019-08-23,2019,8,3,특허법원,지방/기타,민사,판결 : 상고,손해배상,law.go.kr,/DRF/lawService.do?OC=virtual.esq&target=prec&ID=225435&type=HTML&mobileYn=,2026-09-19 21:38:17.326396,,,
209310,손해배상(기),2018나26030,2019-08-21,2019,8,3,광주고등법원,고등법원,민사,판결 : 확정,손해배상,law.go.kr,/DRF/lawService.do?OC=virtual.esq&target=prec&ID=209310&type=HTML&mobileYn=,2026-09-19 21:38:17.326396,,,
209331,손해배상(의),2017가합202415,2019-08-19,2019,8,3,청주지방법원,지방/기타,민사,판결 : 항소,손해배상,law.go.kr,/DRF/lawService.do?OC=virtual.esq&target=prec&ID=209331&type=HTML&mobileYn=,2026-09-19 21:38:17.326396,,,
211027,손해배상,2018나2032720,2019-08-16,2019,8,3,서울고등법원,고등법원,민사,판결,손해배상,law.go.kr,/DRF/lawService.do?OC=virtual.esq&target=prec&ID=211027&type=HTML&mobileYn=,2026-09-19 21:38:17.326396,,,
209131,손해배상,2016다217833,2019-08-14,2019,8,3,대법원,대법원,민사,판결,손해배상,law.go.kr,/DRF/lawService.do?OC=virtual.esq&target=prec&ID=209131&type=HTML&mobileYn=,2026-09-19 21:38:17.326396,,,
225429,손해배상(기)·손해배상(기)·손해배상(기)·손해배상(기)·손해배상(기)·손해배상(기)·손해배상(기)·손해배상(기)·손해배상(기)·손해배상(기)·손해배상(기)·손해배상(기)·손해배상(기)·손해배상(기)·손해배상(기)·손해배상(기)·손해배상(기)·손해배상(기)·손해배상(기)·손해배상(기),2016다272342,2019-08-14,2019,8,3,대법원,대법원,민사,판결,손해배상,law.go.kr,/DRF/lawService.do?OC=virtual.esq&target=prec&ID=225429&type=HTML&mobileYn=,2026-09-19 21:38:17.326396,,,
225421,손해배상(자),2017다20159,2019-08-09,2019,8,3,대법원,대법원,민사,판결,손해배상,law.go.kr,/DRF/lawService.do?OC=virtual.esq&target=prec&ID=225421&type=HTML&mobileYn=,2026-09-19 21:38:17.326396,,,
208911,손해배상(기),2019나20107,2019-07-26,2019,7,3,광주고등법원,고등법원,민사,판결 : 상고,손해배상,law.go.kr,/DRF/lawService.do?OC=virtual.esq&target=prec&ID=208911&type=HTML&mobileYn=,2026-09-19 21:38:17.326396,,,
209332,손해배상(기),2019구합53334,2019-07-26,2019,7,3,서울행정법원,지방/기타,일반행정,판결 : 항소,손해배상,law.go.kr,/DRF/lawService.do?OC=virtual.esq&target=prec&ID=209332&type=HTML&mobileYn=,2026-09-19 21:38:17.326396,,,
225403,건물인도등·손해배상(기),2018다252823,2019-07-25,2019,7,3,대법원,대법원,민사,판결,손해배상,law.go.kr,/DRF/lawService.do?OC=virtual.esq&target=prec&ID=225403&type=HTML&mobileYn=,2026-09-19 21:38:17.326396,,,
208795,손해배상(자)(교통사고로 발생한 장애로 인한 손해배상청구권의 소멸시효의 기산일),2016다1687,2019-07-25,2019,7,3,대법원,대법원,민사,판결,손해배상,law.go.kr,/DRF/lawService.do?OC=virtual.esq&target=prec&ID=208795&type=HTML&mobileYn=,2026-09-19 21:38:17.326396,,,
208800,손해배상(기),2019다206933,2019-07-25,2019,7,3,대법원,대법원,민사,판결,손해배상,law.go.kr,/DRF/lawService.do?OC=virtual.esq&target=prec&ID=208800&type=HTML&mobileYn=,2026-09-19 21:38:17.326396,,,
238631,손해배상(의),2018가합101660,2019-07-24,2019,7,3,대전지방법원,지방/기타,민사,판결,손해배상,law.go.kr,/DRF/lawService.do?OC=virtual.esq&target=prec&ID=238631&type=HTML&mobileYn=,2026-09-19 21:38:17.326396,,,
225369,손해배상(기),2019나56647,2019-07-23,2019,7,3,수원지방법원,지방/기타,민사,판결,손해배상,law.go.kr,/DRF/lawService.do?OC=virtual.esq&target=prec&ID=225369&type=HTML&mobileYn=,2026-09-19 21:38:17.326396,,,
213677,손해배상(기),2018나58549,2019-07-23,2019,7,3,서울중앙지방법원,지방/기타,민사,판결,손해배상,law.go.kr,/DRF/lawService.do?OC=virtual.esq&target=prec&ID=213677&type=HTML&mobileYn=,2026-09-19 21:38:17.326396,,,
208891,손해배상(기),2018나2033075,2019-07-16,2019,7,3,서울고등법원,고등법원,민사,판결 : 확정,손해배상,law.go.kr,/DRF/lawService.do?OC=virtual.esq&target=prec&ID=208891&type=HTML&mobileYn=,2026-09-19 21:38:17.326396,,,
324980,불법행위로 인한 손해배상청구권은 피해자나 그 법정대리인이 그 손해 및 가해 자를 안 날로부터 3년이 경과하면 시효로 인하여 소멸,광주지방법원-2018-가소-579480,2019-07-16,2019,7,3,,지방/기타,민사,,손해배상,law.go.kr,/DRF/lawService.do?OC=virtual.esq&target=prec&ID=324980&type=HTML&mobileYn=,2026-09-19 21:38:17.326396,,,
213483,손해배상(국),2018재가합5174,2019-07-12,2019,7,3,서울중앙지방법원,지방/기타,민사,판결,손해배상,law.go.kr,/DRF/lawService.do?OC=virtual.esq&target=prec&ID=213483&type=HTML&mobileYn=,2026-09-19 21:38:17.326396,,,
209639,손해배상(기),2017가단10716,2019-07-12,2019,7,3,수원지방법원안양지원,지방/기타,민사,판결 : 항소,손해배상,law.go.kr,/DRF/lawService.do?OC=virtual.esq&target=prec&ID=209639&type=HTML&mobileYn=,2026-09-19 21:38:17.326396,,,
208726,손해배상(기),2016다224626,2019-07-11,2019,7,3,대법원,대법원,민사,판결,손해배상,law.go.kr,/DRF/lawService.do?OC=virtual.esq&target=prec&ID=208726&type=HTML&mobileYn=,2026-09-19 21:38:17.326396,,,
225349,손해배상(기)·손해배상(기),2018다208338,2019-07-11,2019,7,3,대법원,대법원,민사,판결,손해배상,law.go.kr,/DRF/lawService.do?OC=virtual.esq&target=prec&ID=225349&type=HTML&mobileYn=,2026-09-19 21:38:17.326396,,,
208734,손해배상(기),2018다239608,2019-07-10,2019,7,3,대법원,대법원,민사,판결,손해배상,law.go.kr,/DRF/lawService.do?OC=virtual.esq&target=prec&ID=208734&type=HTML&mobileYn=,2026-09-19 21:38:17.326396,,,
225309,손해배상(기),2016다261250,2019-07-10,2019,7,3,대법원,대법원,민사,판결,손해배상,law.go.kr,/DRF/lawService.do?OC=virtual.esq&target=prec&ID=225309&type=HTML&mobileYn=,2026-09-19 21:38:17.327397,,,
208733,손해배상(기),2019다213009,2019-07-10,2019,7,3,대법원,대법원,민사,판결,손해배상,law.go.kr,/DRF/lawService.do?OC=virtual.esq&target=prec&ID=208733&type=HTML&mobileYn=,2026-09-19 21:38:17.327397,,,
208902,손해배상(국),2018나319335,2019-07-10,2019,7,3,대구지방법원,지방/기타,민사,판결 : 확정,손해배상,law.go.kr,/DRF/lawService.do?OC=virtual.esq&target=prec&ID=208902&type=HTML&mobileYn=,2026-09-19 21:38:17.327397,,,
225325,손해배상(기),2018다273417,2019-07-10,2019,7,3,대법원,대법원,민사,판결,손해배상,law.go.kr,/DRF/lawService.do?OC=virtual.esq&target=prec&ID=225325&type=HTML&mobileYn=,2026-09-19 21:38:17.327397,,,
601425,손해배상(기)·부당이득금,2018나2052472,2019-07-09,2019,7,3,서울고등법원,고등법원,민사,판결,손해배상,law.go.kr,/DRF/lawService.do?OC=virtual.esq&target=prec&ID=601425&type=HTML&mobileYn=,2026-09-19 21:38:17.327397,,,
209334,손해배상(기),2017가단117587,2019-07-04,2019,7,3,수원지방법원안양지원,지방/기타,민사,판결 : 항소,손해배상,law.go.kr,/DRF/lawService.do?OC=virtual.esq&target=prec&ID=209334&type=HTML&mobileYn=,2026-09-19 21:38:17.327397,,,
208745,손해배상(기)등,2017다17436,2019-07-04,2019,7,3,대법원,대법원,민사,판결,손해배상,law.go.kr,/DRF/lawService.do?OC=virtual.esq&target=prec&ID=208745&type=HTML&mobileYn=,2026-09-19 21:38:17.327397,,,
208744,손해배상(기)(상가임대차법상 권리금 회수 방해를 이유로 한 손해배상청구 사건),2018다284226,2019-07-04,2019,7,3,대법원,대법원,민사,판결,손해배상,law.go.kr,/DRF/lawService.do?OC=virtual.esq&target=prec&ID=208744&type=HTML&mobileYn=,2026-09-19 21:38:17.327397,,,
208887,손해배상(기),2018나29933,2019-07-03,2019,7,3,서울동부지방법원,지방/기타,민사,판결 : 확정,손해배상,law.go.kr,/DRF/lawService.do?OC=virtual.esq&target=prec&ID=208887&type=HTML&mobileYn=,2026-09-19 21:38:17.327397,,,
211365,손해배상(기),2018나55011,2019-06-27,2019,6,2,광주지방법원,지방/기타,민사,판결,손해배상,law.go.kr,/DRF/lawService.do?OC=virtual.esq&target=prec&ID=211365&type=HTML&mobileYn=,2026-09-19 21:38:17.327397,,,
323342,손해배상 청구,서울서부지방법원-2019-나-32556,2019-06-27,2019,6,2,,지방/기타,민사,,손해배상,law.go.kr,/DRF/lawService.do?OC=virtual.esq&target=prec&ID=323342&type=HTML&mobileYn=,2026-09-19 21:38:17.327397,,,
214733,손해배상(기),2018나31860,2019-06-21,2019,6,2,서울서부지방법원,지방/기타,민사,판결,손해배상,law.go.kr,/DRF/lawService.do?OC=virtual.esq&target=prec&ID=214733&type=HTML&mobileYn=,2026-09-19 21:38:17.327397,,,
221925,손해배상(기),2018가합18705,2019-06-19,2019,6,2,수원지방법원,지방/기타,민사,판결,손해배상,law.go.kr,/DRF/lawService.do?OC=virtual.esq&target=prec&ID=221925&type=HTML&mobileYn=,2026-09-19 21:38:17.327397,,,
225257,건물명도등·손해배상(기),2019다208533,2019-06-13,2019,6,2,대법원,대법원,민사,판결,손해배상,law.go.kr,/DRF/lawService.do?OC=virtual.esq&target=prec&ID=225257&type=HTML&mobileYn=,2026-09-19 21:38:17.327397,,,
214677,손해배상(기),2018재나20286,2019-06-13,2019,6,2,서울고등법원,고등법원,민사,판결,손해배상,law.go.kr,/DRF/lawService.do?OC=virtual.esq&target=prec&ID=214677&type=HTML&mobileYn=,2026-09-19 21:38:17.327397,,,
208476,손해배상(기),2018가단226347,2019-06-13,2019,6,2,서울남부지방법원,지방/기타,민사,판결 : 확정,손해배상,law.go.kr,/DRF/lawService.do?OC=virtual.esq&target=prec&ID=208476&type=HTML&mobileYn=,2026-09-19 21:38:17.327397,,,
208477,손해배상(언),2018가합111367,2019-06-13,2019,6,2,서울남부지방법원,지방/기타,민사,판결 : 확정,손해배상,law.go.kr,/DRF/lawService.do?OC=virtual.esq&target=prec&ID=208477&type=HTML&mobileYn=,2026-09-19 21:38:17.327397,,,
208415,손해배상(기),2014다220798,2019-06-13,2019,6,2,대법원,대법원,민사,판결,손해배상,law.go.kr,/DRF/lawService.do?OC=virtual.esq&target=prec&ID=208415&type=HTML&mobileYn=,2026-09-19 21:38:17.327397,,,
614619,손해배상(의),2019가합505956,2019-06-11,2019,6,2,서울중앙지방법원,지방/기타,민사,판결,손해배상,law.go.kr,/DRF/lawService.do?OC=virtual.esq&target=prec&ID=614619&type=HTML&mobileYn=,2026-09-19 21:38:17.327397,,,
234381,손해배상(의),2019가합505956,2019-06-11,2019,6,2,서울중앙지방법원,지방/기타,민사,판결,손해배상,law.go.kr,/DRF/lawService.do?OC=virtual.esq&target=prec&ID=234381&type=HTML&mobileYn=,2026-09-19 21:38:17.327397,,,
225215,손해배상(기),2017다201545,2019-05-30,2019,5,2,대법원,대법원,민사,판결,손해배상,law.go.kr,/DRF/lawService.do?OC=virtual.esq&target=prec&ID=225215&type=HTML&mobileYn=,2026-09-19 21:38:17.327397,,,
225217,손해배상(기),2017다289569,2019-05-30,2019,5,2,대법원,대법원,민사,판결,손해배상,law.go.kr,/DRF/lawService.do?OC=virtual.esq&target=prec&ID=225217&type=HTML&mobileYn=,2026-09-19 21:38:17.327397,,,
207541,손해배상(자)(원고가 교통사고로 말미암은 후유장해로 복합부위통증증후군(CRPS)을 주장하면서 손해배상을 청구하는 사건),2015다8902,2019-05-30,2019,5,2,대법원,대법원,민사,판결,손해배상,law.go.kr,/DRF/lawService.do?OC=virtual.esq&target=prec&ID=207541&type=HTML&mobileYn=,2026-09-19 21:38:17.327397,,,
207529,손해배상(기),2017다53265,2019-05-30,2019,5,2,대법원,대법원,민사,판결,손해배상,law.go.kr,/DRF/lawService.do?OC=virtual.esq&target=prec&ID=207529&type=HTML&mobileYn=,2026-09-19 21:38:17.327397,,,
227767,확약서무효확인의소·손해배상(기),2018나2056511,2019-05-28,2019,5,2,서울고등법원,고등법원,민사,판결,손해배상,law.go.kr,/DRF/lawService.do?OC=virtual.esq&target=prec&ID=227767&type=HTML&mobileYn=,2026-09-19 21:38:17.327397,,,
207518,손해배상(기),2015가합539043,2019-05-23,2019,5,2,서울중앙지방법원,지방/기타,민사,판결 : 항소,손해배상,law.go.kr,/DRF/lawService.do?OC=virtual.esq&target=prec&ID=207518&type=HTML&mobileYn=,2026-09-19 21:38:17.327397,,,
207519,손해배상(기),2018가합512445,2019-05-23,2019,5,2,서울중앙지방법원,지방/기타,민사,판결 : 항소,손해배상,law.go.kr,/DRF/lawService.do?OC=virtual.esq&target=prec&ID=207519&type=HTML&mobileYn=,2026-09-19 21:38:17.327397,,,
207486,손해배상(기),2016다260455,2019-05-16,2019,5,2,대법원,대법원,민사,판결,손해배상,law.go.kr,/DRF/lawService.do?OC=virtual.esq&target=prec&ID=207486&type=HTML&mobileYn=,2026-09-19 21:38:17.327397,,,
207485,손해배상(기)·건물인도등,2017다225312,2019-05-16,2019,5,2,대법원,대법원,민사,판결,손해배상,law.go.kr,/DRF/lawService.do?OC=virtual.esq&target=prec&ID=207485&type=HTML&mobileYn=,2026-09-19 21:38:17.327397,,,
324884,납세자의 질의에 대한 미회신은 손해배상책임이 없음.,부산지방법원-2019-가소-2698,2019-05-14,2019,5,2,,지방/기타,민사,,손해배상,law.go.kr,/DRF/lawService.do?OC=virtual.esq&target=prec&ID=324884&type=HTML&mobileYn=,2026-09-19 21:38:17.328397,,,
207490,손해배상(기),2017다239311,2019-05-10,2019,5,2,대법원,대법원,민사,판결,손해배상,law.go.kr,/DRF/lawService.do?OC=virtual.esq&target=prec&ID=207490&type=HTML&mobileYn=,2026-09-19 21:38:17.328397,,,
220167,공기호부정사용·부정사용공기호행사·자동차관리법위반·자동차손해배상보장법위반,2018고단3622,2019-05-03,2019,5,2,대전지방법원,지방/기타,형사,판결,손해배상,law.go.kr,/DRF/lawService.do?OC=virtual.esq&target=prec&ID=220167&type=HTML&mobileYn=,2026-09-19 21:38:17.328397,,,
225159,손해배상(기),2018다47694,2019-04-25,2019,4,2,대법원,대법원,민사,판결,손해배상,law.go.kr,/DRF/lawService.do?OC=virtual.esq&target=prec&ID=225159&type=HTML&mobileYn=,2026-09-19 21:38:17.328397,,,
225139,건물명도(인도)·손해배상(기),2018가합104060,2019-04-24,2019,4,2,인천지방법원부천지원,지방/기타,민사,판결,손해배상,law.go.kr,/DRF/lawService.do?OC=virtual.esq&target=prec&ID=225139&type=HTML&mobileYn=,2026-09-19 21:38:17.328397,,,
225137,손해배상(국),2018가단5104811,2019-04-24,2019,4,2,서울중앙지방법원,지방/기타,민사,판결,손해배상,law.go.kr,/DRF/lawService.do?OC=virtual.esq&target=prec&ID=225137&type=HTML&mobileYn=,2026-09-19 21:38:17.328397,,,
207123,손해배상(기),2018재나20200,2019-04-18,2019,4,2,서울고등법원,고등법원,민사,판결 : 상고,손해배상,law.go.kr,/DRF/lawService.do?OC=virtual.esq&target=prec&ID=207123&type=HTML&mobileYn=,2026-09-19 21:38:17.328397,,,
207100,손해배상(기),2016다276719,2019-04-11,2019,4,2,대법원,대법원,민사,판결,손해배상,law.go.kr,/DRF/lawService.do?OC=virtual.esq&target=prec&ID=207100&type=HTML&mobileYn=,2026-09-19 21:38:17.328397,,,
207095,손해배상(자),2018다300708,2019-04-11,2019,4,2,대법원,대법원,민사,판결,손해배상,law.go.kr,/DRF/lawService.do?OC=virtual.esq&target=prec&ID=207095&type=HTML&mobileYn=,2026-09-19 21:38:17.328397,,,
324674,손해배상 청구,서울서부지방법원-2017-가단-10827,2019-04-10,2019,4,2,,지방/기타,민사,,손해배상,law.go.kr,/DRF/lawService.do?OC=virtual.esq&target=prec&ID=324674&type=HTML&mobileYn=,2026-09-19 21:38:17.328397,,,
207107,손해배상(기),2017마6337,2019-04-10,2019,4,2,대법원,대법원,민사,결정,손해배상,law.go.kr,/DRF/lawService.do?OC=virtual.esq&target=prec&ID=207107&type=HTML&mobileYn=,2026-09-19 21:38:17.328397,,,
207132,손해배상(기),2018나58570,2019-04-09,2019,4,2,서울중앙지방법원,지방/기타,민사,판결 : 확정,손해배상,law.go.kr,/DRF/lawService.do?OC=virtual.esq&target=prec&ID=207132&type=HTML&mobileYn=,2026-09-19 21:38:17.328397,,,
206272,손해배상(기),2018나23581,2019-04-05,2019,4,2,광주고등법원,고등법원,민사,판결 : 상고,손해배상,law.go.kr,/DRF/lawService.do?OC=virtual.esq&target=prec&ID=206272&type=HTML&mobileYn=,2026-09-19 21:38:17.328397,,,
231075,손해배상(기),2018나107877,2019-04-04,2019,4,2,대전지방법원,지방/기타,민사,판결,손해배상,law.go.kr,/DRF/lawService.do?OC=virtual.esq&target=prec&ID=231075&type=HTML&mobileYn=,2026-09-19 21:38:17.328397,,,
225093,손해배상(기),2018다291958,2019-04-03,2019,4,2,대법원,대법원,민사,판결,손해배상,law.go.kr,/DRF/lawService.do?OC=virtual.esq&target=prec&ID=225093&type=HTML&mobileYn=,2026-09-19 21:38:17.328397,,,
207134,손해배상(기),2018나10660,2019-04-03,2019,4,2,서울중앙지방법원,지방/기타,민사,판결 : 확정,손해배상,law.go.kr,/DRF/lawService.do?OC=virtual.esq&target=prec&ID=207134&type=HTML&mobileYn=,2026-09-19 21:38:17.328397,,,
206286,손해배상(기),2018다286550,2019-04-03,2019,4,2,대법원,대법원,민사,판결,손해배상,law.go.kr,/DRF/lawService.do?OC=virtual.esq&target=prec&ID=206286&type=HTML&mobileYn=,2026-09-19 21:38:17.328397,,,
323430,손해배상금이 과세대상거래인지 여부,서울행정법원-2018-구합-67879,2019-03-29,2019,3,1,,지방/기타,일반행정,,손해배상,law.go.kr,/DRF/lawService.do?OC=virtual.esq&target=prec&ID=323430&type=HTML&mobileYn=,2026-09-19 21:38:17.328397,,,
220367,손해배상(기),2018나2013910,2019-03-22,2019,3,1,서울고등법원,고등법원,민사,판결,손해배상,law.go.kr,/DRF/lawService.do?OC=virtual.esq&target=prec&ID=220367&type=HTML&mobileYn=,2026-09-19 21:38:17.328397,,,
207124,손해배상(기),2018나23163,2019-03-21,2019,3,1,대구고등법원,고등법원,민사,판결 : 확정,손해배상,law.go.kr,/DRF/lawService.do?OC=virtual.esq&target=prec&ID=207124&type=HTML&mobileYn=,2026-09-19 21:38:17.328397,,,
205697,손해배상(지),2017다290095,2019-02-28,2019,2,1,대법원,대법원,민사,판결,손해배상,law.go.kr,/DRF/lawService.do?OC=virtual.esq&target=prec&ID=205697&type=HTML&mobileYn=,2026-09-19 21:38:17.328397,,,
205700,손해배상(기),2016다271608,2019-02-28,2019,2,1,대법원,대법원,민사,판결,손해배상,law.go.kr,/DRF/lawService.do?OC=virtual.esq&target=prec&ID=205700&type=HTML&mobileYn=,2026-09-19 21:38:17.328397,,,
324634,손해배상 청구이나 소송비용 담보명령을 이행하지 아니하여 각하결정,서울서부지방법원-2016-가단-7039,2019-02-22,2019,2,1,,지방/기타,민사,,손해배상,law.go.kr,/DRF/lawService.do?OC=virtual.esq&target=prec&ID=324634&type=HTML&mobileYn=,2026-09-19 21:38:17.328397,,,
205791,손해배상(기),2018다248909,2019-02-21,2019,2,1,대법원,대법원,민사,전원합의체 판결,손해배상,law.go.kr,/DRF/lawService.do?OC=virtual.esq&target=prec&ID=205791&type=HTML&mobileYn=,2026-09-19 21:38:17.328397,,,
225057,손해배상(산),2016가단17767,2019-02-20,2019,2,1,수원지방법원안산지원,지방/기타,민사,판결,손해배상,law.go.kr,/DRF/lawService.do?OC=virtual.esq&target=prec&ID=225057&type=HTML&mobileYn=,2026-09-19 21:38:17.328397,,,
422738,일종의 손해배상금 내지 위로금이 사건 각 토지의 취득에 필수불가결한 비용으로 볼 수 있는지 여부,2018두62836,2019-02-18,2019,2,1,대법원,대법원,일반행정,처분청일부패소,손해배상,law.go.kr,/DRF/lawService.do?OC=virtual.esq&target=prec&ID=422738&type=HTML&mobileYn=,2026-09-19 21:38:17.328397,,,
232699,손해배상(지)·손해배상(지)·손해배상(지),2018가합577411,2019-02-18,2019,2,1,서울중앙지방법원,지방/기타,민사,판결,손해배상,law.go.kr,/DRF/lawService.do?OC=virtual.esq&target=prec&ID=232699&type=HTML&mobileYn=,2026-09-19 21:38:17.328397,,,
238341,손해배상청구,2018나2003685,2019-02-15,2019,2,1,서울고등법원,고등법원,민사,판결,손해배상,law.go.kr,/DRF/lawService.do?OC=virtual.esq&target=prec&ID=238341&type=HTML&mobileYn=,2026-09-19 21:38:17.328397,,,
205368,손해배상(의),2017다203763,2019-02-14,2019,2,1,대법원,대법원,민사,판결,손해배상,law.go.kr,/DRF/lawService.do?OC=virtual.esq&target=prec&ID=205368&type=HTML&mobileYn=,2026-09-19 21:38:17.328397,,,
214743,손해배상(기),2013가합544331,2019-02-13,2019,2,1,서울중앙지방법원,지방/기타,민사,판결,손해배상,law.go.kr,/DRF/lawService.do?OC=virtual.esq&target=prec&ID=214743&type=HTML&mobileYn=,2026-09-19 21:38:17.328397,,,
225043,손해배상(기),2018가단107990,2019-02-13,2019,2,1,수원지방법원안양지원,지방/기타,민사,판결,손해배상,law.go.kr,/DRF/lawService.do?OC=virtual.esq&target=prec&ID=225043&type=HTML&mobileYn=,2026-09-19 21:38:17.328397,,,
204471,특허침해금지및손해배상청구의소,2018다267252,2019-01-31,2019,1,1,대법원,대법원,민사,판결,손해배상,law.go.kr,/DRF/lawService.do?OC=virtual.esq&target=prec&ID=204471&type=HTML&mobileYn=,2026-09-19 21:38:17.328397,,,
204506,손해배상(기),2017다284885,2019-01-31,2019,1,1,대법원,대법원,민사,판결,손해배상,law.go.kr,/DRF/lawService.do?OC=virtual.esq&target=prec&ID=204506&type=HTML&mobileYn=,2026-09-19 21:38:17.328397,,,
204501,손해배상(기),2017다203596,2019-01-31,2019,1,1,대법원,대법원,민사,판결,손해배상,law.go.kr,/DRF/lawService.do?OC=virtual.esq&target=prec&ID=204501&type=HTML&mobileYn=,2026-09-19 21:38:17.328397,,,
204520,손해배상(기),2018다255105,2019-01-31,2019,1,1,대법원,대법원,민사,판결,손해배상,law.go.kr,/DRF/lawService.do?OC=virtual.esq&target=prec&ID=204520&type=HTML&mobileYn=,2026-09-19 21:38:17.328397,,,
204473,손해배상(기),2016다258148,2019-01-31,2019,1,1,대법원,대법원,민사,판결,손해배상,law.go.kr,/DRF/lawService.do?OC=virtual.esq&target=prec&ID=204473&type=HTML&mobileYn=,2026-09-19 21:38:17.328397,,,
204489,손해배상(지),2017다289903,2019-01-31,2019,1,1,대법원,대법원,민사,판결,손해배상,law.go.kr,/DRF/lawService.do?OC=virtual.esq&target=prec&ID=204489&type=HTML&mobileYn=,2026-09-19 21:38:17.328397,,,
221887,손해배상(기),2017나2077085,2019-01-24,2019,1,1,서울고등법원,고등법원,민사,판결,손해배상,law.go.kr,/DRF/lawService.do?OC=virtual.esq&target=prec&ID=221887&type=HTML&mobileYn=,2026-09-19 21:38:17.328397,,,
233551,손해배상(기),2018가단5008463,2019-01-24,2019,1,1,서울중앙지방법원,지방/기타,민사,판결,손해배상,law.go.kr,/DRF/lawService.do?OC=virtual.esq&target=prec&ID=233551&type=HTML&mobileYn=,2026-09-19 21:38:17.328397,,,
205605,손해배상(기),2018나21822,2019-01-23,2019,1,1,대구고등법원,고등법원,민사,판결 : 상고,손해배상,law.go.kr,/DRF/lawService.do?OC=virtual.esq&target=prec&ID=205605&type=HTML&mobileYn=,2026-09-19 21:38:17.328397,,,
228469,손해배상(자),2018가단54721,2019-01-18,2019,1,1,울산지방법원,지방/기타,민사,판결,손해배상,law.go.kr,/DRF/lawService.do?OC=virtual.esq&target=prec&ID=228469&type=HTML&mobileYn=,2026-09-19 21:38:17.328397,,,
217625,손해배상(기),2018나47493,2019-01-18,2019,1,1,부산지방법원,지방/기타,민사,판결,손해배상,law.go.kr,/DRF/lawService.do?OC=virtual.esq&target=prec&ID=217625&type=HTML&mobileYn=,2026-09-19 21:38:17.328397,,,
208848,손해배상(기),2016다236131,2019-01-17,2019,1,1,대법원,대법원,민사,판결,손해배상,law.go.kr,/DRF/lawService.do?OC=virtual.esq&target=prec&ID=208848&type=HTML&mobileYn=,2026-09-19 21:38:17.328397,,,
208849,손해배상,2017다1448,2019-01-17,2019,1,1,대법원,대법원,민사,판결,손해배상,law.go.kr,/DRF/lawService.do?OC=virtual.esq&target=prec&ID=208849&type=HTML&mobileYn=,2026-09-19 21:38:17.328397,,,
618343,손해배상(기),2018다245702,2019-01-17,2019,1,1,대법원,대법원,민사,판결,손해배상,law.go.kr,/DRF/lawService.do?OC=virtual.esq&target=prec&ID=618343&type=HTML&mobileYn=,2026-09-19 21:38:17.328397,,,
204331,손해배상및매매대금반환,2018다24349,2019-01-17,2019,1,1,대법원,대법원,민사,판결,손해배상,law.go.kr,/DRF/lawService.do?OC=virtual.esq&target=prec&ID=204331&type=HTML&mobileYn=,2026-09-19 21:38:17.328397,,,
204335,손해배상(기),2015다236196,2019-01-17,2019,1,1,대법원,대법원,민사,판결,손해배상,law.go.kr,/DRF/lawService.do?OC=virtual.esq&target=prec&ID=204335&type=HTML&mobileYn=,2026-09-19 21:38:17.328397,,,
618319,손해배상(기),2015다236196,2019-01-17,2019,1,1,대법원,대법원,민사,판결,손해배상,law.go.kr,/DRF/lawService.do?OC=virtual.esq&target=prec&ID=618319&type=HTML&mobileYn=,2026-09-19 21:38:17.328397,,,
618347,손해배상및매매대금반환,2018다24349,2019-01-17,2019,1,1,대법원,대법원,민사,판결,손해배상,law.go.kr,/DRF/lawService.do?OC=virtual.esq&target=prec&ID=618347&type=HTML&mobileYn=,2026-09-19 21:38:17.328397,,,
618321,손해배상(기),2016두60287,2019-01-17,2019,1,1,대법원,대법원,일반행정,판결,손해배상,law.go.kr,/DRF/lawService.do?OC=virtual.esq&target=prec&ID=618321&type=HTML&mobileYn=,2026-09-19 21:38:17.328397,,,
204347,손해배상(기),2018다245702,2019-01-17,2019,1,1,대법원,대법원,민사,판결,손해배상,law.go.kr,/DRF/lawService.do?OC=virtual.esq&target=prec&ID=204347&type=HTML&mobileYn=,2026-09-19 21:38:17.328397,,,
204343,손해배상(기),2016두60287,2019-01-17,2019,1,1,대법원,대법원,일반행정,판결,손해배상,law.go.kr,/DRF/lawService.do?OC=virtual.esq&target=prec&ID=204343&type=HTML&mobileYn=,2026-09-19 21:38:17.328397,,,
213511,손해배상(기),2015나21867,2019-01-15,2019,1,1,서울중앙지방법원,지방/기타,민사,판결,손해배상,law.go.kr,/DRF/lawService.do?OC=virtual.esq&target=prec&ID=213511&type=HTML&mobileYn=,2026-09-19 21:38:17.328397,,,
224999,손해배상(기),2018나35621,2019-01-11,2019,1,1,서울중앙지방법원,지방/기타,민사,판결,손해배상,law.go.kr,/DRF/lawService.do?OC=virtual.esq&target=prec&ID=224999&type=HTML&mobileYn=,2026-09-19 21:38:17.328397,,,
224995,손해배상(기),2018가합50059,2019-01-10,2019,1,1,대구지방법원서부지원,지방/기타,민사,판결,손해배상,law.go.kr,/DRF/lawService.do?OC=virtual.esq&target=prec&ID=224995&type=HTML&mobileYn=,2026-09-19 21:38:17.328397,,,
239809,손해배상(기),2018나2014531,2019-01-10,2019,1,1,서울고등법원,고등법원,민사,판결,손해배상,law.go.kr,/DRF/lawService.do?OC=virtual.esq&target=prec&ID=239809&type=HTML&mobileYn=,2026-09-19 21:38:17.329396,,,
209263,손해배상(기),2017나2076556,2019-01-09,2019,1,1,서울고등법원,고등법원,민사,판결,손해배상,law.go.kr,/DRF/lawService.do?OC=virtual.esq&target=prec&ID=209263&type=HTML&mobileYn=,2026-09-19 21:38:17.329396,,,
209262,손해배상(기),2018나10212,2019-01-09,2019,1,1,광주고등법원,고등법원,민사,판결,손해배상,law.go.kr,/DRF/lawService.do?OC=virtual.esq&target=prec&ID=209262&type=HTML&mobileYn=,2026-09-19 21:38:17.329396,,,
204219,손해배상(기),2016다33196,2018-12-28,2018,12,4,대법원,대법원,민사,판결,손해배상,law.go.kr,/DRF/lawService.do?OC=virtual.esq&target=prec&ID=204219&type=HTML&mobileYn=,2026-09-19 21:38:17.329396,,,
207580,손해배상,2017다256910,2018-12-28,2018,12,4,대법원,대법원,민사,판결,손해배상,law.go.kr,/DRF/lawService.do?OC=virtual.esq&target=prec&ID=207580&type=HTML&mobileYn=,2026-09-19 21:38:17.329396,,,
207581,손해배상(기),2018다214142,2018-12-28,2018,12,4,대법원,대법원,민사,판결,손해배상,law.go.kr,/DRF/lawService.do?OC=virtual.esq&target=prec&ID=207581&type=HTML&mobileYn=,2026-09-19 21:38:17.329396,,,
207579,손해배상(기),2017다207994,2018-12-28,2018,12,4,대법원,대법원,민사,판결,손해배상,law.go.kr,/DRF/lawService.do?OC=virtual.esq&target=prec&ID=207579&type=HTML&mobileYn=,2026-09-19 21:38:17.329396,,,
204226,손해배상(기),2016다266736,2018-12-27,2018,12,4,대법원,대법원,민사,판결,손해배상,law.go.kr,/DRF/lawService.do?OC=virtual.esq&target=prec&ID=204226&type=HTML&mobileYn=,2026-09-19 21:38:17.329396,,,
207588,임금·손해배상(기),2018다245160,2018-12-27,2018,12,4,대법원,대법원,민사,판결,손해배상,law.go.kr,/DRF/lawService.do?OC=virtual.esq&target=prec&ID=207588&type=HTML&mobileYn=,2026-09-19 21:38:17.329396,,,
204230,손해배상청구등·부당이득금반환,2016다274270,2018-12-27,2018,12,4,대법원,대법원,민사,판결,손해배상,law.go.kr,/DRF/lawService.do?OC=virtual.esq&target=prec&ID=204230&type=HTML&mobileYn=,2026-09-19 21:38:17.329396,,,
207594,손해배상(기),2016다43872,2018-12-27,2018,12,4,대법원,대법원,민사,판결,손해배상,law.go.kr,/DRF/lawService.do?OC=virtual.esq&target=prec&ID=207594&type=HTML&mobileYn=,2026-09-19 21:38:17.329396,,,
209581,손해배상(기),2016다259905,2018-12-13,2018,12,4,대법원,대법원,민사,판결,손해배상,law.go.kr,/DRF/lawService.do?OC=virtual.esq&target=prec&ID=209581&type=HTML&mobileYn=,2026-09-19 21:38:17.329396,,,
204247,손해배상(의),2018다10562,2018-12-13,2018,12,4,대법원,대법원,민사,판결,손해배상,law.go.kr,/DRF/lawService.do?OC=virtual.esq&target=prec&ID=204247&type=HTML&mobileYn=,2026-09-19 21:38:17.329396,,,
205654,손해배상(지),2017나2523,2018-12-07,2018,12,4,특허법원,지방/기타,민사,판결 : 상고,손해배상,law.go.kr,/DRF/lawService.do?OC=virtual.esq&target=prec&ID=205654&type=HTML&mobileYn=,2026-09-19 21:38:17.329396,,,
224971,손해배상(기),2018누39357,2018-12-06,2018,12,4,서울고등법원,고등법원,일반행정,판결,손해배상,law.go.kr,/DRF/lawService.do?OC=virtual.esq&target=prec&ID=224971&type=HTML&mobileYn=,2026-09-19 21:38:17.330398,,,
232703,손해배상,2017나207995,2018-12-05,2018,12,4,의정부지방법원,지방/기타,민사,판결,손해배상,law.go.kr,/DRF/lawService.do?OC=virtual.esq&target=prec&ID=232703&type=HTML&mobileYn=,2026-09-19 21:38:17.330398,,,
205616,손해배상(기),2017나13822,2018-12-05,2018,12,4,광주고등법원,고등법원,민사,판결 : 상고,손해배상,law.go.kr,/DRF/lawService.do?OC=virtual.esq&target=prec&ID=205616&type=HTML&mobileYn=,2026-09-19 21:38:17.330398,,,
205614,손해배상(기),2018누3890,2018-11-30,2018,11,4,대구고등법원,고등법원,일반행정,판결 : 확정,손해배상,law.go.kr,/DRF/lawService.do?OC=virtual.esq&target=prec&ID=205614&type=HTML&mobileYn=,2026-09-19 21:38:17.330398,,,
204274,손해배상(기)등,2017다35717,2018-11-29,2018,11,4,대법원,대법원,민사,판결,손해배상,law.go.kr,/DRF/lawService.do?OC=virtual.esq&target=prec&ID=204274&type=HTML&mobileYn=,2026-09-19 21:38:17.330398,,,
206320,손해배상(기),2017다207529,2018-11-29,2018,11,4,대법원,대법원,민사,판결,손해배상,law.go.kr,/DRF/lawService.do?OC=virtual.esq&target=prec&ID=206320&type=HTML&mobileYn=,2026-09-19 21:38:17.330398,,,
204270,채무부존재확인·손해배상,2016다266606,2018-11-29,2018,11,4,대법원,대법원,민사,판결,손해배상,law.go.kr,/DRF/lawService.do?OC=virtual.esq&target=prec&ID=204270&type=HTML&mobileYn=,2026-09-19 21:38:17.330398,,,
206330,손해배상(기)등,2016다11226,2018-11-29,2018,11,4,대법원,대법원,민사,판결,손해배상,law.go.kr,/DRF/lawService.do?OC=virtual.esq&target=prec&ID=206330&type=HTML&mobileYn=,2026-09-19 21:38:17.330398,,,
206331,손해배상(기)등,2016다12748,2018-11-29,2018,11,4,대법원,대법원,민사,판결,손해배상,law.go.kr,/DRF/lawService.do?OC=virtual.esq&target=prec&ID=206331&type=HTML&mobileYn=,2026-09-19 21:38:17.330398,,,
206327,손해배상(기),2015다45420,2018-11-29,2018,11,4,대법원,대법원,민사,판결,손해배상,law.go.kr,/DRF/lawService.do?OC=virtual.esq&target=prec&ID=206327&type=HTML&mobileYn=,2026-09-19 21:38:17.330398,,,
207171,손해배상(자),2018나73102,2018-11-29,2018,11,4,수원지방법원,지방/기타,민사,판결,손해배상,law.go.kr,/DRF/lawService.do?OC=virtual.esq&target=prec&ID=207171&type=HTML&mobileYn=,2026-09-19 21:38:17.330398,,,
211371,손해배상(기),2017나81740,2018-11-29,2018,11,4,서울중앙지방법원,지방/기타,민사,판결,손해배상,law.go.kr,/DRF/lawService.do?OC=virtual.esq&target=prec&ID=211371&type=HTML&mobileYn=,2026-09-19 21:38:17.330398,,,
206325,손해배상(기)등,2013다67587,2018-11-29,2018,11,4,대법원,대법원,민사,판결,손해배상,law.go.kr,/DRF/lawService.do?OC=virtual.esq&target=prec&ID=206325&type=HTML&mobileYn=,2026-09-19 21:38:17.330398,,,
230771,손해배상(기),2017나2015452,2018-11-23,2018,11,4,서울고등법원,고등법원,민사,판결,손해배상,law.go.kr,/DRF/lawService.do?OC=virtual.esq&target=prec&ID=230771&type=HTML&mobileYn=,2026-09-19 21:38:17.330398,,,
205618,손해배상(국),2017나2061141,2018-11-23,2018,11,4,서울고등법원,고등법원,민사,판결 : 상고,손해배상,law.go.kr,/DRF/lawService.do?OC=virtual.esq&target=prec&ID=205618&type=HTML&mobileYn=,2026-09-19 21:38:17.330398,,,
224945,손해배상(기),2017나2075591,2018-11-16,2018,11,4,서울고등법원,고등법원,민사,판결,손해배상,law.go.kr,/DRF/lawService.do?OC=virtual.esq&target=prec&ID=224945&type=HTML&mobileYn=,2026-09-19 21:38:17.330398,,,
204297,손해배상(의),2016다244491,2018-11-15,2018,11,4,대법원,대법원,민사,판결,손해배상,law.go.kr,/DRF/lawService.do?OC=virtual.esq&target=prec&ID=204297&type=HTML&mobileYn=,2026-09-19 21:38:17.330398,,,
204295,손해배상등[일시적 복제에 의한 복제권 침해가 쟁점이 된 사건(동시접속 라이선스 사건)],2016다20916,2018-11-15,2018,11,4,대법원,대법원,민사,판결,손해배상,law.go.kr,/DRF/lawService.do?OC=virtual.esq&target=prec&ID=204295&type=HTML&mobileYn=,2026-09-19 21:38:17.330398,,,
206338,손해배상(기),2018다240462,2018-11-09,2018,11,4,대법원,대법원,민사,판결,손해배상,law.go.kr,/DRF/lawService.do?OC=virtual.esq&target=prec&ID=206338&type=HTML&mobileYn=,2026-09-19 21:38:17.330398,,,
217189,손해배상(기),2018나11834,2018-11-01,2018,11,4,부산고등법원창원재판부,고등법원,민사,판결,손해배상,law.go.kr,/DRF/lawService.do?OC=virtual.esq&target=prec&ID=217189&type=HTML&mobileYn=,2026-09-19 21:38:17.330398,,,
204189,손해배상(기),2014다61654,2018-10-30,2018,10,4,대법원,대법원,민사,전원합의체 판결,손해배상,law.go.kr,/DRF/lawService.do?OC=virtual.esq&target=prec&ID=204189&type=HTML&mobileYn=,2026-09-19 21:38:17.330398,,,
204201,손해배상(기),2013다61381,2018-10-30,2018,10,4,대법원,대법원,민사,전원합의체 판결,손해배상,law.go.kr,/DRF/lawService.do?OC=virtual.esq&target=prec&ID=204201&type=HTML&mobileYn=,2026-09-19 21:38:17.330398,,,
224929,손해배상(기),2014가합530889,2018-10-26,2018,10,4,서울중앙지방법원,지방/기타,민사,판결,손해배상,law.go.kr,/DRF/lawService.do?OC=virtual.esq&target=prec&ID=224929&type=HTML&mobileYn=,2026-09-19 21:38:17.330398,,,
220225,손해배상(기),2017가단334151,2018-10-26,2018,10,4,부산지방법원,지방/기타,민사,판결,손해배상,law.go.kr,/DRF/lawService.do?OC=virtual.esq&target=prec&ID=220225&type=HTML&mobileYn=,2026-09-19 21:38:17.330398,,,
205664,손해배상(기),2018나1299,2018-10-26,2018,10,4,특허법원,지방/기타,민사,판결 : 확정,손해배상,law.go.kr,/DRF/lawService.do?OC=virtual.esq&target=prec&ID=205664&type=HTML&mobileYn=,2026-09-19 21:38:17.330398,,,
206347,손해배상(기),2018다223214,2018-10-25,2018,10,4,대법원,대법원,민사,판결,손해배상,law.go.kr,/DRF/lawService.do?OC=virtual.esq&target=prec&ID=206347&type=HTML&mobileYn=,2026-09-19 21:38:17.330398,,,
206352,손해배상(기),2015다205536,2018-10-25,2018,10,4,대법원,대법원,민사,판결,손해배상,law.go.kr,/DRF/lawService.do?OC=virtual.esq&target=prec&ID=206352&type=HTML&mobileYn=,2026-09-19 21:38:17.330398,,,
203880,손해배상(기),2016다16191,2018-10-25,2018,10,4,대법원,대법원,민사,판결,손해배상,law.go.kr,/DRF/lawService.do?OC=virtual.esq&target=prec&ID=203880&type=HTML&mobileYn=,2026-09-19 21:38:17.330398,,,
206342,손해배상(기),2015다219030,2018-10-25,2018,10,4,대법원,대법원,민사,판결,손해배상,law.go.kr,/DRF/lawService.do?OC=virtual.esq&target=prec&ID=206342&type=HTML&mobileYn=,2026-09-19 21:38:17.330398,,,
206345,손해배상(기),2018다219352,2018-10-25,2018,10,4,대법원,대법원,민사,판결,손해배상,law.go.kr,/DRF/lawService.do?OC=virtual.esq&target=prec&ID=206345&type=HTML&mobileYn=,2026-09-19 21:38:17.330398,,,
203859,손해배상(기)·손해배상(기),2017다287648,2018-10-25,2018,10,4,대법원,대법원,민사,판결,손해배상,law.go.kr,/DRF/lawService.do?OC=virtual.esq&target=prec&ID=203859&type=HTML&mobileYn=,2026-09-19 21:38:17.330398,,,
206346,손해배상(기),2018다219406,2018-10-25,2018,10,4,대법원,대법원,민사,판결,손해배상,law.go.kr,/DRF/lawService.do?OC=virtual.esq&target=prec&ID=206346&type=HTML&mobileYn=,2026-09-19 21:38:17.330398,,,
203858,손해배상금청구등의소,2017다272103,2018-10-25,2018,10,4,대법원,대법원,민사,판결,손해배상,law.go.kr,/DRF/lawService.do?OC=virtual.esq&target=prec&ID=203858&type=HTML&mobileYn=,2026-09-19 21:38:17.330398,,,
206344,손해배상(기),2016다223067,2018-10-25,2018,10,4,대법원,대법원,민사,판결,손해배상,law.go.kr,/DRF/lawService.do?OC=virtual.esq&target=prec&ID=206344&type=HTML&mobileYn=,2026-09-19 21:38:17.330398,,,
206351,손해배상,2013다44720,2018-10-25,2018,10,4,대법원,대법원,민사,판결,손해배상,law.go.kr,/DRF/lawService.do?OC=virtual.esq&target=prec&ID=206351&type=HTML&mobileYn=,2026-09-19 21:38:17.330398,,,
224913,채무부존재확인·손해배상·손해배상,2016가합506972,2018-10-18,2018,10,4,서울중앙지방법원,지방/기타,민사,판결,손해배상,law.go.kr,/DRF/lawService.do?OC=virtual.esq&target=prec&ID=224913&type=HTML&mobileYn=,2026-09-19 21:38:17.330398,,,
220227,손해배상(기),2017나63308,2018-10-17,2018,10,4,서울중앙지방법원,지방/기타,민사,판결,손해배상,law.go.kr,/DRF/lawService.do?OC=virtual.esq&target=prec&ID=220227&type=HTML&mobileYn=,2026-09-19 21:38:17.330398,,,
209287,손해배상(기),2017나83713,2018-10-17,2018,10,4,수원지방법원,지방/기타,민사,판결,손해배상,law.go.kr,/DRF/lawService.do?OC=virtual.esq&target=prec&ID=209287&type=HTML&mobileYn=,2026-09-19 21:38:17.330398,,,
207173,손해배상(기),2017나88574,2018-10-12,2018,10,4,서울중앙지방법원,지방/기타,민사,판결,손해배상,law.go.kr,/DRF/lawService.do?OC=virtual.esq&target=prec&ID=207173&type=HTML&mobileYn=,2026-09-19 21:38:17.330398,,,
205718,손해배상,2014다51855,2018-10-12,2018,10,4,대법원,대법원,민사,판결,손해배상,law.go.kr,/DRF/lawService.do?OC=virtual.esq&target=prec&ID=205718&type=HTML&mobileYn=,2026-09-19 21:38:17.330398,,,
203771,손해배상(기),2016다243115,2018-10-12,2018,10,4,대법원,대법원,민사,판결,손해배상,law.go.kr,/DRF/lawService.do?OC=virtual.esq&target=prec&ID=203771&type=HTML&mobileYn=,2026-09-19 21:38:17.330398,,,
203769,손해배상(기),2017다6108,2018-10-12,2018,10,4,대법원,대법원,민사,판결,손해배상,law.go.kr,/DRF/lawService.do?OC=virtual.esq&target=prec&ID=203769&type=HTML&mobileYn=,2026-09-19 21:38:17.330398,,,
207495,손해배상(지),2015나2047271,2018-10-11,2018,10,4,서울고등법원,고등법원,민사,판결,손해배상,law.go.kr,/DRF/lawService.do?OC=virtual.esq&target=prec&ID=207495&type=HTML&mobileYn=,2026-09-19 21:38:17.330398,,,
224901,손해배상(기),2018나22093,2018-10-10,2018,10,4,서울동부지방법원,지방/기타,민사,판결,손해배상,law.go.kr,/DRF/lawService.do?OC=virtual.esq&target=prec&ID=224901&type=HTML&mobileYn=,2026-09-19 21:38:17.330398,,,
205636,손해배상(지),2017나1810,2018-10-05,2018,10,4,특허법원,지방/기타,민사,판결 : 확정,손해배상,law.go.kr,/DRF/lawService.do?OC=virtual.esq&target=prec&ID=205636&type=HTML&mobileYn=,2026-09-19 21:38:17.330398,,,
205720,손해배상(기),2018다237183,2018-10-04,2018,10,4,대법원,대법원,민사,판결,손해배상,law.go.kr,/DRF/lawService.do?OC=virtual.esq&target=prec&ID=205720&type=HTML&mobileYn=,2026-09-19 21:38:17.330398,,,
203776,채무부존재확인·손해배상(기),2015다253184,2018-10-04,2018,10,4,대법원,대법원,민사,판결,손해배상,law.go.kr,/DRF/lawService.do?OC=virtual.esq&target=prec&ID=203776&type=HTML&mobileYn=,2026-09-19 21:38:17.330398,,,
205721,채무부존재확인·손해배상(의),2018다236296,2018-10-04,2018,10,4,대법원,대법원,민사,판결,손해배상,law.go.kr,/DRF/lawService.do?OC=virtual.esq&target=prec&ID=205721&type=HTML&mobileYn=,2026-09-19 21:38:17.330398,,,
203976,손해배상(산),2016다41869,2018-10-04,2018,10,4,대법원,대법원,민사,판결,손해배상,law.go.kr,/DRF/lawService.do?OC=virtual.esq&target=prec&ID=203976&type=HTML&mobileYn=,2026-09-19 21:38:17.330398,,,
204194,손해배상[투자자들이 금융투자업자를 상대로 설명의무 위반 등으로 인한 손해배상을 청구하는 사건],2015다69853,2018-09-28,2018,9,3,대법원,대법원,민사,판결,손해배상,law.go.kr,/DRF/lawService.do?OC=virtual.esq&target=prec&ID=204194&type=HTML&mobileYn=,2026-09-19 21:38:17.330398,,,
205665,손해배상(기),2017나69021,2018-09-20,2018,9,3,수원지방법원,지방/기타,민사,판결 : 확정,손해배상,law.go.kr,/DRF/lawService.do?OC=virtual.esq&target=prec&ID=205665&type=HTML&mobileYn=,2026-09-19 21:38:17.330398,,,
227769,손해배상(기),2018나10249,2018-09-19,2018,9,3,대전고등법원,고등법원,민사,판결,손해배상,law.go.kr,/DRF/lawService.do?OC=virtual.esq&target=prec&ID=227769&type=HTML&mobileYn=,2026-09-19 21:38:17.331396,,,
224887,손해배상(자),2017나48279,2018-09-14,2018,9,3,서울중앙지방법원,지방/기타,민사,판결,손해배상,law.go.kr,/DRF/lawService.do?OC=virtual.esq&target=prec&ID=224887&type=HTML&mobileYn=,2026-09-19 21:38:17.331396,,,
203020,손해배상,2015다48412,2018-09-13,2018,9,3,대법원,대법원,민사,판결,손해배상,law.go.kr,/DRF/lawService.do?OC=virtual.esq&target=prec&ID=203020&type=HTML&mobileYn=,2026-09-19 21:38:17.331396,,,
218395,손해배상(기),2018나2021522,2018-09-13,2018,9,3,서울고등법원,고등법원,민사,판결,손해배상,law.go.kr,/DRF/lawService.do?OC=virtual.esq&target=prec&ID=218395&type=HTML&mobileYn=,2026-09-19 21:38:17.331396,,,
203033,손해배상등,2016다35802,2018-09-13,2018,9,3,대법원,대법원,민사,판결,손해배상,law.go.kr,/DRF/lawService.do?OC=virtual.esq&target=prec&ID=203033&type=HTML&mobileYn=,2026-09-19 21:38:17.331396,,,
205730,손해배상청구의소,2018다241403,2018-09-13,2018,9,3,대법원,대법원,민사,판결,손해배상,law.go.kr,/DRF/lawService.do?OC=virtual.esq&target=prec&ID=205730&type=HTML&mobileYn=,2026-09-19 21:38:17.331396,,,
205619,손해배상(기),2017나2049752,2018-09-07,2018,9,3,서울고등법원,고등법원,민사,판결 : 상고,손해배상,law.go.kr,/DRF/lawService.do?OC=virtual.esq&target=prec&ID=205619&type=HTML&mobileYn=,2026-09-19 21:38:17.331396,,,
217083,손해배상(기),2016나686,2018-08-31,2018,8,3,서울고등법원,고등법원,민사,판결,손해배상,law.go.kr,/DRF/lawService.do?OC=virtual.esq&target=prec&ID=217083&type=HTML&mobileYn=,2026-09-19 21:38:17.331396,,,
217085,손해배상(기),2017나2058831,2018-08-30,2018,8,3,서울고등법원,고등법원,민사,판결,손해배상,law.go.kr,/DRF/lawService.do?OC=virtual.esq&target=prec&ID=217085&type=HTML&mobileYn=,2026-09-19 21:38:17.331396,,,
204566,채무부존재확인·손해배상(산),2016다165,2018-08-30,2018,8,3,대법원,대법원,민사,판결,손해배상,law.go.kr,/DRF/lawService.do?OC=virtual.esq&target=prec&ID=204566&type=HTML&mobileYn=,2026-09-19 21:38:17.331396,,,
235677,손해배상(기),2018나251,2018-08-30,2018,8,3,울산지방법원,지방/기타,민사,판결,손해배상,law.go.kr,/DRF/lawService.do?OC=virtual.esq&target=prec&ID=235677&type=HTML&mobileYn=,2026-09-19 21:38:17.331396,,,
214787,우선협상대상자 지정취소로 인한 손해배상,2016가합580475,2018-08-29,2018,8,3,서울중앙지방법원,지방/기타,민사,판결,손해배상,law.go.kr,/DRF/lawService.do?OC=virtual.esq&target=prec&ID=214787&type=HTML&mobileYn=,2026-09-19 21:38:17.331396,,,
302652,손해배상 해당여부,천안지원-2017-가단-10394,2018-08-29,2018,8,3,,지방/기타,민사,,손해배상,law.go.kr,/DRF/lawService.do?OC=virtual.esq&target=prec&ID=302652&type=HTML&mobileYn=,2026-09-19 21:38:17.331396,,,
214713,손해배상(기),2017가단5243733,2018-08-22,2018,8,3,서울중앙지방법원,지방/기타,민사,판결 : 항소,손해배상,law.go.kr,/DRF/lawService.do?OC=virtual.esq&target=prec&ID=214713&type=HTML&mobileYn=,2026-09-19 21:38:17.331396,,,
614611,손해배상(기),2017나10869,2018-08-16,2018,8,3,수원지방법원,지방/기타,민사,판결,손해배상,law.go.kr,/DRF/lawService.do?OC=virtual.esq&target=prec&ID=614611&type=HTML&mobileYn=,2026-09-19 21:38:17.331396,,,
224853,특허침해금지및손해배상청구의소,2017나2684,2018-08-16,2018,8,3,특허법원,지방/기타,민사,판결,손해배상,law.go.kr,/DRF/lawService.do?OC=virtual.esq&target=prec&ID=224853&type=HTML&mobileYn=,2026-09-19 21:38:17.331396,,,
601435,손해배상(기)·부당이득금,2017가합520852,2018-08-10,2018,8,3,서울중앙지방법원,지방/기타,민사,판결,손해배상,law.go.kr,/DRF/lawService.do?OC=virtual.esq&target=prec&ID=601435&type=HTML&mobileYn=,2026-09-19 21:38:17.331396,,,
217681,손해배상(산),2018나51853,2018-08-09,2018,8,3,인천지방법원,지방/기타,민사,판결,손해배상,law.go.kr,/DRF/lawService.do?OC=virtual.esq&target=prec&ID=217681&type=HTML&mobileYn=,2026-09-19 21:38:17.331396,,,
305260,손해배상(기),수원지방법원-2017-가단-536988,2018-08-07,2018,8,3,,지방/기타,민사,,손해배상,law.go.kr,/DRF/lawService.do?OC=virtual.esq&target=prec&ID=305260&type=HTML&mobileYn=,2026-09-19 21:38:17.331396,,,
204578,손해배상(기),2015다246810,2018-08-01,2018,8,3,대법원,대법원,민사,판결,손해배상,law.go.kr,/DRF/lawService.do?OC=virtual.esq&target=prec&ID=204578&type=HTML&mobileYn=,2026-09-19 21:38:17.331396,,,
201270,손해배상(기),2018다227865,2018-08-01,2018,8,3,대법원,대법원,민사,판결,손해배상,law.go.kr,/DRF/lawService.do?OC=virtual.esq&target=prec&ID=201270&type=HTML&mobileYn=,2026-09-19 21:38:17.331396,,,
201274,손해배상등,2016다205908,2018-07-26,2018,7,3,대법원,대법원,민사,판결,손해배상,law.go.kr,/DRF/lawService.do?OC=virtual.esq&target=prec&ID=201274&type=HTML&mobileYn=,2026-09-19 21:38:17.331396,,,
205674,손해배상(국),2017가합521428,2018-07-26,2018,7,3,서울중앙지방법원,지방/기타,민사,판결 : 항소,손해배상,law.go.kr,/DRF/lawService.do?OC=virtual.esq&target=prec&ID=205674&type=HTML&mobileYn=,2026-09-19 21:38:17.331396,,,
204882,손해배상(기),2016다35352,2018-07-20,2018,7,3,대법원,대법원,민사,판결,손해배상,law.go.kr,/DRF/lawService.do?OC=virtual.esq&target=prec&ID=204882&type=HTML&mobileYn=,2026-09-19 21:38:17.331396,,,
204775,손해배상(기),2016다220099,2018-07-20,2018,7,3,대법원,대법원,민사,판결,손해배상,law.go.kr,/DRF/lawService.do?OC=virtual.esq&target=prec&ID=204775&type=HTML&mobileYn=,2026-09-19 21:38:17.331396,,,
199836,등록금환불(학교법인이 운영하는 대학교의 시설미비 등을 이유로 학교법인 등을 상대로 손해배상을 청구한 사건),2016다34281,2018-07-20,2018,7,3,대법원,대법원,민사,판결,손해배상,law.go.kr,/DRF/lawService.do?OC=virtual.esq&target=prec&ID=199836&type=HTML&mobileYn=,2026-09-19 21:38:17.331396,,,
220371,손해배상(의),2017나2060247,2018-07-19,2018,7,3,서울고등법원,고등법원,민사,판결,손해배상,law.go.kr,/DRF/lawService.do?OC=virtual.esq&target=prec&ID=220371&type=HTML&mobileYn=,2026-09-19 21:38:17.331396,,,
205652,손해배상(기)·손해배상(기)·손해배상(기)·손해배상(기)·손해배상(기),2015가합560627,2018-07-19,2018,7,3,서울중앙지방법원,지방/기타,민사,판결 : 항소,손해배상,law.go.kr,/DRF/lawService.do?OC=virtual.esq&target=prec&ID=205652&type=HTML&mobileYn=,2026-09-19 21:38:17.331396,,,
231079,손해배상(기),2018나54491,2018-07-19,2018,7,3,수원지방법원,지방/기타,민사,판결,손해배상,law.go.kr,/DRF/lawService.do?OC=virtual.esq&target=prec&ID=231079&type=HTML&mobileYn=,2026-09-19 21:38:17.331396,,,
204886,손해배상(기),2015다249147,2018-07-12,2018,7,3,대법원,대법원,민사,판결,손해배상,law.go.kr,/DRF/lawService.do?OC=virtual.esq&target=prec&ID=204886&type=HTML&mobileYn=,2026-09-19 21:38:17.331396,,,
204884,손해배상(기),2017다249516,2018-07-12,2018,7,3,대법원,대법원,민사,판결,손해배상,law.go.kr,/DRF/lawService.do?OC=virtual.esq&target=prec&ID=204884&type=HTML&mobileYn=,2026-09-19 21:38:17.331396,,,
199864,손해배상(기),2015다68348,2018-07-12,2018,7,3,대법원,대법원,민사,판결,손해배상,law.go.kr,/DRF/lawService.do?OC=virtual.esq&target=prec&ID=199864&type=HTML&mobileYn=,2026-09-19 21:38:17.331396,,,
204885,손해배상(산),2016재다50045,2018-07-12,2018,7,3,대법원,대법원,민사,판결,손해배상,law.go.kr,/DRF/lawService.do?OC=virtual.esq&target=prec&ID=204885&type=HTML&mobileYn=,2026-09-19 21:38:17.331396,,,
199870,손해배상(기),2017다263703,2018-07-11,2018,7,3,대법원,대법원,민사,판결,손해배상,law.go.kr,/DRF/lawService.do?OC=virtual.esq&target=prec&ID=199870&type=HTML&mobileYn=,2026-09-19 21:38:17.331396,,,
601457,손해배상(기),2017나2055054,2018-07-11,2018,7,3,서울고등법원,고등법원,민사,판결,손해배상,law.go.kr,/DRF/lawService.do?OC=virtual.esq&target=prec&ID=601457&type=HTML&mobileYn=,2026-09-19 21:38:17.331396,,,
224835,손해배상(기),2017나85931,2018-07-10,2018,7,3,수원지방법원,지방/기타,민사,판결,손해배상,law.go.kr,/DRF/lawService.do?OC=virtual.esq&target=prec&ID=224835&type=HTML&mobileYn=,2026-09-19 21:38:17.331396,,,
217093,손해배상(기),2017나2055146,2018-06-29,2018,6,2,서울고등법원,고등법원,민사,판결,손해배상,law.go.kr,/DRF/lawService.do?OC=virtual.esq&target=prec&ID=217093&type=HTML&mobileYn=,2026-09-19 21:38:17.331396,,,
204889,손해배상(산),2017다269374,2018-06-28,2018,6,2,대법원,대법원,민사,판결,손해배상,law.go.kr,/DRF/lawService.do?OC=virtual.esq&target=prec&ID=204889&type=HTML&mobileYn=,2026-09-19 21:38:17.331396,,,
228429,손해배상(기)·위약벌,2017나2073069,2018-06-22,2018,6,2,서울고등법원,고등법원,민사,판결,손해배상,law.go.kr,/DRF/lawService.do?OC=virtual.esq&target=prec&ID=228429&type=HTML&mobileYn=,2026-09-19 21:38:17.331396,,,
218671,손해배상(기),2015나2407,2018-06-21,2018,6,2,대전고등법원,고등법원,민사,판결,손해배상,law.go.kr,/DRF/lawService.do?OC=virtual.esq&target=prec&ID=218671&type=HTML&mobileYn=,2026-09-19 21:38:17.331396,,,
197597,손해배상(기),2016다212272,2018-06-15,2018,6,2,대법원,대법원,민사,판결,손해배상,law.go.kr,/DRF/lawService.do?OC=virtual.esq&target=prec&ID=197597&type=HTML&mobileYn=,2026-09-19 21:38:17.331396,,,
204895,손해배상(기),2017다249769,2018-06-15,2018,6,2,대법원,대법원,민사,판결,손해배상,law.go.kr,/DRF/lawService.do?OC=virtual.esq&target=prec&ID=204895&type=HTML&mobileYn=,2026-09-19 21:38:17.331396,,,
224819,손해배상(기,2013가합525125,2018-06-14,2018,6,2,서울중앙지방법원,지방/기타,민사,판결,손해배상,law.go.kr,/DRF/lawService.do?OC=virtual.esq&target=prec&ID=224819&type=HTML&mobileYn=,2026-09-19 21:38:17.331396,,,
206361,손해배상(기),2018나2016032,2018-06-14,2018,6,2,서울고등법원,고등법원,민사,판결,손해배상,law.go.kr,/DRF/lawService.do?OC=virtual.esq&target=prec&ID=206361&type=HTML&mobileYn=,2026-09-19 21:38:17.331396,,,
206205,손해배상(기),2017나10407,2018-06-07,2018,6,2,전주지방법원,지방/기타,민사,판결,손해배상,law.go.kr,/DRF/lawService.do?OC=virtual.esq&target=prec&ID=206205&type=HTML&mobileYn=,2026-09-19 21:38:17.331396,,,
242105,손해배상(기),2015가합553438,2018-05-31,2018,5,2,서울중앙지방법원,지방/기타,민사,판결,손해배상,law.go.kr,/DRF/lawService.do?OC=virtual.esq&target=prec&ID=242105&type=HTML&mobileYn=,2026-09-19 21:38:17.331396,,,
224807,손해배상(기),2016가단5237427,2018-05-30,2018,5,2,서울중앙지방법원,지방/기타,민사,판결,손해배상,law.go.kr,/DRF/lawService.do?OC=virtual.esq&target=prec&ID=224807&type=HTML&mobileYn=,2026-09-19 21:38:17.331396,,,
197037,손해배상(기),2015다251539,2018-05-30,2018,5,2,대법원,대법원,민사,판결,손해배상,law.go.kr,/DRF/lawService.do?OC=virtual.esq&target=prec&ID=197037&type=HTML&mobileYn=,2026-09-19 21:38:17.332397,,,
217687,손해배상(기),2015가합532295,2018-05-25,2018,5,2,서울중앙지방법원,지방/기타,민사,판결,손해배상,law.go.kr,/DRF/lawService.do?OC=virtual.esq&target=prec&ID=217687&type=HTML&mobileYn=,2026-09-19 21:38:17.332397,,,
209290,손해배상(기),2017나67768,2018-05-24,2018,5,2,서울중앙지방법원,지방/기타,민사,판결,손해배상,law.go.kr,/DRF/lawService.do?OC=virtual.esq&target=prec&ID=209290&type=HTML&mobileYn=,2026-09-19 21:38:17.332397,,,
217199,손해배상(기),2017가합10537,2018-05-23,2018,5,2,창원지방법원진주지원,지방/기타,민사,판결,손해배상,law.go.kr,/DRF/lawService.do?OC=virtual.esq&target=prec&ID=217199&type=HTML&mobileYn=,2026-09-19 21:38:17.332397,,,
211049,손해배상,2012가합34462,2018-05-18,2018,5,2,서울중앙지방법원,지방/기타,민사,판결,손해배상,law.go.kr,/DRF/lawService.do?OC=virtual.esq&target=prec&ID=211049&type=HTML&mobileYn=,2026-09-19 21:38:17.332397,,,
231081,손해배상(기),2015가단210771,2018-05-17,2018,5,2,대전지방법원,지방/기타,민사,판결,손해배상,law.go.kr,/DRF/lawService.do?OC=virtual.esq&target=prec&ID=231081&type=HTML&mobileYn=,2026-09-19 21:38:17.332397,,,
228477,손해배상,2016가합545908,2018-05-17,2018,5,2,서울중앙지방법원,지방/기타,민사,판결,손해배상,law.go.kr,/DRF/lawService.do?OC=virtual.esq&target=prec&ID=228477&type=HTML&mobileYn=,2026-09-19 21:38:17.332397,,,
223485,손해배상(기),2016가합109688,2018-05-17,2018,5,2,서울동부지방법원,지방/기타,민사,판결,손해배상,law.go.kr,/DRF/lawService.do?OC=virtual.esq&target=prec&ID=223485&type=HTML&mobileYn=,2026-09-19 21:38:17.332397,,,
204900,손해배상·구상금,2016다269964,2018-05-15,2018,5,2,대법원,대법원,민사,판결,손해배상,law.go.kr,/DRF/lawService.do?OC=virtual.esq&target=prec&ID=204900&type=HTML&mobileYn=,2026-09-19 21:38:17.332397,,,
196004,손해배상,2016다227625,2018-05-15,2018,5,2,대법원,대법원,민사,판결,손해배상,law.go.kr,/DRF/lawService.do?OC=virtual.esq&target=prec&ID=196004&type=HTML&mobileYn=,2026-09-19 21:38:17.332397,,,
205607,손해배상청구의소,2017나2037841,2018-05-10,2018,5,2,서울고등법원,고등법원,민사,판결 : 상고,손해배상,law.go.kr,/DRF/lawService.do?OC=virtual.esq&target=prec&ID=205607&type=HTML&mobileYn=,2026-09-19 21:38:17.332397,,,
211483,손해배상(기),2016나2060486,2018-04-27,2018,4,2,서울고등법원,고등법원,민사,판결,손해배상,law.go.kr,/DRF/lawService.do?OC=virtual.esq&target=prec&ID=211483&type=HTML&mobileYn=,2026-09-19 21:38:17.332397,,,
195385,손해배상(기),2017다287587,2018-04-24,2018,4,2,대법원,대법원,민사,판결,손해배상,law.go.kr,/DRF/lawService.do?OC=virtual.esq&target=prec&ID=195385&type=HTML&mobileYn=,2026-09-19 21:38:17.332397,,,
224777,손해배상(기),2016나2033545,2018-04-20,2018,4,2,서울고등법원,고등법원,민사,판결,손해배상,law.go.kr,/DRF/lawService.do?OC=virtual.esq&target=prec&ID=224777&type=HTML&mobileYn=,2026-09-19 21:38:17.332397,,,
224775,손해배상(기),2017나40669,2018-04-19,2018,4,2,서울서부지방법원,지방/기타,민사,판결,손해배상,law.go.kr,/DRF/lawService.do?OC=virtual.esq&target=prec&ID=224775&type=HTML&mobileYn=,2026-09-19 21:38:17.332397,,,
217631,손해배상(기),2016가단342957,2018-04-12,2018,4,2,부산지방법원,지방/기타,민사,판결,손해배상,law.go.kr,/DRF/lawService.do?OC=virtual.esq&target=prec&ID=217631&type=HTML&mobileYn=,2026-09-19 21:38:17.332397,,,
194926,손해배상(기)등,2015다45857,2018-04-12,2018,4,2,대법원,대법원,민사,판결,손해배상,law.go.kr,/DRF/lawService.do?OC=virtual.esq&target=prec&ID=194926&type=HTML&mobileYn=,2026-09-19 21:38:17.332397,,,
194897,손해배상(기),2017다283028,2018-04-10,2018,4,2,대법원,대법원,민사,판결,손해배상,law.go.kr,/DRF/lawService.do?OC=virtual.esq&target=prec&ID=194897&type=HTML&mobileYn=,2026-09-19 21:38:17.332397,,,
205613,손해배상(기),2017나13464,2018-04-06,2018,4,2,광주고등법원,고등법원,민사,판결 : 상고,손해배상,law.go.kr,/DRF/lawService.do?OC=virtual.esq&target=prec&ID=205613&type=HTML&mobileYn=,2026-09-19 21:38:17.333398,,,
217635,손해배상(기),2017나60959,2018-04-04,2018,4,2,인천지방법원,지방/기타,민사,판결,손해배상,law.go.kr,/DRF/lawService.do?OC=virtual.esq&target=prec&ID=217635&type=HTML&mobileYn=,2026-09-19 21:38:17.333398,,,
311262,현실적인 손해를 전보하기 위하여 지급된 손해배상금에 대해서 기타소득으로 과세할 수 없음,서울고등법원-2017-누-58818,2018-04-04,2018,4,2,,지방/기타,일반행정,,손해배상,law.go.kr,/DRF/lawService.do?OC=virtual.esq&target=prec&ID=311262&type=HTML&mobileYn=,2026-09-19 21:38:17.333398,,,
204911,치료비·손해배상,2017마6355,2018-03-30,2018,3,1,대법원,대법원,민사,결정,손해배상,law.go.kr,/DRF/lawService.do?OC=virtual.esq&target=prec&ID=204911&type=HTML&mobileYn=,2026-09-19 21:38:17.333398,,,
206208,손해배상및매매대금반환,2017나8591,2018-03-29,2018,3,1,대전지방법원,지방/기타,민사,판결,손해배상,law.go.kr,/DRF/lawService.do?OC=virtual.esq&target=prec&ID=206208&type=HTML&mobileYn=,2026-09-19 21:38:17.333398,,,
194911,손해배상(기),2017가단61265,2018-03-23,2018,3,1,울산지방법원,지방/기타,민사,판결 : 항소,손해배상,law.go.kr,/DRF/lawService.do?OC=virtual.esq&target=prec&ID=194911&type=HTML&mobileYn=,2026-09-19 21:38:17.333398,,,
204482,손해배상(기),2017나59466,2018-03-22,2018,3,1,서울남부지방법원,지방/기타,민사,판결,손해배상,law.go.kr,/DRF/lawService.do?OC=virtual.esq&target=prec&ID=204482&type=HTML&mobileYn=,2026-09-19 21:38:17.333398,,,
194235,손해배상등,2015다69907,2018-03-15,2018,3,1,대법원,대법원,민사,판결,손해배상,law.go.kr,/DRF/lawService.do?OC=virtual.esq&target=prec&ID=194235&type=HTML&mobileYn=,2026-09-19 21:38:17.333398,,,
211347,손해배상(기),2016나22401,2018-02-22,2018,2,1,대구고등법원,고등법원,민사,판결,손해배상,law.go.kr,/DRF/lawService.do?OC=virtual.esq&target=prec&ID=211347&type=HTML&mobileYn=,2026-09-19 21:38:17.333398,,,
194909,손해배상(기),2016가단11871,2018-02-21,2018,2,1,부산지방법원,지방/기타,민사,판결 : 확정,손해배상,law.go.kr,/DRF/lawService.do?OC=virtual.esq&target=prec&ID=194909&type=HTML&mobileYn=,2026-09-19 21:38:17.333398,,,
194196,손해배상(의),2017나9229,2018-02-09,2018,2,1,서울중앙지방법원,지방/기타,민사,판결 : 상고,손해배상,law.go.kr,/DRF/lawService.do?OC=virtual.esq&target=prec&ID=194196&type=HTML&mobileYn=,2026-09-19 21:38:17.333398,,,
224753,손해배상(기),2016구합53382,2018-02-08,2018,2,1,인천지방법원,지방/기타,일반행정,판결,손해배상,law.go.kr,/DRF/lawService.do?OC=virtual.esq&target=prec&ID=224753&type=HTML&mobileYn=,2026-09-19 21:38:17.333398,,,
209292,손해배상(기),2016가합12478,2018-02-08,2018,2,1,제주지방법원,지방/기타,민사,판결,손해배상,law.go.kr,/DRF/lawService.do?OC=virtual.esq&target=prec&ID=209292&type=HTML&mobileYn=,2026-09-19 21:38:17.333398,,,
193378,건물명도·손해배상(기),2016다241805,2018-02-08,2018,2,1,대법원,대법원,민사,판결,손해배상,law.go.kr,/DRF/lawService.do?OC=virtual.esq&target=prec&ID=193378&type=HTML&mobileYn=,2026-09-19 21:38:17.333398,,,
234539,손해배상(국),2017나2017700,2018-02-08,2018,2,1,서울고등법원,고등법원,민사,판결,손해배상,law.go.kr,/DRF/lawService.do?OC=virtual.esq&target=prec&ID=234539&type=HTML&mobileYn=,2026-09-19 21:38:17.333398,,,
214711,손해배상(지),2017나2332,2018-02-08,2018,2,1,특허법원,지방/기타,민사,판결 : 상고,손해배상,law.go.kr,/DRF/lawService.do?OC=virtual.esq&target=prec&ID=214711&type=HTML&mobileYn=,2026-09-19 21:38:17.333398,,,
210603,손해배상(기),2016나2090012,2018-02-02,2018,2,1,서울고등법원,고등법원,민사,판결,손해배상,law.go.kr,/DRF/lawService.do?OC=virtual.esq&target=prec&ID=210603&type=HTML&mobileYn=,2026-09-19 21:38:17.333398,,,
224745,손해배상(기),2016가단135062,2018-01-31,2018,1,1,서울동부지방법원,지방/기타,민사,판결,손해배상,law.go.kr,/DRF/lawService.do?OC=virtual.esq&target=prec&ID=224745&type=HTML&mobileYn=,2026-09-19 21:38:17.333398,,,
239847,손해배상(기),2016가합524352,2018-01-26,2018,1,1,서울중앙지방법원,지방/기타,민사,판결,손해배상,law.go.kr,/DRF/lawService.do?OC=virtual.esq&target=prec&ID=239847&type=HTML&mobileYn=,2026-09-19 21:38:17.333398,,,
220419,손해배상(기),2017가합569383,2018-01-26,2018,1,1,서울중앙지방법원,지방/기타,민사,판결,손해배상,law.go.kr,/DRF/lawService.do?OC=virtual.esq&target=prec&ID=220419&type=HTML&mobileYn=,2026-09-19 21:38:17.333398,,,
304350,손해배상에 해당하는 합의금은 소득세법 제21조 제1항 제17호의 사례금으로서 기타소득에 해당하지 않음,대법원-2017-두-62662,2018-01-25,2018,1,1,,지방/기타,일반행정,,손해배상,law.go.kr,/DRF/lawService.do?OC=virtual.esq&target=prec&ID=304350&type=HTML&mobileYn=,2026-09-19 21:38:17.333398,,,
213281,손해배상(의),2014나2038089,2018-01-25,2018,1,1,서울고등법원,고등법원,민사,판결,손해배상,law.go.kr,/DRF/lawService.do?OC=virtual.esq&target=prec&ID=213281&type=HTML&mobileYn=,2026-09-19 21:38:17.333398,,,
193332,손해배상(기)ㆍ손해배상(기)ㆍ손해배상(기)ㆍ손해배상(기)(네이트ㆍ싸이월드 회원들의 개인정보 유출로 인한 손해배상 청구사건),2015다24904,2018-01-25,2018,1,1,대법원,대법원,민사,판결,손해배상,law.go.kr,/DRF/lawService.do?OC=virtual.esq&target=prec&ID=193332&type=HTML&mobileYn=,2026-09-19 21:38:17.333398,,,
193331,손해배상(기),2015다210231,2018-01-25,2018,1,1,대법원,대법원,민사,판결,손해배상,law.go.kr,/DRF/lawService.do?OC=virtual.esq&target=prec&ID=193331&type=HTML&mobileYn=,2026-09-19 21:38:17.333398,,,
213385,손해배상(기),2017나22017,2018-01-24,2018,1,1,서울중앙지방법원,지방/기타,민사,판결,손해배상,law.go.kr,/DRF/lawService.do?OC=virtual.esq&target=prec&ID=213385&type=HTML&mobileYn=,2026-09-19 21:38:17.333398,,,
193359,손해배상(기),2015가합579935,2018-01-10,2018,1,1,서울중앙지방법원,지방/기타,민사,판결 : 항소,손해배상,law.go.kr,/DRF/lawService.do?OC=virtual.esq&target=prec&ID=193359&type=HTML&mobileYn=,2026-09-19 21:38:17.333398,,,
231045,손해배상(기),2015나2026588,2018-01-10,2018,1,1,서울고등법원,고등법원,민사,판결,손해배상,law.go.kr,/DRF/lawService.do?OC=virtual.esq&target=prec&ID=231045&type=HTML&mobileYn=,2026-09-19 21:38:17.333398,,,
193358,손해배상(기),2016가합83989,2018-01-10,2018,1,1,수원지방법원,지방/기타,민사,판결 : 확정,손해배상,law.go.kr,/DRF/lawService.do?OC=virtual.esq&target=prec&ID=193358&type=HTML&mobileYn=,2026-09-19 21:38:17.333398,,,
235247,손해배상(기),2017다37096,2017-12-28,2017,12,4,대법원,대법원,민사,판결,손해배상,law.go.kr,/DRF/lawService.do?OC=virtual.esq&target=prec&ID=235247&type=HTML&mobileYn=,2026-09-19 21:38:17.333398,,,
193126,손해배상(기),2014다229023,2017-12-28,2017,12,4,대법원,대법원,민사,판결,손해배상,law.go.kr,/DRF/lawService.do?OC=virtual.esq&target=prec&ID=193126&type=HTML&mobileYn=,2026-09-19 21:38:17.333398,,,
192970,임금·손해배상(기),2013다25194,2017-12-22,2017,12,4,대법원,대법원,민사,판결,손해배상,law.go.kr,/DRF/lawService.do?OC=virtual.esq&target=prec&ID=192970&type=HTML&mobileYn=,2026-09-19 21:38:17.333398,,,
235309,손해배상(의),2017다255634,2017-12-22,2017,12,4,대법원,대법원,민사,판결,손해배상,law.go.kr,/DRF/lawService.do?OC=virtual.esq&target=prec&ID=235309&type=HTML&mobileYn=,2026-09-19 21:38:17.333398,,,
192969,손해배상(기),2015다247912,2017-12-22,2017,12,4,대법원,대법원,민사,판결,손해배상,law.go.kr,/DRF/lawService.do?OC=virtual.esq&target=prec&ID=192969&type=HTML&mobileYn=,2026-09-19 21:38:17.333398,,,
235293,손해배상(기),2015다221309,2017-12-22,2017,12,4,대법원,대법원,민사,판결,손해배상,law.go.kr,/DRF/lawService.do?OC=virtual.esq&target=prec&ID=235293&type=HTML&mobileYn=,2026-09-19 21:38:17.333398,,,
192957,손해배상(지),2017다259988,2017-12-22,2017,12,4,대법원,대법원,민사,판결,손해배상,law.go.kr,/DRF/lawService.do?OC=virtual.esq&target=prec&ID=192957&type=HTML&mobileYn=,2026-09-19 21:38:17.333398,,,
235301,손해배상(기),2017다35953,2017-12-22,2017,12,4,대법원,대법원,민사,판결,손해배상,law.go.kr,/DRF/lawService.do?OC=virtual.esq&target=prec&ID=235301&type=HTML&mobileYn=,2026-09-19 21:38:17.333398,,,
209150,손해배상(기),2016다202947,2017-12-22,2017,12,4,대법원,대법원,민사,판결,손해배상,law.go.kr,/DRF/lawService.do?OC=virtual.esq&target=prec&ID=209150&type=HTML&mobileYn=,2026-09-19 21:38:17.333398,,,
206162,손해배상(의),2014나21184,2017-12-21,2017,12,4,서울고등법원,고등법원,민사,판결,손해배상,law.go.kr,/DRF/lawService.do?OC=virtual.esq&target=prec&ID=206162&type=HTML&mobileYn=,2026-09-19 21:38:17.333398,,,
227841,손해배상(기),2016가합103142,2017-12-15,2017,12,4,대전지방법원천안지원,지방/기타,민사,판결,손해배상,law.go.kr,/DRF/lawService.do?OC=virtual.esq&target=prec&ID=227841&type=HTML&mobileYn=,2026-09-19 21:38:17.333398,,,
220103,손해배상(기),2016나2088453,2017-12-15,2017,12,4,서울고등법원,고등법원,민사,판결,손해배상,law.go.kr,/DRF/lawService.do?OC=virtual.esq&target=prec&ID=220103&type=HTML&mobileYn=,2026-09-19 21:38:17.333398,,,
238395,손해배상청구,2016가합553039,2017-12-14,2017,12,4,서울중앙지방법원,지방/기타,민사,판결,손해배상,law.go.kr,/DRF/lawService.do?OC=virtual.esq&target=prec&ID=238395&type=HTML&mobileYn=,2026-09-19 21:38:17.333398,,,
186501,손해배상(기),2016다6293,2017-12-13,2017,12,4,대법원,대법원,민사,판결,손해배상,law.go.kr,/DRF/lawService.do?OC=virtual.esq&target=prec&ID=186501&type=HTML&mobileYn=,2026-09-19 21:38:17.333398,,,
309038,국가배상법상 손해배상책임,서울고등법원-2017-나-2031676,2017-12-08,2017,12,4,,지방/기타,민사,,손해배상,law.go.kr,/DRF/lawService.do?OC=virtual.esq&target=prec&ID=309038&type=HTML&mobileYn=,2026-09-19 21:38:17.333398,,,
211051,손해배상(자),2016나103819,2017-12-07,2017,12,4,대전지방법원,지방/기타,민사,판결,손해배상,law.go.kr,/DRF/lawService.do?OC=virtual.esq&target=prec&ID=211051&type=HTML&mobileYn=,2026-09-19 21:38:17.333398,,,
199744,손해배상(기)·부당이득금,2017다252987,2017-12-05,2017,12,4,대법원,대법원,민사,판결,손해배상,law.go.kr,/DRF/lawService.do?OC=virtual.esq&target=prec&ID=199744&type=HTML&mobileYn=,2026-09-19 21:38:17.333398,,,
209373,손해배상(기),2017가합400164,2017-11-28,2017,11,4,수원지방법원성남지원,지방/기타,민사,판결,손해배상,law.go.kr,/DRF/lawService.do?OC=virtual.esq&target=prec&ID=209373&type=HTML&mobileYn=,2026-09-19 21:38:17.333398,,,
228479,손해배상(기)·위약벌,2014가합114986,2017-11-24,2017,11,4,서울남부지방법원,지방/기타,민사,판결,손해배상,law.go.kr,/DRF/lawService.do?OC=virtual.esq&target=prec&ID=228479&type=HTML&mobileYn=,2026-09-19 21:38:17.333398,,,
207156,손해배상(기),2017나2044122,2017-11-23,2017,11,4,서울고등법원,고등법원,민사,결정,손해배상,law.go.kr,/DRF/lawService.do?OC=virtual.esq&target=prec&ID=207156&type=HTML&mobileYn=,2026-09-19 21:38:17.334398,,,
186281,손해배상(기),2017다251694,2017-11-23,2017,11,4,대법원,대법원,민사,판결,손해배상,law.go.kr,/DRF/lawService.do?OC=virtual.esq&target=prec&ID=186281&type=HTML&mobileYn=,2026-09-19 21:38:17.334398,,,
206391,손해배상(지),2016나1455,2017-11-16,2017,11,4,특허법원,지방/기타,민사,판결,손해배상,law.go.kr,/DRF/lawService.do?OC=virtual.esq&target=prec&ID=206391&type=HTML&mobileYn=,2026-09-19 21:38:17.334398,,,
209295,손해배상(기),2016가단123813,2017-11-15,2017,11,4,수원지방법원안양지원,지방/기타,민사,판결,손해배상,law.go.kr,/DRF/lawService.do?OC=virtual.esq&target=prec&ID=209295&type=HTML&mobileYn=,2026-09-19 21:38:17.334398,,,
228431,손해배상(기),2014나2002929,2017-11-14,2017,11,4,서울고등법원,고등법원,민사,판결,손해배상,law.go.kr,/DRF/lawService.do?OC=virtual.esq&target=prec&ID=228431&type=HTML&mobileYn=,2026-09-19 21:38:17.334398,,,
223489,손해배상(자),2017나17572,2017-11-14,2017,11,4,서울중앙지방법원,지방/기타,민사,판결,손해배상,law.go.kr,/DRF/lawService.do?OC=virtual.esq&target=prec&ID=223489&type=HTML&mobileYn=,2026-09-19 21:38:17.334398,,,
206200,손해배상(지),2017나1001,2017-11-10,2017,11,4,특허법원,지방/기타,민사,판결 : 상고,손해배상,law.go.kr,/DRF/lawService.do?OC=virtual.esq&target=prec&ID=206200&type=HTML&mobileYn=,2026-09-19 21:38:17.334398,,,
207600,손해배상(기),2016나1587,2017-11-10,2017,11,4,광주고등법원,고등법원,민사,판결,손해배상,law.go.kr,/DRF/lawService.do?OC=virtual.esq&target=prec&ID=207600&type=HTML&mobileYn=,2026-09-19 21:38:17.334398,,,
202124,손해배상(기),2016나81989,2017-11-10,2017,11,4,서울중앙지방법원,지방/기타,민사,판결,손해배상,law.go.kr,/DRF/lawService.do?OC=virtual.esq&target=prec&ID=202124&type=HTML&mobileYn=,2026-09-19 21:38:17.334398,,,
186227,손해배상(기),2017다228083,2017-11-09,2017,11,4,대법원,대법원,민사,판결,손해배상,law.go.kr,/DRF/lawService.do?OC=virtual.esq&target=prec&ID=186227&type=HTML&mobileYn=,2026-09-19 21:38:17.334398,,,
217097,손해배상(기),2017나51825,2017-11-09,2017,11,4,부산고등법원,고등법원,민사,판결,손해배상,law.go.kr,/DRF/lawService.do?OC=virtual.esq&target=prec&ID=217097&type=HTML&mobileYn=,2026-09-19 21:38:17.334398,,,
186221,손해배상,2014다49180,2017-11-09,2017,11,4,대법원,대법원,민사,판결,손해배상,law.go.kr,/DRF/lawService.do?OC=virtual.esq&target=prec&ID=186221&type=HTML&mobileYn=,2026-09-19 21:38:17.334398,,,
186223,손해배상(의)·손해배상(의)·손해배상(의)·손해배상(의),2013다26708,2017-11-09,2017,11,4,대법원,대법원,민사,판결,손해배상,law.go.kr,/DRF/lawService.do?OC=virtual.esq&target=prec&ID=186223&type=HTML&mobileYn=,2026-09-19 21:38:17.334398,,,
224677,손해배상(기),2017나2000733,2017-11-02,2017,11,4,서울고등법원,고등법원,민사,판결,손해배상,law.go.kr,/DRF/lawService.do?OC=virtual.esq&target=prec&ID=224677&type=HTML&mobileYn=,2026-09-19 21:38:17.334398,,,
200506,손해배상(기),2017나2020010,2017-11-01,2017,11,4,서울고등법원,고등법원,민사,판결,손해배상,law.go.kr,/DRF/lawService.do?OC=virtual.esq&target=prec&ID=200506&type=HTML&mobileYn=,2026-09-19 21:38:17.334398,,,
224675,손해배상(기),2015나26872,2017-10-27,2017,10,4,서울고등법원,고등법원,민사,판결,손해배상,law.go.kr,/DRF/lawService.do?OC=virtual.esq&target=prec&ID=224675&type=HTML&mobileYn=,2026-09-19 21:38:17.334398,,,
321128,(심리불속행) 과세사업자인 사업자에게 대한 면세사업자등록증 교부는 손해배상 대상이 아님,대법원-2017-다-250318,2017-10-26,2017,10,4,,지방/기타,민사,,손해배상,law.go.kr,/DRF/lawService.do?OC=virtual.esq&target=prec&ID=321128&type=HTML&mobileYn=,2026-09-19 21:38:17.334398,,,
186104,손해배상(기),2017다242867,2017-10-26,2017,10,4,대법원,대법원,민사,판결,손해배상,law.go.kr,/DRF/lawService.do?OC=virtual.esq&target=prec&ID=186104&type=HTML&mobileYn=,2026-09-19 21:38:17.334398,,,
210699,손해배상(자),2017나44138,2017-10-26,2017,10,4,부산지방법원,지방/기타,민사,판결,손해배상,law.go.kr,/DRF/lawService.do?OC=virtual.esq&target=prec&ID=210699&type=HTML&mobileYn=,2026-09-19 21:38:17.334398,,,
186107,손해배상(기),2015다42599,2017-10-26,2017,10,4,대법원,대법원,민사,판결,손해배상,law.go.kr,/DRF/lawService.do?OC=virtual.esq&target=prec&ID=186107&type=HTML&mobileYn=,2026-09-19 21:38:17.334398,,,
186151,건물명도·손해배상(기),2016나1770,2017-10-26,2017,10,4,대구고등법원,고등법원,민사,판결 : 상고,손해배상,law.go.kr,/DRF/lawService.do?OC=virtual.esq&target=prec&ID=186151&type=HTML&mobileYn=,2026-09-19 21:38:17.334398,,,
199747,손해배상(자),2017다226148,2017-10-26,2017,10,4,대법원,대법원,민사,판결,손해배상,law.go.kr,/DRF/lawService.do?OC=virtual.esq&target=prec&ID=199747&type=HTML&mobileYn=,2026-09-19 21:38:17.334398,,,
224667,손해배상(기),2017나30230,2017-10-24,2017,10,4,서울중앙지방법원,지방/기타,민사,판결,손해배상,law.go.kr,/DRF/lawService.do?OC=virtual.esq&target=prec&ID=224667&type=HTML&mobileYn=,2026-09-19 21:38:17.334398,,,
320904,손해배상(국),수원지방법원-2016-가합-84012,2017-10-24,2017,10,4,,지방/기타,민사,,손해배상,law.go.kr,/DRF/lawService.do?OC=virtual.esq&target=prec&ID=320904&type=HTML&mobileYn=,2026-09-19 21:38:17.334398,,,
224661,손해배상(기),2017나9376,2017-10-20,2017,10,4,서울고등법원,고등법원,민사,판결,손해배상,law.go.kr,/DRF/lawService.do?OC=virtual.esq&target=prec&ID=224661&type=HTML&mobileYn=,2026-09-19 21:38:17.334398,,,
319864,공무원이 민원인을 대상으로 유보적인 상담을 하여 민원인에게 발생한 손해는 공무원의 불법행위로 인한 손해배상의 대상이 아님,서울중앙지방법원-2016-가단-5210781,2017-10-18,2017,10,4,,지방/기타,민사,,손해배상,law.go.kr,/DRF/lawService.do?OC=virtual.esq&target=prec&ID=319864&type=HTML&mobileYn=,2026-09-19 21:38:17.334398,,,
205429,손해배상(기)·손해배상(기),2016나2082721,2017-10-18,2017,10,4,서울고등법원,고등법원,민사,판결,손해배상,law.go.kr,/DRF/lawService.do?OC=virtual.esq&target=prec&ID=205429&type=HTML&mobileYn=,2026-09-19 21:38:17.334398,,,
224649,손해배상(기),2017가단206512,2017-10-13,2017,10,4,서울서부지방법원,지방/기타,민사,판결,손해배상,law.go.kr,/DRF/lawService.do?OC=virtual.esq&target=prec&ID=224649&type=HTML&mobileYn=,2026-09-19 21:38:17.334398,,,
213227,손해배상(기),2016나2090081,2017-10-13,2017,10,4,서울고등법원,고등법원,민사,판결,손해배상,law.go.kr,/DRF/lawService.do?OC=virtual.esq&target=prec&ID=213227&type=HTML&mobileYn=,2026-09-19 21:38:17.334398,,,
188003,구상금[근로복지공단이 산업재해보상보험법에 따라 지급한 보험급여에 기하여 자동차손해배상 보장법상 피해자의 보험자에 대한 위자료청구권을 대위할 수 있는지 문제된 사건],2017다231119,2017-10-12,2017,10,4,대법원,대법원,민사,판결,손해배상,law.go.kr,/DRF/lawService.do?OC=virtual.esq&target=prec&ID=188003&type=HTML&mobileYn=,2026-09-19 21:38:17.334398,,,
185875,손해배상(기)등,2016다9643,2017-10-12,2017,10,4,대법원,대법원,민사,판결,손해배상,law.go.kr,/DRF/lawService.do?OC=virtual.esq&target=prec&ID=185875&type=HTML&mobileYn=,2026-09-19 21:38:17.334398,,,
210605,손해배상(기),2016나2083748,2017-10-11,2017,10,4,서울고등법원,고등법원,민사,판결,손해배상,law.go.kr,/DRF/lawService.do?OC=virtual.esq&target=prec&ID=210605&type=HTML&mobileYn=,2026-09-19 21:38:17.337555,,,
319962,피고에게 불법행위에 의한 손해배상책임이 있는지,수원지방법원-2016-가합-84296,2017-09-29,2017,9,3,,지방/기타,민사,,손해배상,law.go.kr,/DRF/lawService.do?OC=virtual.esq&target=prec&ID=319962&type=HTML&mobileYn=,2026-09-19 21:38:17.337555,,,
322542,손해배상(국),서울서부지방법원-2017-가소-339171,2017-09-29,2017,9,3,,지방/기타,민사,,손해배상,law.go.kr,/DRF/lawService.do?OC=virtual.esq&target=prec&ID=322542&type=HTML&mobileYn=,2026-09-19 21:38:17.337555,,,
220421,손해배상(의),2016가합104850,2017-09-28,2017,9,3,서울동부지방법원,지방/기타,민사,판결,손해배상,law.go.kr,/DRF/lawService.do?OC=virtual.esq&target=prec&ID=220421&type=HTML&mobileYn=,2026-09-19 21:38:17.337555,,,
185887,손해배상(기),2014다27425,2017-09-26,2017,9,3,대법원,대법원,민사,판결,손해배상,law.go.kr,/DRF/lawService.do?OC=virtual.esq&target=prec&ID=185887&type=HTML&mobileYn=,2026-09-19 21:38:17.337555,,,
197949,손해배상(기),2017다223538,2017-09-21,2017,9,3,대법원,대법원,민사,판결,손해배상,law.go.kr,/DRF/lawService.do?OC=virtual.esq&target=prec&ID=197949&type=HTML&mobileYn=,2026-09-19 21:38:17.337555,,,
311138,(심리불속행) 공무원의 법령위반행위가 존재하지 않아 국가배상법에 따른 손해배상채권이 성립하지 않음,대법원-2017-다-232662,2017-09-21,2017,9,3,,지방/기타,민사,,손해배상,law.go.kr,/DRF/lawService.do?OC=virtual.esq&target=prec&ID=311138&type=HTML&mobileYn=,2026-09-19 21:38:17.337555,,,
209296,손해배상(기),2015가단5399533,2017-09-15,2017,9,3,서울중앙지방법원,지방/기타,민사,판결,손해배상,law.go.kr,/DRF/lawService.do?OC=virtual.esq&target=prec&ID=209296&type=HTML&mobileYn=,2026-09-19 21:38:17.337555,,,
185817,손해배상(기),2015다70044,2017-09-12,2017,9,3,대법원,대법원,민사,판결,손해배상,law.go.kr,/DRF/lawService.do?OC=virtual.esq&target=prec&ID=185817&type=HTML&mobileYn=,2026-09-19 21:38:17.337555,,,
205431,손해배상금청구등의소,2015나2030785,2017-09-08,2017,9,3,서울고등법원,고등법원,민사,판결,손해배상,law.go.kr,/DRF/lawService.do?OC=virtual.esq&target=prec&ID=205431&type=HTML&mobileYn=,2026-09-19 21:38:17.337555,,,
217205,손해배상(기),2016가합562217,2017-09-08,2017,9,3,서울중앙지방법원,지방/기타,민사,판결,손해배상,law.go.kr,/DRF/lawService.do?OC=virtual.esq&target=prec&ID=217205&type=HTML&mobileYn=,2026-09-19 21:38:17.337555,,,
195427,손해배상(기),2017다222757,2017-09-07,2017,9,3,대법원,대법원,민사,판결,손해배상,law.go.kr,/DRF/lawService.do?OC=virtual.esq&target=prec&ID=195427&type=HTML&mobileYn=,2026-09-19 21:38:17.337555,,,
210609,손해배상(기),2017나2007444,2017-09-07,2017,9,3,서울고등법원,고등법원,민사,판결,손해배상,law.go.kr,/DRF/lawService.do?OC=virtual.esq&target=prec&ID=210609&type=HTML&mobileYn=,2026-09-19 21:38:17.337555,,,
320104,(심리불속행) 손해배상청구,대법원-2017-다-234583,2017-09-07,2017,9,3,,지방/기타,민사,,손해배상,law.go.kr,/DRF/lawService.do?OC=virtual.esq&target=prec&ID=320104&type=HTML&mobileYn=,2026-09-19 21:38:17.337555,,,
224625,손해배상(기),2017나10246,2017-09-06,2017,9,3,광주고등법원제주재판부,고등법원,민사,판결,손해배상,law.go.kr,/DRF/lawService.do?OC=virtual.esq&target=prec&ID=224625&type=HTML&mobileYn=,2026-09-19 21:38:17.337555,,,
217207,손해배상(기),2016가합52674,2017-09-01,2017,9,3,인천지방법원,지방/기타,민사,판결,손해배상,law.go.kr,/DRF/lawService.do?OC=virtual.esq&target=prec&ID=217207&type=HTML&mobileYn=,2026-09-19 21:38:17.337555,,,
202974,손해배상(기),2016나2066446,2017-09-01,2017,9,3,서울고등법원,고등법원,민사,판결,손해배상,law.go.kr,/DRF/lawService.do?OC=virtual.esq&target=prec&ID=202974&type=HTML&mobileYn=,2026-09-19 21:38:17.337555,,,
233943,손해배상(기),2014나50975,2017-08-31,2017,8,3,부산고등법원,고등법원,민사,판결 : 상고,손해배상,law.go.kr,/DRF/lawService.do?OC=virtual.esq&target=prec&ID=233943&type=HTML&mobileYn=,2026-09-19 21:38:17.337555,,,
601491,손해배상(기),2015가합1847,2017-08-31,2017,8,3,수원지방법원안산지원,지방/기타,민사,판결,손해배상,law.go.kr,/DRF/lawService.do?OC=virtual.esq&target=prec&ID=601491&type=HTML&mobileYn=,2026-09-19 21:38:17.337555,,,
195509,손해배상(지),2015다245008,2017-08-29,2017,8,3,대법원,대법원,민사,판결,손해배상,law.go.kr,/DRF/lawService.do?OC=virtual.esq&target=prec&ID=195509&type=HTML&mobileYn=,2026-09-19 21:38:17.337555,,,
185575,손해배상(자),2016다265511,2017-08-29,2017,8,3,대법원,대법원,민사,판결,손해배상,law.go.kr,/DRF/lawService.do?OC=virtual.esq&target=prec&ID=185575&type=HTML&mobileYn=,2026-09-19 21:38:17.337555,,,
217103,손해배상(기),2016나2073109,2017-08-24,2017,8,3,서울고등법원,고등법원,민사,판결,손해배상,law.go.kr,/DRF/lawService.do?OC=virtual.esq&target=prec&ID=217103&type=HTML&mobileYn=,2026-09-19 21:38:17.337555,,,
235649,손해배상(기),2013나9475,2017-08-24,2017,8,3,부산고등법원,고등법원,민사,판결,손해배상,law.go.kr,/DRF/lawService.do?OC=virtual.esq&target=prec&ID=235649&type=HTML&mobileYn=,2026-09-19 21:38:17.337555,,,
185557,손해배상(기),2015다70341,2017-08-23,2017,8,3,대법원,대법원,민사,판결,손해배상,law.go.kr,/DRF/lawService.do?OC=virtual.esq&target=prec&ID=185557&type=HTML&mobileYn=,2026-09-19 21:38:17.337555,,,
206215,손해배상(기),2015가단52171,2017-08-22,2017,8,3,전주지방법원군산지원,지방/기타,민사,판결,손해배상,law.go.kr,/DRF/lawService.do?OC=virtual.esq&target=prec&ID=206215&type=HTML&mobileYn=,2026-09-19 21:38:17.337555,,,
185853,손해배상(기),2016나49464,2017-08-16,2017,8,3,부산지방법원,지방/기타,민사,판결 : 확정,손해배상,law.go.kr,/DRF/lawService.do?OC=virtual.esq&target=prec&ID=185853&type=HTML&mobileYn=,2026-09-19 21:38:17.337555,,,
239139,손해배상(기),2014가합1463,2017-08-11,2017,8,3,광주지방법원,지방/기타,민사,판결,손해배상,law.go.kr,/DRF/lawService.do?OC=virtual.esq&target=prec&ID=239139&type=HTML&mobileYn=,2026-09-19 21:38:17.337555,,,
209401,손해배상(지),2016나13128,2017-08-10,2017,8,3,광주고등법원,고등법원,민사,판결,손해배상,law.go.kr,/DRF/lawService.do?OC=virtual.esq&target=prec&ID=209401&type=HTML&mobileYn=,2026-09-19 21:38:17.339043,,,
218427,교통사고처리특례법위반ㆍ도로교통법위반(무면허운전)ㆍ자동차손해배상보장법위반,2017노593,2017-08-10,2017,8,3,창원지방법원,지방/기타,형사,판결,손해배상,law.go.kr,/DRF/lawService.do?OC=virtual.esq&target=prec&ID=218427&type=HTML&mobileYn=,2026-09-19 21:38:17.339043,,,
185520,손해배상(국),2016가합57859,2017-07-21,2017,7,3,광주지방법원,지방/기타,민사,판결 : 항소,손해배상,law.go.kr,/DRF/lawService.do?OC=virtual.esq&target=prec&ID=185520&type=HTML&mobileYn=,2026-09-19 21:38:17.339043,,,
205433,손해배상(기)등,2017나1006,2017-07-21,2017,7,3,서울고등법원,고등법원,민사,판결,손해배상,law.go.kr,/DRF/lawService.do?OC=virtual.esq&target=prec&ID=205433&type=HTML&mobileYn=,2026-09-19 21:38:17.339043,,,
210767,손해배상(기),2015다206973,2017-07-18,2017,7,3,대법원,대법원,민사,판결,손해배상,law.go.kr,/DRF/lawService.do?OC=virtual.esq&target=prec&ID=210767&type=HTML&mobileYn=,2026-09-19 21:38:17.339043,,,
185425,손해배상(자)(자동차 운행 중 동승자가 뛰어내려 사망한 사고가 ‘승객이 고의나 자살행위로 사망한 경우’에 해당하여 보험자가 면책되는지 문제 된 사건),2016다216953,2017-07-18,2017,7,3,대법원,대법원,민사,판결,손해배상,law.go.kr,/DRF/lawService.do?OC=virtual.esq&target=prec&ID=185425&type=HTML&mobileYn=,2026-09-19 21:38:17.339043,,,
195439,손해배상·손해배상,2017다9039,2017-07-18,2017,7,3,대법원,대법원,민사,판결,손해배상,law.go.kr,/DRF/lawService.do?OC=virtual.esq&target=prec&ID=195439&type=HTML&mobileYn=,2026-09-19 21:38:17.339043,,,
311156,과세사업자인 사업자에게 대한 면세사업자등록증 교부는 손해배상 대상이 아님,서울고등법원-2016-나-2036766,2017-07-14,2017,7,3,,지방/기타,민사,,손해배상,law.go.kr,/DRF/lawService.do?OC=virtual.esq&target=prec&ID=311156&type=HTML&mobileYn=,2026-09-19 21:38:17.339043,,,
204542,손해배상(기),2016가단210836,2017-07-14,2017,7,3,서울남부지방법원,지방/기타,민사,판결,손해배상,law.go.kr,/DRF/lawService.do?OC=virtual.esq&target=prec&ID=204542&type=HTML&mobileYn=,2026-09-19 21:38:17.339043,,,
195445,손해배상등,2014다89355,2017-07-11,2017,7,3,대법원,대법원,민사,판결,손해배상,law.go.kr,/DRF/lawService.do?OC=virtual.esq&target=prec&ID=195445&type=HTML&mobileYn=,2026-09-19 21:38:17.339043,,,
185359,손해배상(기),2016다261175,2017-07-11,2017,7,3,대법원,대법원,민사,판결,손해배상,law.go.kr,/DRF/lawService.do?OC=virtual.esq&target=prec&ID=185359&type=HTML&mobileYn=,2026-09-19 21:38:17.339043,,,
195449,손해배상(기),2017다15218,2017-07-11,2017,7,3,대법원,대법원,민사,판결,손해배상,law.go.kr,/DRF/lawService.do?OC=virtual.esq&target=prec&ID=195449&type=HTML&mobileYn=,2026-09-19 21:38:17.339043,,,
195450,손해배상(자),2017다222665,2017-07-11,2017,7,3,대법원,대법원,민사,판결,손해배상,law.go.kr,/DRF/lawService.do?OC=virtual.esq&target=prec&ID=195450&type=HTML&mobileYn=,2026-09-19 21:38:17.339043,,,
185599,손해배상(기),2016가단45804,2017-07-07,2017,7,3,수원지방법원평택지원,지방/기타,민사,판결 : 항소,손해배상,law.go.kr,/DRF/lawService.do?OC=virtual.esq&target=prec&ID=185599&type=HTML&mobileYn=,2026-09-19 21:38:17.339043,,,
217637,손해배상(기),2016가단120986,2017-07-06,2017,7,3,인천지방법원부천지원,지방/기타,민사,판결,손해배상,law.go.kr,/DRF/lawService.do?OC=virtual.esq&target=prec&ID=217637&type=HTML&mobileYn=,2026-09-19 21:38:17.339043,,,
210615,영업비밀침해금지및손해배상등,2015나9945,2017-07-06,2017,7,3,서울고등법원,고등법원,민사,판결,손해배상,law.go.kr,/DRF/lawService.do?OC=virtual.esq&target=prec&ID=210615&type=HTML&mobileYn=,2026-09-19 21:38:17.339043,,,
239095,손해배상(기),2016나2025629,2017-06-30,2017,6,2,서울고등법원,고등법원,민사,판결,손해배상,law.go.kr,/DRF/lawService.do?OC=virtual.esq&target=prec&ID=239095&type=HTML&mobileYn=,2026-09-19 21:38:17.339043,,,
232715,손해배상,2016가단20510,2017-06-29,2017,6,2,의정부지방법원,지방/기타,민사,판결,손해배상,law.go.kr,/DRF/lawService.do?OC=virtual.esq&target=prec&ID=232715&type=HTML&mobileYn=,2026-09-19 21:38:17.339043,,,
185261,손해배상(기),2017다211726,2017-06-29,2017,6,2,대법원,대법원,민사,판결,손해배상,law.go.kr,/DRF/lawService.do?OC=virtual.esq&target=prec&ID=185261&type=HTML&mobileYn=,2026-09-19 21:38:17.339043,,,
224575,손해배상(기),2016나2009108,2017-06-29,2017,6,2,서울고등법원,고등법원,민사,판결,손해배상,law.go.kr,/DRF/lawService.do?OC=virtual.esq&target=prec&ID=224575&type=HTML&mobileYn=,2026-09-19 21:38:17.339043,,,
195455,손해배상금,2016다245197,2017-06-29,2017,6,2,대법원,대법원,민사,판결,손해배상,law.go.kr,/DRF/lawService.do?OC=virtual.esq&target=prec&ID=195455&type=HTML&mobileYn=,2026-09-19 21:38:17.339043,,,
185260,손해배상(기),2017다213838,2017-06-29,2017,6,2,대법원,대법원,민사,판결,손해배상,law.go.kr,/DRF/lawService.do?OC=virtual.esq&target=prec&ID=185260&type=HTML&mobileYn=,2026-09-19 21:38:17.339043,,,
217107,손해배상(기),2014나13166,2017-06-28,2017,6,2,광주고등법원,고등법원,민사,판결,손해배상,law.go.kr,/DRF/lawService.do?OC=virtual.esq&target=prec&ID=217107&type=HTML&mobileYn=,2026-09-19 21:38:17.339043,,,
185375,손해배상(기),2016나54250,2017-06-21,2017,6,2,광주지방법원,지방/기타,민사,판결 : 확정,손해배상,law.go.kr,/DRF/lawService.do?OC=virtual.esq&target=prec&ID=185375&type=HTML&mobileYn=,2026-09-19 21:38:17.339043,,,
195461,손해배상(기),2015다237830,2017-06-19,2017,6,2,대법원,대법원,민사,판결,손해배상,law.go.kr,/DRF/lawService.do?OC=virtual.esq&target=prec&ID=195461&type=HTML&mobileYn=,2026-09-19 21:38:17.339043,,,
186353,건물인도등·손해배상등,2015다77717,2017-06-15,2017,6,2,대법원,대법원,민사,판결,손해배상,law.go.kr,/DRF/lawService.do?OC=virtual.esq&target=prec&ID=186353&type=HTML&mobileYn=,2026-09-19 21:38:17.339043,,,
317236,공매가 위법하다고 볼 수 없어 토지 소유권 상실의 손해배상청구는 이유 없음.,안산지원-2015-가합-23977,2017-06-15,2017,6,2,,지방/기타,민사,,손해배상,law.go.kr,/DRF/lawService.do?OC=virtual.esq&target=prec&ID=317236&type=HTML&mobileYn=,2026-09-19 21:38:17.339043,,,
186356,손해배상(지),2017다200139,2017-06-15,2017,6,2,대법원,대법원,민사,판결,손해배상,law.go.kr,/DRF/lawService.do?OC=virtual.esq&target=prec&ID=186356&type=HTML&mobileYn=,2026-09-19 21:38:17.339043,,,
228433,손해배상(기),2017나2012378,2017-06-14,2017,6,2,서울고등법원,고등법원,민사,판결,손해배상,law.go.kr,/DRF/lawService.do?OC=virtual.esq&target=prec&ID=228433&type=HTML&mobileYn=,2026-09-19 21:38:17.339043,,,
185529,손해배상(기),2014가합62810,2017-06-13,2017,6,2,수원지방법원,지방/기타,민사,판결 : 항소,손해배상,law.go.kr,/DRF/lawService.do?OC=virtual.esq&target=prec&ID=185529&type=HTML&mobileYn=,2026-09-19 21:38:17.339043,,,
209394,손해배상(기),2016나2018577,2017-06-09,2017,6,2,서울고등법원,고등법원,민사,판결,손해배상,law.go.kr,/DRF/lawService.do?OC=virtual.esq&target=prec&ID=209394&type=HTML&mobileYn=,2026-09-19 21:38:17.340050,,,
185165,손해배상(기),2016다249557,2017-06-08,2017,6,2,대법원,대법원,민사,판결,손해배상,law.go.kr,/DRF/lawService.do?OC=virtual.esq&target=prec&ID=185165&type=HTML&mobileYn=,2026-09-19 21:38:17.340050,,,
217639,손해배상(기),2016나69347,2017-06-07,2017,6,2,서울중앙지방법원,지방/기타,민사,판결,손해배상,law.go.kr,/DRF/lawService.do?OC=virtual.esq&target=prec&ID=217639&type=HTML&mobileYn=,2026-09-19 21:38:17.340050,,,
207547,손해배상(기),2015나15557,2017-06-02,2017,6,2,대전고등법원,고등법원,민사,판결,손해배상,law.go.kr,/DRF/lawService.do?OC=virtual.esq&target=prec&ID=207547&type=HTML&mobileYn=,2026-09-19 21:38:17.340050,,,
185530,손해배상(기),2016가단106172,2017-06-02,2017,6,2,창원지방법원마산지원,지방/기타,민사,판결 : 항소,손해배상,law.go.kr,/DRF/lawService.do?OC=virtual.esq&target=prec&ID=185530&type=HTML&mobileYn=,2026-09-19 21:38:17.340050,,,
197620,손해배상(기),2015나54240,2017-05-31,2017,5,2,부산고등법원,고등법원,민사,판결,손해배상,law.go.kr,/DRF/lawService.do?OC=virtual.esq&target=prec&ID=197620&type=HTML&mobileYn=,2026-09-19 21:38:17.340050,,,
186371,손해배상(기),2017다202166,2017-05-31,2017,5,2,대법원,대법원,민사,판결,손해배상,law.go.kr,/DRF/lawService.do?OC=virtual.esq&target=prec&ID=186371&type=HTML&mobileYn=,2026-09-19 21:38:17.340050,,,
185080,손해배상(기),2017다211146,2017-05-30,2017,5,2,대법원,대법원,민사,판결,손해배상,law.go.kr,/DRF/lawService.do?OC=virtual.esq&target=prec&ID=185080&type=HTML&mobileYn=,2026-09-19 21:38:17.340050,,,
185074,손해배상(기)·매매대금반환,2014다233176,2017-05-30,2017,5,2,대법원,대법원,민사,판결,손해배상,law.go.kr,/DRF/lawService.do?OC=virtual.esq&target=prec&ID=185074&type=HTML&mobileYn=,2026-09-19 21:38:17.340050,,,
320488,(심리불속행)양도대금에 손해배상금이 포함되었다는 증거가 없음,대법원-2017-두-37321,2017-05-26,2017,5,2,,지방/기타,일반행정,,손해배상,law.go.kr,/DRF/lawService.do?OC=virtual.esq&target=prec&ID=320488&type=HTML&mobileYn=,2026-09-19 21:38:17.340050,,,
309970,(심리불속행) 피고가 원고에게 손해배상을 할 사유가 없음.,대법원-2017-다-213784,2017-05-26,2017,5,2,,지방/기타,민사,,손해배상,law.go.kr,/DRF/lawService.do?OC=virtual.esq&target=prec&ID=309970&type=HTML&mobileYn=,2026-09-19 21:38:17.340050,,,
234843,손해배상(기),2016나26083,2017-05-25,2017,5,2,대구고등법원,고등법원,민사,판결,손해배상,law.go.kr,/DRF/lawService.do?OC=virtual.esq&target=prec&ID=234843&type=HTML&mobileYn=,2026-09-19 21:38:17.340050,,,
185123,건물명도·손해배상(기),2016나108951,2017-05-19,2017,5,2,대전지방법원,지방/기타,민사,판결 : 상고,손해배상,law.go.kr,/DRF/lawService.do?OC=virtual.esq&target=prec&ID=185123&type=HTML&mobileYn=,2026-09-19 21:38:17.340050,,,
184812,손해배상(기)·손해배상(기),2012다86895,2017-05-18,2017,5,2,대법원,대법원,민사,전원합의체 판결,손해배상,law.go.kr,/DRF/lawService.do?OC=virtual.esq&target=prec&ID=184812&type=HTML&mobileYn=,2026-09-19 21:38:17.340050,,,
311426,손해배상청구,대구지방법원-2016-나-311962,2017-05-18,2017,5,2,,지방/기타,민사,,손해배상,law.go.kr,/DRF/lawService.do?OC=virtual.esq&target=prec&ID=311426&type=HTML&mobileYn=,2026-09-19 21:38:17.340050,,,
184813,손해배상(기),2016다248806,2017-05-17,2017,5,2,대법원,대법원,민사,판결,손해배상,law.go.kr,/DRF/lawService.do?OC=virtual.esq&target=prec&ID=184813&type=HTML&mobileYn=,2026-09-19 21:38:17.340050,,,
305862,공무원의 법령위반행위가 존재하지 않아 국가배상법에 따른 손해배상채권이 성립하지 않음,서울중앙지방법원-2016-나-41493,2017-05-17,2017,5,2,,지방/기타,민사,,손해배상,law.go.kr,/DRF/lawService.do?OC=virtual.esq&target=prec&ID=305862&type=HTML&mobileYn=,2026-09-19 21:38:17.340050,,,
222897,손해배상및부당이득금반환,2016나77126,2017-05-12,2017,5,2,서울중앙지방법원,지방/기타,민사,판결,손해배상,law.go.kr,/DRF/lawService.do?OC=virtual.esq&target=prec&ID=222897&type=HTML&mobileYn=,2026-09-19 21:38:17.340050,,,
221795,손해배상,2016나55042,2017-05-10,2017,5,2,부산고등법원,고등법원,민사,판결 : 상고,손해배상,law.go.kr,/DRF/lawService.do?OC=virtual.esq&target=prec&ID=221795&type=HTML&mobileYn=,2026-09-19 21:38:17.340050,,,
184736,손해배상(기),2016다277798,2017-04-28,2017,4,2,대법원,대법원,민사,판결,손해배상,law.go.kr,/DRF/lawService.do?OC=virtual.esq&target=prec&ID=184736&type=HTML&mobileYn=,2026-09-19 21:38:17.340050,,,
309622,가압류 등 보전조치를 하지 않은 것만으로 국가배상법에 따른 손해배상채권이 성립하지 않음,서울중앙지방법원-2014-가합-591440,2017-04-21,2017,4,2,,지방/기타,민사,,손해배상,law.go.kr,/DRF/lawService.do?OC=virtual.esq&target=prec&ID=309622&type=HTML&mobileYn=,2026-09-19 21:38:17.340050,,,
309404,"원고에 대한 폐업조치, 폐업조치 취소 거부 또는 지연은 위법성이 없어 손해배상 책임이 없음",광주고등법원-2016-나-13023,2017-04-19,2017,4,2,,지방/기타,민사,,손해배상,law.go.kr,/DRF/lawService.do?OC=virtual.esq&target=prec&ID=309404&type=HTML&mobileYn=,2026-09-19 21:38:17.340050,,,
211675,청구이의소·손해배상(기),2016다275433,2017-04-13,2017,4,2,대법원,대법원,민사,판결,손해배상,law.go.kr,/DRF/lawService.do?OC=virtual.esq&target=prec&ID=211675&type=HTML&mobileYn=,2026-09-19 21:38:17.340050,,,
207549,손해배상(기)·건물인도등,2016나2074621,2017-04-12,2017,4,2,서울고등법원,고등법원,민사,판결,손해배상,law.go.kr,/DRF/lawService.do?OC=virtual.esq&target=prec&ID=207549&type=HTML&mobileYn=,2026-09-19 21:38:17.340050,,,
209273,손해배상(기)등,2016나264,2017-04-12,2017,4,2,부산고등법원,고등법원,민사,판결,손해배상,law.go.kr,/DRF/lawService.do?OC=virtual.esq&target=prec&ID=209273&type=HTML&mobileYn=,2026-09-19 21:38:17.340050,,,
197683,손해배상(기),2016나2047247,2017-04-11,2017,4,2,서울고등법원,고등법원,민사,판결,손해배상,law.go.kr,/DRF/lawService.do?OC=virtual.esq&target=prec&ID=197683&type=HTML&mobileYn=,2026-09-19 21:38:17.340050,,,
184687,손해배상(기),2016다251994,2017-04-07,2017,4,2,대법원,대법원,민사,판결,손해배상,law.go.kr,/DRF/lawService.do?OC=virtual.esq&target=prec&ID=184687&type=HTML&mobileYn=,2026-09-19 21:38:17.340050,,,
185233,손해배상(기),2016다251727,2017-04-07,2017,4,2,대법원,대법원,민사,판결,손해배상,law.go.kr,/DRF/lawService.do?OC=virtual.esq&target=prec&ID=185233&type=HTML&mobileYn=,2026-09-19 21:38:17.340050,,,
192746,손해배상(기),2013나2010343,2017-04-04,2017,4,2,서울고등법원,고등법원,민사,판결 : 상고,손해배상,law.go.kr,/DRF/lawService.do?OC=virtual.esq&target=prec&ID=192746&type=HTML&mobileYn=,2026-09-19 21:38:17.340050,,,
185112,손해배상등,2014다68891,2017-03-30,2017,3,1,대법원,대법원,민사,판결,손해배상,law.go.kr,/DRF/lawService.do?OC=virtual.esq&target=prec&ID=185112&type=HTML&mobileYn=,2026-09-19 21:38:17.340050,,,
185114,손해배상(기),2016다267920,2017-03-30,2017,3,1,대법원,대법원,민사,판결,손해배상,law.go.kr,/DRF/lawService.do?OC=virtual.esq&target=prec&ID=185114&type=HTML&mobileYn=,2026-09-19 21:38:17.340050,,,
185115,손해배상(기),2016다231358,2017-03-30,2017,3,1,대법원,대법원,민사,판결,손해배상,law.go.kr,/DRF/lawService.do?OC=virtual.esq&target=prec&ID=185115&type=HTML&mobileYn=,2026-09-19 21:38:17.340050,,,
192741,손해배상등,2016다253297,2017-03-30,2017,3,1,대법원,대법원,민사,판결,손해배상,law.go.kr,/DRF/lawService.do?OC=virtual.esq&target=prec&ID=192741&type=HTML&mobileYn=,2026-09-19 21:38:17.340050,,,
184651,손해배상(기),2016나2087313,2017-03-30,2017,3,1,서울고등법원,고등법원,민사,판결 : 상고,손해배상,law.go.kr,/DRF/lawService.do?OC=virtual.esq&target=prec&ID=184651&type=HTML&mobileYn=,2026-09-19 21:38:17.340050,,,
300816,지연손해금의 실질적인 성격이 불법행위에 기한 손해배상금에 해당하는지 여부,서울고등법원-2016-누-57016,2017-03-24,2017,3,1,,지방/기타,일반행정,,손해배상,law.go.kr,/DRF/lawService.do?OC=virtual.esq&target=prec&ID=300816&type=HTML&mobileYn=,2026-09-19 21:38:17.340050,,,
230785,손해배상(기)·손해배상(기),2016나874,2017-03-24,2017,3,1,광주고등법원,고등법원,민사,판결,손해배상,law.go.kr,/DRF/lawService.do?OC=virtual.esq&target=prec&ID=230785&type=HTML&mobileYn=,2026-09-19 21:38:17.340050,,,
213401,손해배상(기),2016가단5056833,2017-03-23,2017,3,1,서울중앙지방법원,지방/기타,민사,판결,손해배상,law.go.kr,/DRF/lawService.do?OC=virtual.esq&target=prec&ID=213401&type=HTML&mobileYn=,2026-09-19 21:38:17.340050,,,
224507,손해배상(기),2015가합11133,2017-03-23,2017,3,1,제주지방법원,지방/기타,민사,판결,손해배상,law.go.kr,/DRF/lawService.do?OC=virtual.esq&target=prec&ID=224507&type=HTML&mobileYn=,2026-09-19 21:38:17.340050,,,
185694,특정경제범죄가중처벌등에관한법률위반(사기)·사기·폭력행위등처벌에관한법률위반(공동상해)·폭력행위등처벌에관한법률위반(공동폭행)·자동차관리법위반·자동차손해배상보장법위반·특정범죄가중처벌등에관한법률위반(도주차량)·도로교통법위반(사고후미조치)·도로교통법위반(음주측정거부)·범인도피교사,2016도21075,2017-03-16,2017,3,1,대법원,대법원,형사,판결,손해배상,law.go.kr,/DRF/lawService.do?OC=virtual.esq&target=prec&ID=185694&type=HTML&mobileYn=,2026-09-19 21:38:17.340050,,,
184528,토지인도등·손해배상,2013다79887,2017-03-15,2017,3,1,대법원,대법원,민사,판결,손해배상,law.go.kr,/DRF/lawService.do?OC=virtual.esq&target=prec&ID=184528&type=HTML&mobileYn=,2026-09-19 21:38:17.340050,,,
184532,손해배상(기),2013다209695,2017-03-15,2017,3,1,대법원,대법원,민사,판결,손해배상,law.go.kr,/DRF/lawService.do?OC=virtual.esq&target=prec&ID=184532&type=HTML&mobileYn=,2026-09-19 21:38:17.340050,,,
184529,손해배상(기),2015다238963,2017-03-15,2017,3,1,대법원,대법원,민사,판결,손해배상,law.go.kr,/DRF/lawService.do?OC=virtual.esq&target=prec&ID=184529&type=HTML&mobileYn=,2026-09-19 21:38:17.340050,,,
184658,손해배상(산),2014가단5356072,2017-03-10,2017,3,1,서울중앙지방법원,지방/기타,민사,판결 : 확정,손해배상,law.go.kr,/DRF/lawService.do?OC=virtual.esq&target=prec&ID=184658&type=HTML&mobileYn=,2026-09-19 21:38:17.341054,,,
200554,손해배상(기),2015가합27892,2017-03-10,2017,3,1,서울중앙지방법원,지방/기타,민사,판결,손해배상,law.go.kr,/DRF/lawService.do?OC=virtual.esq&target=prec&ID=200554&type=HTML&mobileYn=,2026-09-19 21:38:17.341054,,,
184831,손해배상(기),2016다257046,2017-03-09,2017,3,1,대법원,대법원,민사,판결,손해배상,law.go.kr,/DRF/lawService.do?OC=virtual.esq&target=prec&ID=184831&type=HTML&mobileYn=,2026-09-19 21:38:17.341054,,,
309716,예규를 제정한 행위 등을 원인으로 한 손해배상청구권의 정 여부,대법원-2016-다-269674,2017-03-09,2017,3,1,,지방/기타,민사,,손해배상,law.go.kr,/DRF/lawService.do?OC=virtual.esq&target=prec&ID=309716&type=HTML&mobileYn=,2026-09-19 21:38:17.341054,,,
184474,채무부존재확인·손해배상(기),2016다256968,2017-03-09,2017,3,1,대법원,대법원,민사,판결,손해배상,law.go.kr,/DRF/lawService.do?OC=virtual.esq&target=prec&ID=184474&type=HTML&mobileYn=,2026-09-19 21:38:17.341054,,,
213547,손해배상(기),2013가합14809,2017-02-16,2017,2,1,서울중앙지방법원,지방/기타,민사,판결,손해배상,law.go.kr,/DRF/lawService.do?OC=virtual.esq&target=prec&ID=213547&type=HTML&mobileYn=,2026-09-19 21:38:17.341054,,,
235049,손해배상(기)등,2015나2065729,2017-02-16,2017,2,1,서울고등법원,고등법원,민사,판결,손해배상,law.go.kr,/DRF/lawService.do?OC=virtual.esq&target=prec&ID=235049&type=HTML&mobileYn=,2026-09-19 21:38:17.341054,,,
184376,손해배상청구의소,2015다235766,2017-02-15,2017,2,1,대법원,대법원,민사,판결,손해배상,law.go.kr,/DRF/lawService.do?OC=virtual.esq&target=prec&ID=184376&type=HTML&mobileYn=,2026-09-19 21:38:17.342049,,,
184379,약정금등·손해배상(기),2014다19776,2017-02-15,2017,2,1,대법원,대법원,민사,판결,손해배상,law.go.kr,/DRF/lawService.do?OC=virtual.esq&target=prec&ID=184379&type=HTML&mobileYn=,2026-09-19 21:38:17.342049,,,
210705,손해배상(자),2016가단200400,2017-02-15,2017,2,1,부산지방법원동부지원,지방/기타,민사,판결,손해배상,law.go.kr,/DRF/lawService.do?OC=virtual.esq&target=prec&ID=210705&type=HTML&mobileYn=,2026-09-19 21:38:17.342049,,,
184373,업무상횡령(아파트 특별수선충당금을 구조진단 견적비 및 손해배상청구소송의 변호사 선임료로 사용하여 업무상횡령으로 기소된 사건),2013도14777,2017-02-15,2017,2,1,대법원,대법원,형사,판결,손해배상,law.go.kr,/DRF/lawService.do?OC=virtual.esq&target=prec&ID=184373&type=HTML&mobileYn=,2026-09-19 21:38:17.342049,,,
184772,손해배상(국),2016다262802,2017-02-15,2017,2,1,대법원,대법원,민사,판결,손해배상,law.go.kr,/DRF/lawService.do?OC=virtual.esq&target=prec&ID=184772&type=HTML&mobileYn=,2026-09-19 21:38:17.342049,,,
184378,손해배상(기),2015다23321,2017-02-15,2017,2,1,대법원,대법원,민사,판결,손해배상,law.go.kr,/DRF/lawService.do?OC=virtual.esq&target=prec&ID=184378&type=HTML&mobileYn=,2026-09-19 21:38:17.342049,,,
184371,손해배상(기),2014다230535,2017-02-15,2017,2,1,대법원,대법원,민사,판결,손해배상,law.go.kr,/DRF/lawService.do?OC=virtual.esq&target=prec&ID=184371&type=HTML&mobileYn=,2026-09-19 21:38:17.342049,,,
220197,손해배상(기),2016나49312,2017-02-09,2017,2,1,서울중앙지방법원,지방/기타,민사,판결,손해배상,law.go.kr,/DRF/lawService.do?OC=virtual.esq&target=prec&ID=220197&type=HTML&mobileYn=,2026-09-19 21:38:17.342049,,,
184384,손해배상(기),2013다205778,2017-02-09,2017,2,1,대법원,대법원,민사,판결,손해배상,law.go.kr,/DRF/lawService.do?OC=virtual.esq&target=prec&ID=184384&type=HTML&mobileYn=,2026-09-19 21:38:17.342049,,,
224491,손해배상(기),2015나24241,2017-02-08,2017,2,1,서울고등법원,고등법원,민사,판결,손해배상,law.go.kr,/DRF/lawService.do?OC=virtual.esq&target=prec&ID=224491&type=HTML&mobileYn=,2026-09-19 21:38:17.342049,,,
193130,손해배상(기),2016나22326,2017-02-08,2017,2,1,대구고등법원,고등법원,민사,판결,손해배상,law.go.kr,/DRF/lawService.do?OC=virtual.esq&target=prec&ID=193130&type=HTML&mobileYn=,2026-09-19 21:38:17.342049,,,
228483,손해배상(기),2015나100438,2017-02-07,2017,2,1,광주고등법원전주재판부,고등법원,민사,판결,손해배상,law.go.kr,/DRF/lawService.do?OC=virtual.esq&target=prec&ID=228483&type=HTML&mobileYn=,2026-09-19 21:38:17.342049,,,
320978,양도대금에 손해배상금이 포함되었다는 증거가 없음,대구고등법원-2015-누-5802,2017-02-03,2017,2,1,,지방/기타,일반행정,,손해배상,law.go.kr,/DRF/lawService.do?OC=virtual.esq&target=prec&ID=320978&type=HTML&mobileYn=,2026-09-19 21:38:17.342049,,,
310126,피고가 원고에게 손해배상을 할 사유가 없음.,서울북부지방법원-2016-나-33385,2017-02-03,2017,2,1,,지방/기타,민사,,손해배상,law.go.kr,/DRF/lawService.do?OC=virtual.esq&target=prec&ID=310126&type=HTML&mobileYn=,2026-09-19 21:38:17.342049,,,
245324,선박선수금환급보증이자는 손해배상금에 해당하고 대위변제금 충당순서는 약정에 따라 원금과 이자로 지정하여 회수된 것임,서울행정법원-2015-구합-77561,2017-02-03,2017,2,1,,지방/기타,일반행정,,손해배상,law.go.kr,/DRF/lawService.do?OC=virtual.esq&target=prec&ID=245324&type=HTML&mobileYn=,2026-09-19 21:38:17.342049,,,
228485,손해배상(기),2016가합7910,2017-01-26,2017,1,1,수원지방법원안산지원,지방/기타,민사,판결,손해배상,law.go.kr,/DRF/lawService.do?OC=virtual.esq&target=prec&ID=228485&type=HTML&mobileYn=,2026-09-19 21:38:17.342049,,,
184242,손해배상(기),2015다216758,2017-01-25,2017,1,1,대법원,대법원,민사,판결,손해배상,law.go.kr,/DRF/lawService.do?OC=virtual.esq&target=prec&ID=184242&type=HTML&mobileYn=,2026-09-19 21:38:17.342049,,,
230851,손해배상,2014가합27505,2017-01-24,2017,1,1,서울중앙지방법원,지방/기타,민사,판결,손해배상,law.go.kr,/DRF/lawService.do?OC=virtual.esq&target=prec&ID=230851&type=HTML&mobileYn=,2026-09-19 21:38:17.342049,,,
223495,손해배상(자),2015가단5018506,2017-01-20,2017,1,1,서울중앙지방법원,지방/기타,민사,판결,손해배상,law.go.kr,/DRF/lawService.do?OC=virtual.esq&target=prec&ID=223495&type=HTML&mobileYn=,2026-09-19 21:38:17.342049,,,
231915,손해배상(국),2014가합544994,2017-01-20,2017,1,1,서울중앙지방법원,지방/기타,민사,판결,손해배상,law.go.kr,/DRF/lawService.do?OC=virtual.esq&target=prec&ID=231915&type=HTML&mobileYn=,2026-09-19 21:38:17.342049,,,
224481,손해배상(기),2015나2049505,2017-01-20,2017,1,1,서울고등법원,고등법원,민사,판결,손해배상,law.go.kr,/DRF/lawService.do?OC=virtual.esq&target=prec&ID=224481&type=HTML&mobileYn=,2026-09-19 21:38:17.342049,,,
205394,손해배상(기),2015나28199,2017-01-20,2017,1,1,서울고등법원,고등법원,민사,판결,손해배상,law.go.kr,/DRF/lawService.do?OC=virtual.esq&target=prec&ID=205394&type=HTML&mobileYn=,2026-09-19 21:38:17.342049,,,
193143,손해배상(기),2015나61414,2017-01-20,2017,1,1,서울중앙지방법원,지방/기타,민사,판결,손해배상,law.go.kr,/DRF/lawService.do?OC=virtual.esq&target=prec&ID=193143&type=HTML&mobileYn=,2026-09-19 21:38:17.342049,,,
192994,손해배상(기),2016나2035572,2017-01-19,2017,1,1,서울고등법원,고등법원,민사,판결,손해배상,law.go.kr,/DRF/lawService.do?OC=virtual.esq&target=prec&ID=192994&type=HTML&mobileYn=,2026-09-19 21:38:17.342049,,,
210707,손해배상(기),2016가합102819,2017-01-13,2017,1,1,서울남부지방법원,지방/기타,민사,판결,손해배상,law.go.kr,/DRF/lawService.do?OC=virtual.esq&target=prec&ID=210707&type=HTML&mobileYn=,2026-09-19 21:38:17.342049,,,
184103,손해배상(기)·손해배상(기),2014다11574,2017-01-12,2017,1,1,대법원,대법원,민사,판결,손해배상,law.go.kr,/DRF/lawService.do?OC=virtual.esq&target=prec&ID=184103&type=HTML&mobileYn=,2026-09-19 21:38:17.342049,,,
184538,손해배상(기),2014다67720,2016-12-29,2016,12,4,대법원,대법원,민사,판결,손해배상,law.go.kr,/DRF/lawService.do?OC=virtual.esq&target=prec&ID=184538&type=HTML&mobileYn=,2026-09-19 21:38:17.342049,,,
184542,손해배상(자),2016다236285,2016-12-29,2016,12,4,대법원,대법원,민사,판결,손해배상,law.go.kr,/DRF/lawService.do?OC=virtual.esq&target=prec&ID=184542&type=HTML&mobileYn=,2026-09-19 21:38:17.342049,,,
184546,손해배상청구등·공사대금등,2015다231672,2016-12-27,2016,12,4,대법원,대법원,민사,판결,손해배상,law.go.kr,/DRF/lawService.do?OC=virtual.esq&target=prec&ID=184546&type=HTML&mobileYn=,2026-09-19 21:38:17.342049,,,
206193,손해배상(기),2016나10627,2016-12-23,2016,12,4,대전고등법원,고등법원,민사,판결,손해배상,law.go.kr,/DRF/lawService.do?OC=virtual.esq&target=prec&ID=206193&type=HTML&mobileYn=,2026-09-19 21:38:17.342049,,,
192734,손해배상(자)·손해배상(자),2015나44004,2016-12-22,2016,12,4,수원지방법원,지방/기타,민사,판결 : 확정,손해배상,law.go.kr,/DRF/lawService.do?OC=virtual.esq&target=prec&ID=192734&type=HTML&mobileYn=,2026-09-19 21:38:17.342049,,,
299566,위로금 명목으로 지급하였으나 실제는 손해배상금임.,수원지방법원-2016-구합-1036,2016-12-20,2016,12,4,,지방/기타,일반행정,,손해배상,law.go.kr,/DRF/lawService.do?OC=virtual.esq&target=prec&ID=299566&type=HTML&mobileYn=,2026-09-19 21:38:17.342049,,,
205545,손해배상(기)등,2012가합62849,2016-12-16,2016,12,4,서울중앙지방법원,지방/기타,민사,판결,손해배상,law.go.kr,/DRF/lawService.do?OC=virtual.esq&target=prec&ID=205545&type=HTML&mobileYn=,2026-09-19 21:38:17.342049,,,
183800,손해배상(기),2015다243163,2016-12-15,2016,12,4,대법원,대법원,민사,판결,손해배상,law.go.kr,/DRF/lawService.do?OC=virtual.esq&target=prec&ID=183800&type=HTML&mobileYn=,2026-09-19 21:38:17.342049,,,
184412,손해배상(기),2015다60597,2016-12-15,2016,12,4,대법원,대법원,민사,판결,손해배상,law.go.kr,/DRF/lawService.do?OC=virtual.esq&target=prec&ID=184412&type=HTML&mobileYn=,2026-09-19 21:38:17.342049,,,
305922,불법행위로 인한 손해배상청구사건에서 손해의 발생 및 가해행위와 손해의 발생 사이의 인과관계에 대한 증명책임은 피해자가 부담,대법원-2015-다-251218,2016-12-15,2016,12,4,,지방/기타,민사,,손해배상,law.go.kr,/DRF/lawService.do?OC=virtual.esq&target=prec&ID=305922&type=HTML&mobileYn=,2026-09-19 21:38:17.342049,,,
184413,손해배상(기),2015다241228,2016-12-15,2016,12,4,대법원,대법원,민사,판결,손해배상,law.go.kr,/DRF/lawService.do?OC=virtual.esq&target=prec&ID=184413&type=HTML&mobileYn=,2026-09-19 21:38:17.342049,,,
184414,손해배상(기),2016다237264,2016-12-15,2016,12,4,대법원,대법원,민사,판결,손해배상,law.go.kr,/DRF/lawService.do?OC=virtual.esq&target=prec&ID=184414&type=HTML&mobileYn=,2026-09-19 21:38:17.342049,,,
224459,손해배상(기),2016나54727,2016-12-09,2016,12,4,서울중앙지방법원,지방/기타,민사,판결,손해배상,law.go.kr,/DRF/lawService.do?OC=virtual.esq&target=prec&ID=224459&type=HTML&mobileYn=,2026-09-19 21:38:17.342049,,,
206225,손해배상(기),2016가합518302,2016-12-08,2016,12,4,서울중앙지방법원,지방/기타,민사,판결,손해배상,law.go.kr,/DRF/lawService.do?OC=virtual.esq&target=prec&ID=206225&type=HTML&mobileYn=,2026-09-19 21:38:17.342049,,,
206366,손해배상(의),2016나2021634,2016-12-08,2016,12,4,서울고등법원,고등법원,민사,판결,손해배상,law.go.kr,/DRF/lawService.do?OC=virtual.esq&target=prec&ID=206366&type=HTML&mobileYn=,2026-09-19 21:38:17.342049,,,
220095,손해배상(기),2016나2026998,2016-12-07,2016,12,4,서울고등법원,고등법원,민사,판결,손해배상,law.go.kr,/DRF/lawService.do?OC=virtual.esq&target=prec&ID=220095&type=HTML&mobileYn=,2026-09-19 21:38:17.342049,,,
224451,손해배상(기),2013나5723,2016-12-02,2016,12,4,대전고등법원,고등법원,민사,판결,손해배상,law.go.kr,/DRF/lawService.do?OC=virtual.esq&target=prec&ID=224451&type=HTML&mobileYn=,2026-09-19 21:38:17.342049,,,
211351,손해배상(지),2015나2016239,2016-12-01,2016,12,4,서울고등법원,고등법원,민사,판결,손해배상,law.go.kr,/DRF/lawService.do?OC=virtual.esq&target=prec&ID=211351&type=HTML&mobileYn=,2026-09-19 21:38:17.342049,,,
213409,손해배상(기),2014가합61285,2016-12-01,2016,12,4,인천지방법원,지방/기타,민사,판결,손해배상,law.go.kr,/DRF/lawService.do?OC=virtual.esq&target=prec&ID=213409&type=HTML&mobileYn=,2026-09-19 21:38:17.342049,,,
184417,손해배상(기),2016다240093,2016-12-01,2016,12,4,대법원,대법원,민사,판결,손해배상,law.go.kr,/DRF/lawService.do?OC=virtual.esq&target=prec&ID=184417&type=HTML&mobileYn=,2026-09-19 21:38:17.342049,,,
185986,손해배상(기),2016나59140,2016-12-01,2016,12,4,수원지방법원,지방/기타,민사,판결,손해배상,law.go.kr,/DRF/lawService.do?OC=virtual.esq&target=prec&ID=185986&type=HTML&mobileYn=,2026-09-19 21:38:17.342049,,,
184315,손해배상(기)·손해배상(기),2016가단5072798,2016-11-30,2016,11,4,서울중앙지방법원,지방/기타,민사,판결 : 항소,손해배상,law.go.kr,/DRF/lawService.do?OC=virtual.esq&target=prec&ID=184315&type=HTML&mobileYn=,2026-09-19 21:38:17.342049,,,
206171,손해배상청구등·부당이득금 반환,2015나2050307,2016-11-25,2016,11,4,서울고등법원,고등법원,민사,판결,손해배상,law.go.kr,/DRF/lawService.do?OC=virtual.esq&target=prec&ID=206171&type=HTML&mobileYn=,2026-09-19 21:38:17.342049,,,
209433,손해배상(지),2015가합5445,2016-11-25,2016,11,4,전주지방법원,지방/기타,민사,판결,손해배상,law.go.kr,/DRF/lawService.do?OC=virtual.esq&target=prec&ID=209433&type=HTML&mobileYn=,2026-09-19 21:38:17.342049,,,
233325,손해배상(기)·손해배상(기),2015나18154,2016-11-24,2016,11,4,서울고등법원,고등법원,민사,판결,손해배상,law.go.kr,/DRF/lawService.do?OC=virtual.esq&target=prec&ID=233325&type=HTML&mobileYn=,2026-09-19 21:38:17.342049,,,
187941,손해배상(기),2014다81511,2016-11-24,2016,11,4,대법원,대법원,민사,판결,손해배상,law.go.kr,/DRF/lawService.do?OC=virtual.esq&target=prec&ID=187941&type=HTML&mobileYn=,2026-09-19 21:38:17.342049,,,
184316,손해배상(기),2015가합45188,2016-11-24,2016,11,4,부산지방법원,지방/기타,민사,판결 : 항소,손해배상,law.go.kr,/DRF/lawService.do?OC=virtual.esq&target=prec&ID=184316&type=HTML&mobileYn=,2026-09-19 21:38:17.342049,,,
184351,손해배상(기),2014다81528,2016-11-24,2016,11,4,대법원,대법원,민사,판결,손해배상,law.go.kr,/DRF/lawService.do?OC=virtual.esq&target=prec&ID=184351&type=HTML&mobileYn=,2026-09-19 21:38:17.342049,,,
311568,허위세금계산서 수취분에 대한 과세가 공동불법행위에 해당되어 손해배상금 청구권이 있는지 여부,서울고등법원-2014-나-2027829,2016-11-23,2016,11,4,,지방/기타,민사,,손해배상,law.go.kr,/DRF/lawService.do?OC=virtual.esq&target=prec&ID=311568&type=HTML&mobileYn=,2026-09-19 21:38:17.342049,,,
309818,손해배상(기),청주지방법원-2015-나-11527,2016-11-18,2016,11,4,,지방/기타,민사,,손해배상,law.go.kr,/DRF/lawService.do?OC=virtual.esq&target=prec&ID=309818&type=HTML&mobileYn=,2026-09-19 21:38:17.343045,,,
202095,손해배상(기),2016가단5046362,2016-11-17,2016,11,4,서울중앙지방법원,지방/기타,민사,판결,손해배상,law.go.kr,/DRF/lawService.do?OC=virtual.esq&target=prec&ID=202095&type=HTML&mobileYn=,2026-09-19 21:38:17.343045,,,
183647,손해배상(기),2014다229009,2016-11-10,2016,11,4,대법원,대법원,민사,판결,손해배상,law.go.kr,/DRF/lawService.do?OC=virtual.esq&target=prec&ID=183647&type=HTML&mobileYn=,2026-09-19 21:38:17.343045,,,
183632,손해배상(기),2013다23617,2016-11-10,2016,11,4,대법원,대법원,민사,판결,손해배상,law.go.kr,/DRF/lawService.do?OC=virtual.esq&target=prec&ID=183632&type=HTML&mobileYn=,2026-09-19 21:38:17.343045,,,
187883,손해배상(기),2013다71098,2016-11-10,2016,11,4,대법원,대법원,민사,판결,손해배상,law.go.kr,/DRF/lawService.do?OC=virtual.esq&target=prec&ID=187883&type=HTML&mobileYn=,2026-09-19 21:38:17.343045,,,
183633,손해배상(건),2015다218785,2016-11-09,2016,11,4,대법원,대법원,민사,판결,손해배상,law.go.kr,/DRF/lawService.do?OC=virtual.esq&target=prec&ID=183633&type=HTML&mobileYn=,2026-09-19 21:38:17.343045,,,
311300,"비거주자인 원고가 스스로 양도소득세를 과다 신고를 하였다고 하더라도, 국가의 손해배상책임이 발생하지 않음.",서울고등법원-2016-나-2037028,2016-11-03,2016,11,4,,지방/기타,민사,,손해배상,law.go.kr,/DRF/lawService.do?OC=virtual.esq&target=prec&ID=311300&type=HTML&mobileYn=,2026-09-19 21:38:17.343045,,,
206367,손해배상(기),2015나2049406,2016-11-03,2016,11,4,서울고등법원,고등법원,민사,판결,손해배상,law.go.kr,/DRF/lawService.do?OC=virtual.esq&target=prec&ID=206367&type=HTML&mobileYn=,2026-09-19 21:38:17.343045,,,
207162,손해배상(기),2016나2016441,2016-10-28,2016,10,4,서울고등법원,고등법원,민사,판결,손해배상,law.go.kr,/DRF/lawService.do?OC=virtual.esq&target=prec&ID=207162&type=HTML&mobileYn=,2026-09-19 21:38:17.343045,,,
183581,손해배상(기),2016가소3054,2016-10-27,2016,10,4,전주지방법원,지방/기타,민사,판결 : 항소,손해배상,law.go.kr,/DRF/lawService.do?OC=virtual.esq&target=prec&ID=183581&type=HTML&mobileYn=,2026-09-19 21:38:17.343045,,,
183983,손해배상(기),2015다218099,2016-10-27,2016,10,4,대법원,대법원,민사,판결,손해배상,law.go.kr,/DRF/lawService.do?OC=virtual.esq&target=prec&ID=183983&type=HTML&mobileYn=,2026-09-19 21:38:17.343045,,,
183595,손해배상(기),2013다7769,2016-10-27,2016,10,4,대법원,대법원,민사,판결,손해배상,law.go.kr,/DRF/lawService.do?OC=virtual.esq&target=prec&ID=183595&type=HTML&mobileYn=,2026-09-19 21:38:17.343045,,,
183775,손해배상(기),2015가단137349,2016-10-27,2016,10,4,수원지방법원,지방/기타,민사,판결 : 확정,손해배상,law.go.kr,/DRF/lawService.do?OC=virtual.esq&target=prec&ID=183775&type=HTML&mobileYn=,2026-09-19 21:38:17.343045,,,
205442,채무부존재확인·손해배상,2015나2050642,2016-10-27,2016,10,4,서울고등법원,고등법원,민사,판결,손해배상,law.go.kr,/DRF/lawService.do?OC=virtual.esq&target=prec&ID=205442&type=HTML&mobileYn=,2026-09-19 21:38:17.343045,,,
310822,손해배상청구,안동지원-2016-가소-2455,2016-10-25,2016,10,4,,지방/기타,민사,,손해배상,law.go.kr,/DRF/lawService.do?OC=virtual.esq&target=prec&ID=310822&type=HTML&mobileYn=,2026-09-19 21:38:17.343045,,,
217643,손해배상(기),2016가단5043080,2016-10-21,2016,10,4,서울중앙지방법원,지방/기타,민사,판결,손해배상,law.go.kr,/DRF/lawService.do?OC=virtual.esq&target=prec&ID=217643&type=HTML&mobileYn=,2026-09-19 21:38:17.343045,,,
224425,손해배상(기),2015나2010880,2016-10-21,2016,10,4,서울고등법원,고등법원,민사,판결,손해배상,law.go.kr,/DRF/lawService.do?OC=virtual.esq&target=prec&ID=224425&type=HTML&mobileYn=,2026-09-19 21:38:17.343045,,,
184149,손해배상(자),2015가단36003,2016-10-20,2016,10,4,서울북부지방법원,지방/기타,민사,판결 : 확정,손해배상,law.go.kr,/DRF/lawService.do?OC=virtual.esq&target=prec&ID=184149&type=HTML&mobileYn=,2026-09-19 21:38:17.343045,,,
206174,손해배상(기),2016누11665,2016-10-20,2016,10,4,대전고등법원,고등법원,일반행정,판결,손해배상,law.go.kr,/DRF/lawService.do?OC=virtual.esq&target=prec&ID=206174&type=HTML&mobileYn=,2026-09-19 21:38:17.343045,,,
310962,담당공무원의 불법행위로 인한 손해는 국가가 배상할 책임이 있음,대구지방법원-2016-나-303800,2016-10-19,2016,10,4,,지방/기타,민사,,손해배상,law.go.kr,/DRF/lawService.do?OC=virtual.esq&target=prec&ID=310962&type=HTML&mobileYn=,2026-09-19 21:38:17.343045,,,
210713,손해배상(기),2014가합511956,2016-10-13,2016,10,4,서울중앙지방법원,지방/기타,민사,판결,손해배상,law.go.kr,/DRF/lawService.do?OC=virtual.esq&target=prec&ID=210713&type=HTML&mobileYn=,2026-09-19 21:38:17.343045,,,
320510,피고가 피고 보조참가인인 이 사건 회사에 대하여 불법행위를 원인으로 한 손해배상책임이 있는지 여부,청주지방법원-2013-가합-26378,2016-10-13,2016,10,4,,지방/기타,민사,,손해배상,law.go.kr,/DRF/lawService.do?OC=virtual.esq&target=prec&ID=320510&type=HTML&mobileYn=,2026-09-19 21:38:17.343045,,,
183989,손해배상(기),2014다215499,2016-10-13,2016,10,4,대법원,대법원,민사,판결,손해배상,law.go.kr,/DRF/lawService.do?OC=virtual.esq&target=prec&ID=183989&type=HTML&mobileYn=,2026-09-19 21:38:17.343045,,,
301868,횡령이 발생하였다 하더라도 법인이 손해배상채권 등을 취득하는 경우 사외유출된 것으로 볼 수 없음,서울행정법원-2015-구합-65872,2016-10-07,2016,10,4,,지방/기타,일반행정,,손해배상,law.go.kr,/DRF/lawService.do?OC=virtual.esq&target=prec&ID=301868&type=HTML&mobileYn=,2026-09-19 21:38:17.343045,,,
217537,손해배상(자),2016나33539,2016-10-07,2016,10,4,서울중앙지방법원,지방/기타,민사,판결,손해배상,law.go.kr,/DRF/lawService.do?OC=virtual.esq&target=prec&ID=217537&type=HTML&mobileYn=,2026-09-19 21:38:17.343045,,,
194825,손해배상(자),2015나72834,2016-10-06,2016,10,4,서울중앙지방법원,지방/기타,민사,판결,손해배상,law.go.kr,/DRF/lawService.do?OC=virtual.esq&target=prec&ID=194825&type=HTML&mobileYn=,2026-09-19 21:38:17.343045,,,
183447,손해배상·손해배상,2015다19117,2016-09-30,2016,9,3,대법원,대법원,민사,판결,손해배상,law.go.kr,/DRF/lawService.do?OC=virtual.esq&target=prec&ID=183447&type=HTML&mobileYn=,2026-09-19 21:38:17.343045,,,
183991,손해배상(기),2013다85172,2016-09-30,2016,9,3,대법원,대법원,민사,판결,손해배상,law.go.kr,/DRF/lawService.do?OC=virtual.esq&target=prec&ID=183991&type=HTML&mobileYn=,2026-09-19 21:38:17.343045,,,
183448,서비스표권침해금지등·손해배상,2014다59712,2016-09-30,2016,9,3,대법원,대법원,민사,판결,손해배상,law.go.kr,/DRF/lawService.do?OC=virtual.esq&target=prec&ID=183448&type=HTML&mobileYn=,2026-09-19 21:38:17.343045,,,
206194,손해배상(기),2016나2003346,2016-09-29,2016,9,3,서울고등법원,고등법원,민사,판결,손해배상,law.go.kr,/DRF/lawService.do?OC=virtual.esq&target=prec&ID=206194&type=HTML&mobileYn=,2026-09-19 21:38:17.343045,,,
206234,손해배상(기),2015나54430,2016-09-29,2016,9,3,서울중앙지방법원,지방/기타,민사,판결,손해배상,law.go.kr,/DRF/lawService.do?OC=virtual.esq&target=prec&ID=206234&type=HTML&mobileYn=,2026-09-19 21:38:17.343045,,,
217213,손해배상(기),2016가합502994,2016-09-29,2016,9,3,서울중앙지방법원,지방/기타,민사,판결,손해배상,law.go.kr,/DRF/lawService.do?OC=virtual.esq&target=prec&ID=217213&type=HTML&mobileYn=,2026-09-19 21:38:17.343045,,,
310914,국가가 농지개혁법 상 매수토지를 분배하지 않고 제3자에 매도 시 손해배상책임 있음,서울중앙지방법원-2016-나-17469,2016-09-29,2016,9,3,,지방/기타,민사,,손해배상,law.go.kr,/DRF/lawService.do?OC=virtual.esq&target=prec&ID=310914&type=HTML&mobileYn=,2026-09-19 21:38:17.343045,,,
187851,손해배상,2016다213237,2016-09-28,2016,9,3,대법원,대법원,민사,판결,손해배상,law.go.kr,/DRF/lawService.do?OC=virtual.esq&target=prec&ID=187851&type=HTML&mobileYn=,2026-09-19 21:38:17.343045,,,
193295,손해배상(기),2015나2066340,2016-09-28,2016,9,3,서울고등법원,고등법원,민사,판결,손해배상,law.go.kr,/DRF/lawService.do?OC=virtual.esq&target=prec&ID=193295&type=HTML&mobileYn=,2026-09-19 21:38:17.343045,,,
187850,손해배상(기)[개인택시기사들이 자신들의 위치정보 무단 열람에 대하여 손해배상을 구한 사건],2014다56652,2016-09-28,2016,9,3,대법원,대법원,민사,판결,손해배상,law.go.kr,/DRF/lawService.do?OC=virtual.esq&target=prec&ID=187850&type=HTML&mobileYn=,2026-09-19 21:38:17.343045,,,
183993,손해배상(기),2014다221517,2016-09-28,2016,9,3,대법원,대법원,민사,판결,손해배상,law.go.kr,/DRF/lawService.do?OC=virtual.esq&target=prec&ID=183993&type=HTML&mobileYn=,2026-09-19 21:38:17.343045,,,
217587,손해배상(기),2013나2025130,2016-09-27,2016,9,3,서울고등법원,고등법원,민사,판결,손해배상,law.go.kr,/DRF/lawService.do?OC=virtual.esq&target=prec&ID=217587&type=HTML&mobileYn=,2026-09-19 21:38:17.343045,,,
184151,손해배상(의),2016가합55208,2016-09-27,2016,9,3,인천지방법원,지방/기타,민사,판결 : 확정,손해배상,law.go.kr,/DRF/lawService.do?OC=virtual.esq&target=prec&ID=184151&type=HTML&mobileYn=,2026-09-19 21:38:17.344049,,,
183997,손해배상(의)·손해배상(의),2015다66601,2016-09-23,2016,9,3,대법원,대법원,민사,판결,손해배상,law.go.kr,/DRF/lawService.do?OC=virtual.esq&target=prec&ID=183997&type=HTML&mobileYn=,2026-09-19 21:38:17.344049,,,
207551,손해배상(기),2015나2046254,2016-09-23,2016,9,3,서울고등법원,고등법원,민사,판결,손해배상,law.go.kr,/DRF/lawService.do?OC=virtual.esq&target=prec&ID=207551&type=HTML&mobileYn=,2026-09-19 21:38:17.344049,,,
188432,채무부존재확인·손해배상(기),2015나2073027,2016-09-22,2016,9,3,서울고등법원,고등법원,민사,판결,손해배상,law.go.kr,/DRF/lawService.do?OC=virtual.esq&target=prec&ID=188432&type=HTML&mobileYn=,2026-09-19 21:38:17.344049,,,
241340,"채택 가능한 견해에 따라 부과처분하고, 압류한 것으로 손해배상 책임 없음",대법원-2016-다-222798,2016-09-09,2016,9,3,,지방/기타,민사,,손해배상,law.go.kr,/DRF/lawService.do?OC=virtual.esq&target=prec&ID=241340&type=HTML&mobileYn=,2026-09-19 21:38:17.344049,,,
183398,손해배상(기),2015다39357,2016-09-08,2016,9,3,대법원,대법원,민사,판결,손해배상,law.go.kr,/DRF/lawService.do?OC=virtual.esq&target=prec&ID=183398&type=HTML&mobileYn=,2026-09-19 21:38:17.344049,,,
202277,손해배상(기),2014가합112109,2016-09-01,2016,9,3,서울동부지방법원,지방/기타,민사,판결,손해배상,law.go.kr,/DRF/lawService.do?OC=virtual.esq&target=prec&ID=202277&type=HTML&mobileYn=,2026-09-19 21:38:17.344049,,,
183476,건물명도·손해배상(기),2015가합3796,2016-09-01,2016,9,3,대구지방법원,지방/기타,민사,판결 : 항소,손해배상,law.go.kr,/DRF/lawService.do?OC=virtual.esq&target=prec&ID=183476&type=HTML&mobileYn=,2026-09-19 21:38:17.344049,,,
184007,도로교통법위반(음주운전)·도로교통법위반(무면허운전)·자동차손해배상보장법위반,2016도7672,2016-08-30,2016,8,3,대법원,대법원,형사,판결,손해배상,law.go.kr,/DRF/lawService.do?OC=virtual.esq&target=prec&ID=184007&type=HTML&mobileYn=,2026-09-19 21:38:17.344049,,,
185934,손해배상(기),2016나2010955,2016-08-26,2016,8,3,서울고등법원,고등법원,민사,판결,손해배상,law.go.kr,/DRF/lawService.do?OC=virtual.esq&target=prec&ID=185934&type=HTML&mobileYn=,2026-09-19 21:38:17.344049,,,
185966,손해배상등,2015나2021378,2016-08-25,2016,8,3,서울고등법원,고등법원,민사,판결,손해배상,law.go.kr,/DRF/lawService.do?OC=virtual.esq&target=prec&ID=185966&type=HTML&mobileYn=,2026-09-19 21:38:17.344049,,,
205496,손해배상(산),2015나46116,2016-08-25,2016,8,3,수원지방법원,지방/기타,민사,판결,손해배상,law.go.kr,/DRF/lawService.do?OC=virtual.esq&target=prec&ID=205496&type=HTML&mobileYn=,2026-09-19 21:38:17.344049,,,
183275,손해배상(기),2014다225083,2016-08-25,2016,8,3,대법원,대법원,민사,판결,손해배상,law.go.kr,/DRF/lawService.do?OC=virtual.esq&target=prec&ID=183275&type=HTML&mobileYn=,2026-09-19 21:38:17.344049,,,
234927,손해배상(기),2015가합206977,2016-08-25,2016,8,3,대구지방법원,지방/기타,민사,판결,손해배상,law.go.kr,/DRF/lawService.do?OC=virtual.esq&target=prec&ID=234927&type=HTML&mobileYn=,2026-09-19 21:38:17.344049,,,
186050,손해배상(기),2015나36710,2016-08-24,2016,8,3,창원지방법원,지방/기타,민사,판결,손해배상,law.go.kr,/DRF/lawService.do?OC=virtual.esq&target=prec&ID=186050&type=HTML&mobileYn=,2026-09-19 21:38:17.344049,,,
183250,손해배상(기),2016다204653,2016-08-24,2016,8,3,대법원,대법원,민사,판결,손해배상,law.go.kr,/DRF/lawService.do?OC=virtual.esq&target=prec&ID=183250&type=HTML&mobileYn=,2026-09-19 21:38:17.344049,,,
240684,특수관계자가 발생시킨 사고로 지급받은 보험금이 손해액을 초과하면 손해배상 미청구 사유로 부당행위계산 부인규정 적용 불가함,서울고등법원-2016-누-32208,2016-08-24,2016,8,3,,지방/기타,일반행정,,손해배상,law.go.kr,/DRF/lawService.do?OC=virtual.esq&target=prec&ID=240684&type=HTML&mobileYn=,2026-09-19 21:38:17.344049,,,
183246,손해배상,2014다80839,2016-08-24,2016,8,3,대법원,대법원,민사,판결,손해배상,law.go.kr,/DRF/lawService.do?OC=virtual.esq&target=prec&ID=183246&type=HTML&mobileYn=,2026-09-19 21:38:17.344049,,,
193007,손해배상(기),2015나2060762,2016-08-18,2016,8,3,서울고등법원,고등법원,민사,판결,손해배상,law.go.kr,/DRF/lawService.do?OC=virtual.esq&target=prec&ID=193007&type=HTML&mobileYn=,2026-09-19 21:38:17.344049,,,
224389,손해배상등,2015나2067268,2016-08-18,2016,8,3,서울고등법원,고등법원,민사,판결,손해배상,law.go.kr,/DRF/lawService.do?OC=virtual.esq&target=prec&ID=224389&type=HTML&mobileYn=,2026-09-19 21:38:17.344049,,,
183244,손해배상(기),2016다200088,2016-08-18,2016,8,3,대법원,대법원,민사,판결,손해배상,law.go.kr,/DRF/lawService.do?OC=virtual.esq&target=prec&ID=183244&type=HTML&mobileYn=,2026-09-19 21:38:17.344049,,,
183265,손해배상(기),2014다5333,2016-08-17,2016,8,3,대법원,대법원,민사,판결,손해배상,law.go.kr,/DRF/lawService.do?OC=virtual.esq&target=prec&ID=183265&type=HTML&mobileYn=,2026-09-19 21:38:17.344049,,,
207164,손실분담금·손해배상(기),2013나51119,2016-08-12,2016,8,3,서울고등법원,고등법원,민사,판결,손해배상,law.go.kr,/DRF/lawService.do?OC=virtual.esq&target=prec&ID=207164&type=HTML&mobileYn=,2026-09-19 21:38:17.345049,,,
224381,손해배상(기),2015가단5321776,2016-08-10,2016,8,3,서울중앙지방법원,지방/기타,민사,판결,손해배상,law.go.kr,/DRF/lawService.do?OC=virtual.esq&target=prec&ID=224381&type=HTML&mobileYn=,2026-09-19 21:38:17.345049,,,
183056,손해배상금·손해배상(기),2016다214483,2016-07-29,2016,7,3,대법원,대법원,민사,판결,손해배상,law.go.kr,/DRF/lawService.do?OC=virtual.esq&target=prec&ID=183056&type=HTML&mobileYn=,2026-09-19 21:38:17.345049,,,
187836,손해배상,2016다203735,2016-07-27,2016,7,3,대법원,대법원,민사,판결,손해배상,law.go.kr,/DRF/lawService.do?OC=virtual.esq&target=prec&ID=187836&type=HTML&mobileYn=,2026-09-19 21:38:17.345049,,,
183074,손해배상(의),2013다96165,2016-07-27,2016,7,3,대법원,대법원,민사,판결,손해배상,law.go.kr,/DRF/lawService.do?OC=virtual.esq&target=prec&ID=183074&type=HTML&mobileYn=,2026-09-19 21:38:17.345049,,,
184031,손해배상(기)·손해배상(기),2014다205829,2016-07-27,2016,7,3,대법원,대법원,민사,판결,손해배상,law.go.kr,/DRF/lawService.do?OC=virtual.esq&target=prec&ID=184031&type=HTML&mobileYn=,2026-09-19 21:38:17.345049,,,
205450,손해배상등,2015나25435,2016-07-22,2016,7,3,서울고등법원,고등법원,민사,판결,손해배상,law.go.kr,/DRF/lawService.do?OC=virtual.esq&target=prec&ID=205450&type=HTML&mobileYn=,2026-09-19 21:38:17.345049,,,
205552,손해배상(의),2015나100421,2016-07-21,2016,7,3,광주고등법원전주재판부,고등법원,민사,판결,손해배상,law.go.kr,/DRF/lawService.do?OC=virtual.esq&target=prec&ID=205552&type=HTML&mobileYn=,2026-09-19 21:38:17.345049,,,
183477,손해배상(기),2015가단5324874,2016-07-21,2016,7,3,서울중앙지방법원,지방/기타,민사,판결 : 확정,손해배상,law.go.kr,/DRF/lawService.do?OC=virtual.esq&target=prec&ID=183477&type=HTML&mobileYn=,2026-09-19 21:38:17.345049,,,
183092,손해배상,2015가합659,2016-07-20,2016,7,3,부산지방법원,지방/기타,민사,판결 : 항소,손해배상,law.go.kr,/DRF/lawService.do?OC=virtual.esq&target=prec&ID=183092&type=HTML&mobileYn=,2026-09-19 21:38:17.345049,,,
224371,손해배상(기),2015나2020436,2016-07-15,2016,7,3,서울고등법원,고등법원,민사,판결,손해배상,law.go.kr,/DRF/lawService.do?OC=virtual.esq&target=prec&ID=224371&type=HTML&mobileYn=,2026-09-19 21:38:17.345049,,,
183030,손해배상,2014다82385,2016-07-14,2016,7,3,대법원,대법원,민사,판결,손해배상,law.go.kr,/DRF/lawService.do?OC=virtual.esq&target=prec&ID=183030&type=HTML&mobileYn=,2026-09-19 21:38:17.345049,,,
183313,손해배상(기),2015가단245786,2016-07-12,2016,7,3,인천지방법원,지방/기타,민사,판결 : 항소,손해배상,law.go.kr,/DRF/lawService.do?OC=virtual.esq&target=prec&ID=183313&type=HTML&mobileYn=,2026-09-19 21:38:17.345049,,,
205452,손해배상(기),2015나2015960,2016-07-07,2016,7,3,서울고등법원,고등법원,민사,판결,손해배상,law.go.kr,/DRF/lawService.do?OC=virtual.esq&target=prec&ID=205452&type=HTML&mobileYn=,2026-09-19 21:38:17.345049,,,
224361,손해배상등·퇴직금,2015나2040638,2016-06-30,2016,6,2,서울고등법원,고등법원,민사,판결,손해배상,law.go.kr,/DRF/lawService.do?OC=virtual.esq&target=prec&ID=224361&type=HTML&mobileYn=,2026-09-19 21:38:17.345049,,,
182988,손해배상(자),2015다23024,2016-06-28,2016,6,2,대법원,대법원,민사,판결,손해배상,law.go.kr,/DRF/lawService.do?OC=virtual.esq&target=prec&ID=182988&type=HTML&mobileYn=,2026-09-19 21:38:17.345049,,,
183315,손해배상(기),2015가단3104,2016-06-28,2016,6,2,인천지방법원,지방/기타,민사,판결 : 항소,손해배상,law.go.kr,/DRF/lawService.do?OC=virtual.esq&target=prec&ID=183315&type=HTML&mobileYn=,2026-09-19 21:38:17.345049,,,
206180,손해배상(기),2015나23330,2016-06-24,2016,6,2,서울고등법원,고등법원,민사,판결,손해배상,law.go.kr,/DRF/lawService.do?OC=virtual.esq&target=prec&ID=206180&type=HTML&mobileYn=,2026-09-19 21:38:17.345049,,,
182984,손해배상(의),2015다55397,2016-06-23,2016,6,2,대법원,대법원,민사,판결,손해배상,law.go.kr,/DRF/lawService.do?OC=virtual.esq&target=prec&ID=182984&type=HTML&mobileYn=,2026-09-19 21:38:17.345049,,,
618345,손해배상(기),2015다205864,2016-06-23,2016,6,2,대법원,대법원,민사,판결,손해배상,law.go.kr,/DRF/lawService.do?OC=virtual.esq&target=prec&ID=618345&type=HTML&mobileYn=,2026-09-19 21:38:17.345049,,,
182979,손해배상(기)등,2013다66287,2016-06-23,2016,6,2,대법원,대법원,민사,판결,손해배상,law.go.kr,/DRF/lawService.do?OC=virtual.esq&target=prec&ID=182979&type=HTML&mobileYn=,2026-09-19 21:38:17.345049,,,
184394,손해배상(기),2015다205864,2016-06-23,2016,6,2,대법원,대법원,민사,판결,손해배상,law.go.kr,/DRF/lawService.do?OC=virtual.esq&target=prec&ID=184394&type=HTML&mobileYn=,2026-09-19 21:38:17.345049,,,
217121,손해배상(기)등ㆍ손해배상(기),2013나28270,2016-06-17,2016,6,2,서울고등법원,고등법원,민사,판결,손해배상,law.go.kr,/DRF/lawService.do?OC=virtual.esq&target=prec&ID=217121&type=HTML&mobileYn=,2026-09-19 21:38:17.345049,,,
197865,손해배상(기),2016가단2348,2016-06-17,2016,6,2,서울서부지방법원,지방/기타,민사,판결,손해배상,law.go.kr,/DRF/lawService.do?OC=virtual.esq&target=prec&ID=197865&type=HTML&mobileYn=,2026-09-19 21:38:17.345049,,,
182938,손해배상(기),2015가단203218,2016-06-15,2016,6,2,인천지방법원,지방/기타,민사,판결 : 항소,손해배상,law.go.kr,/DRF/lawService.do?OC=virtual.esq&target=prec&ID=182938&type=HTML&mobileYn=,2026-09-19 21:38:17.345049,,,
183478,손해배상(기),2015가합543172,2016-06-10,2016,6,2,서울중앙지방법원,지방/기타,민사,판결 : 항소,손해배상,law.go.kr,/DRF/lawService.do?OC=virtual.esq&target=prec&ID=183478&type=HTML&mobileYn=,2026-09-19 21:38:17.345049,,,
182892,채무부존재확인·손해배상(기),2014다200763,2016-06-10,2016,6,2,대법원,대법원,민사,판결,손해배상,law.go.kr,/DRF/lawService.do?OC=virtual.esq&target=prec&ID=182892&type=HTML&mobileYn=,2026-09-19 21:38:17.345049,,,
301614,손해배상 청구 소송의 적법 여부에 대한 판단,포항지원-2015-가합-41287,2016-06-09,2016,6,2,,지방/기타,민사,,손해배상,law.go.kr,/DRF/lawService.do?OC=virtual.esq&target=prec&ID=301614&type=HTML&mobileYn=,2026-09-19 21:38:17.345049,,,
324878,"(심리불속행) 임기만료 이전에 사임하고 각종 의무를 이행함에 따라 지급받은 정산금, 손해배상준비금은 기타소득 중 사례금에 해당함",대법원-2016-두-339,2016-06-09,2016,6,2,,지방/기타,일반행정,,손해배상,law.go.kr,/DRF/lawService.do?OC=virtual.esq&target=prec&ID=324878&type=HTML&mobileYn=,2026-09-19 21:38:17.345049,,,
224351,채무부존재확인·손해배상(기),2014나10790,2016-06-09,2016,6,2,수원지방법원,지방/기타,민사,판결,손해배상,law.go.kr,/DRF/lawService.do?OC=virtual.esq&target=prec&ID=224351&type=HTML&mobileYn=,2026-09-19 21:38:17.345049,,,
182936,손해배상(기)·손해배상(기),2011가합97466,2016-06-03,2016,6,2,서울중앙지방법원,지방/기타,민사,판결 : 항소,손해배상,law.go.kr,/DRF/lawService.do?OC=virtual.esq&target=prec&ID=182936&type=HTML&mobileYn=,2026-09-19 21:38:17.345049,,,
299184,원고에 대한 폐업조치는 위법성이 없어 손해배상 책임이 없음,목포지원-2014-가합-1695,2016-06-02,2016,6,2,,지방/기타,민사,,손해배상,law.go.kr,/DRF/lawService.do?OC=virtual.esq&target=prec&ID=299184&type=HTML&mobileYn=,2026-09-19 21:38:17.345049,,,
182492,손해배상(기),2014다67614,2016-05-27,2016,5,2,대법원,대법원,민사,판결,손해배상,law.go.kr,/DRF/lawService.do?OC=virtual.esq&target=prec&ID=182492&type=HTML&mobileYn=,2026-09-19 21:38:17.345049,,,
193044,손해배상(기),2014가합111502,2016-05-26,2016,5,2,서울동부지방법원,지방/기타,민사,판결,손해배상,law.go.kr,/DRF/lawService.do?OC=virtual.esq&target=prec&ID=193044&type=HTML&mobileYn=,2026-09-19 21:38:17.345049,,,
618323,손해배상(기)등,2013다34013,2016-05-24,2016,5,2,대법원,대법원,민사,판결,손해배상,law.go.kr,/DRF/lawService.do?OC=virtual.esq&target=prec&ID=618323&type=HTML&mobileYn=,2026-09-19 21:38:17.345049,,,
217541,손해배상(자,2015가단5078065,2016-05-24,2016,5,2,서울중앙지방법원,지방/기타,민사,판결,손해배상,law.go.kr,/DRF/lawService.do?OC=virtual.esq&target=prec&ID=217541&type=HTML&mobileYn=,2026-09-19 21:38:17.345049,,,
184396,손해배상(기)등,2013다34013,2016-05-24,2016,5,2,대법원,대법원,민사,판결,손해배상,law.go.kr,/DRF/lawService.do?OC=virtual.esq&target=prec&ID=184396&type=HTML&mobileYn=,2026-09-19 21:38:17.345049,,,
183479,손해배상(기),2015가합566908,2016-05-20,2016,5,2,서울중앙지방법원,지방/기타,민사,판결 : 확정,손해배상,law.go.kr,/DRF/lawService.do?OC=virtual.esq&target=prec&ID=183479&type=HTML&mobileYn=,2026-09-19 21:38:17.345049,,,
182318,손해배상(기),2009다66549,2016-05-19,2016,5,2,대법원,대법원,민사,전원합의체 판결,손해배상,law.go.kr,/DRF/lawService.do?OC=virtual.esq&target=prec&ID=182318&type=HTML&mobileYn=,2026-09-19 21:38:17.345049,,,
235732,"비거주자인 원고가 스스로 양도소득세를 과다 신고를 하였다고 하더라도, 국가의 손해배상책임이 발생하지 않음.",서울중앙지방법원-2015-가단-206308,2016-05-19,2016,5,2,,지방/기타,민사,,손해배상,law.go.kr,/DRF/lawService.do?OC=virtual.esq&target=prec&ID=235732&type=HTML&mobileYn=,2026-09-19 21:38:17.345049,,,
233327,손해배상(기)·손해배상(기)·손해배상(기),2014나1487,2016-05-13,2016,5,2,서울고등법원,고등법원,민사,판결,손해배상,law.go.kr,/DRF/lawService.do?OC=virtual.esq&target=prec&ID=233327&type=HTML&mobileYn=,2026-09-19 21:38:17.345049,,,
273036,"(심리불속행) 임기 만료 이전에 각종 의무를 이행함에 따라 지급받은 정산금, 손해배상준비금은 기타소득 중 사례금에 해당함",대법원-2016-두-223,2016-05-12,2016,5,2,,지방/기타,일반행정,,손해배상,law.go.kr,/DRF/lawService.do?OC=virtual.esq&target=prec&ID=273036&type=HTML&mobileYn=,2026-09-19 21:38:17.345049,,,
182313,손해배상(기),2015다234985,2016-05-12,2016,5,2,대법원,대법원,민사,판결,손해배상,law.go.kr,/DRF/lawService.do?OC=virtual.esq&target=prec&ID=182313&type=HTML&mobileYn=,2026-09-19 21:38:17.345049,,,
202025,손해배상,2015나2015274,2016-05-12,2016,5,2,서울고등법원,고등법원,민사,판결,손해배상,law.go.kr,/DRF/lawService.do?OC=virtual.esq&target=prec&ID=202025&type=HTML&mobileYn=,2026-09-19 21:38:17.345049,,,
182314,손해배상(기),2015다237250,2016-05-12,2016,5,2,대법원,대법원,민사,판결,손해배상,law.go.kr,/DRF/lawService.do?OC=virtual.esq&target=prec&ID=182314&type=HTML&mobileYn=,2026-09-19 21:38:17.345049,,,
214707,손해배상(기),2013나2029705,2016-05-03,2016,5,2,서울고등법원,고등법원,민사,판결,손해배상,law.go.kr,/DRF/lawService.do?OC=virtual.esq&target=prec&ID=214707&type=HTML&mobileYn=,2026-09-19 21:38:17.345049,,,
209279,손해배상(기),2015나2031238,2016-04-29,2016,4,2,서울고등법원,고등법원,민사,판결,손해배상,law.go.kr,/DRF/lawService.do?OC=virtual.esq&target=prec&ID=209279&type=HTML&mobileYn=,2026-09-19 21:38:17.345049,,,
194861,손해배상(기),2014다210449,2016-04-29,2016,4,2,대법원,대법원,민사,판결,손해배상,law.go.kr,/DRF/lawService.do?OC=virtual.esq&target=prec&ID=194861&type=HTML&mobileYn=,2026-09-19 21:38:17.345049,,,
194863,대여금·불법행위에기한손해배상,2015다77595,2016-04-29,2016,4,2,대법원,대법원,민사,판결,손해배상,law.go.kr,/DRF/lawService.do?OC=virtual.esq&target=prec&ID=194863&type=HTML&mobileYn=,2026-09-19 21:38:17.345049,,,
194872,손해배상(기),2014다205584,2016-04-28,2016,4,2,대법원,대법원,민사,판결,손해배상,law.go.kr,/DRF/lawService.do?OC=virtual.esq&target=prec&ID=194872&type=HTML&mobileYn=,2026-09-19 21:38:17.345049,,,
194870,손해배상(자)·손해배상(자),2014다236830,2016-04-28,2016,4,2,대법원,대법원,민사,판결,손해배상,law.go.kr,/DRF/lawService.do?OC=virtual.esq&target=prec&ID=194870&type=HTML&mobileYn=,2026-09-19 21:38:17.345049,,,
216783,손해배상(기),2015나105375,2016-04-28,2016,4,2,대전지방법원,지방/기타,민사,판결,손해배상,law.go.kr,/DRF/lawService.do?OC=virtual.esq&target=prec&ID=216783&type=HTML&mobileYn=,2026-09-19 21:38:17.345049,,,
224335,손해배상(기),2015나2032248,2016-04-22,2016,4,2,서울고등법원,고등법원,민사,판결,손해배상,law.go.kr,/DRF/lawService.do?OC=virtual.esq&target=prec&ID=224335&type=HTML&mobileYn=,2026-09-19 21:38:17.346053,,,
297676,피고가 원고에게 손해배상을 하여야 할 사유를 찾을 수 없음,서울북부지방법원-2015-가단-8022,2016-04-21,2016,4,2,,지방/기타,민사,,손해배상,law.go.kr,/DRF/lawService.do?OC=virtual.esq&target=prec&ID=297676&type=HTML&mobileYn=,2026-09-19 21:38:17.346053,,,
240358,"채택 가능한 견해에 따라 부과처분하고, 압류한 것으로 손해배상 책임 없음",서울고등법원-2015-나-2062508,2016-04-21,2016,4,2,,지방/기타,민사,,손해배상,law.go.kr,/DRF/lawService.do?OC=virtual.esq&target=prec&ID=240358&type=HTML&mobileYn=,2026-09-19 21:38:17.346053,,,
193201,손해배상(기),2015다59115,2016-04-15,2016,4,2,대법원,대법원,민사,판결,손해배상,law.go.kr,/DRF/lawService.do?OC=virtual.esq&target=prec&ID=193201&type=HTML&mobileYn=,2026-09-19 21:38:17.346053,,,
187771,손해배상(기)[경찰관의 권한 불행사가 위법한 경우에 관한 사건],2013다20427,2016-04-15,2016,4,2,대법원,대법원,민사,판결,손해배상,law.go.kr,/DRF/lawService.do?OC=virtual.esq&target=prec&ID=187771&type=HTML&mobileYn=,2026-09-19 21:38:17.346053,,,
181677,손해배상(기),2013다31137,2016-04-12,2016,4,2,대법원,대법원,민사,판결,손해배상,law.go.kr,/DRF/lawService.do?OC=virtual.esq&target=prec&ID=181677&type=HTML&mobileYn=,2026-09-19 21:38:17.346053,,,
205456,손해배상등,2014나27205,2016-04-07,2016,4,2,서울고등법원,고등법원,민사,판결,손해배상,law.go.kr,/DRF/lawService.do?OC=virtual.esq&target=prec&ID=205456&type=HTML&mobileYn=,2026-09-19 21:38:17.346053,,,
182294,손해배상(기),2015가단232254,2016-04-06,2016,4,2,인천지방법원,지방/기타,민사,판결 : 항소,손해배상,law.go.kr,/DRF/lawService.do?OC=virtual.esq&target=prec&ID=182294&type=HTML&mobileYn=,2026-09-19 21:38:17.346053,,,
308942,체납처분시 발생한 과실에 대해서는 국가가 손해배상 책임이 있음,대구지방법원-2015-가단-118448,2016-04-05,2016,4,2,,지방/기타,민사,,손해배상,law.go.kr,/DRF/lawService.do?OC=virtual.esq&target=prec&ID=308942&type=HTML&mobileYn=,2026-09-19 21:38:17.346053,,,
310312,손해배상,서울중앙지방법원-2015-가합-559856,2016-03-29,2016,3,1,,지방/기타,민사,,손해배상,law.go.kr,/DRF/lawService.do?OC=virtual.esq&target=prec&ID=310312&type=HTML&mobileYn=,2026-09-19 21:38:17.346053,,,
183306,손해배상(기),2015다249383,2016-03-24,2016,3,1,대법원,대법원,민사,판결,손해배상,law.go.kr,/DRF/lawService.do?OC=virtual.esq&target=prec&ID=183306&type=HTML&mobileYn=,2026-09-19 21:38:17.346053,,,
183311,손해배상(기),2015다211425,2016-03-24,2016,3,1,대법원,대법원,민사,판결,손해배상,law.go.kr,/DRF/lawService.do?OC=virtual.esq&target=prec&ID=183311&type=HTML&mobileYn=,2026-09-19 21:38:17.346053,,,
193303,손해배상(자),2015나11341,2016-03-17,2016,3,1,서울중앙지방법원,지방/기타,민사,판결,손해배상,law.go.kr,/DRF/lawService.do?OC=virtual.esq&target=prec&ID=193303&type=HTML&mobileYn=,2026-09-19 21:38:17.346053,,,
182430,손해배상(기),2013다7264,2016-03-10,2016,3,1,대법원,대법원,민사,판결,손해배상,law.go.kr,/DRF/lawService.do?OC=virtual.esq&target=prec&ID=182430&type=HTML&mobileYn=,2026-09-19 21:38:17.346053,,,
182863,손해배상(기),2012다105482,2016-03-10,2016,3,1,대법원,대법원,민사,판결,손해배상,law.go.kr,/DRF/lawService.do?OC=virtual.esq&target=prec&ID=182863&type=HTML&mobileYn=,2026-09-19 21:38:17.346053,,,
182713,손해배상(기),2015라21065,2016-03-02,2016,3,1,서울고등법원,고등법원,민사,결정,손해배상,law.go.kr,/DRF/lawService.do?OC=virtual.esq&target=prec&ID=182713&type=HTML&mobileYn=,2026-09-19 21:38:17.346053,,,
209669,손해배상,2015나34103,2016-02-18,2016,2,1,서울서부지방법원,지방/기타,민사,판결,손해배상,law.go.kr,/DRF/lawService.do?OC=virtual.esq&target=prec&ID=209669&type=HTML&mobileYn=,2026-09-19 21:38:17.346053,,,
197873,손해배상(기),2013가합535979,2016-02-16,2016,2,1,서울중앙지방법원,지방/기타,민사,판결,손해배상,law.go.kr,/DRF/lawService.do?OC=virtual.esq&target=prec&ID=197873&type=HTML&mobileYn=,2026-09-19 21:38:17.346053,,,
202027,손해배상(기),2015나20071,2016-02-16,2016,2,1,대구고등법원,고등법원,민사,판결,손해배상,law.go.kr,/DRF/lawService.do?OC=virtual.esq&target=prec&ID=202027&type=HTML&mobileYn=,2026-09-19 21:38:17.346053,,,
205401,손해배상(기),2013나50901,2016-02-05,2016,2,1,서울고등법원,고등법원,민사,판결,손해배상,law.go.kr,/DRF/lawService.do?OC=virtual.esq&target=prec&ID=205401&type=HTML&mobileYn=,2026-09-19 21:38:17.346053,,,
183697,손해배상,2015나2036769,2016-02-05,2016,2,1,서울고등법원,고등법원,민사,판결,손해배상,law.go.kr,/DRF/lawService.do?OC=virtual.esq&target=prec&ID=183697&type=HTML&mobileYn=,2026-09-19 21:38:17.346053,,,
217221,손해배상(기),2015나53581,2016-02-03,2016,2,1,서울중앙지방법원,지방/기타,민사,판결,손해배상,law.go.kr,/DRF/lawService.do?OC=virtual.esq&target=prec&ID=217221&type=HTML&mobileYn=,2026-09-19 21:38:17.346053,,,
276598,(심리불속행) 공무원의 고의중과실이 없어 손해배상 대상이 아님(국승),대법원-2015-다-240140,2016-02-03,2016,2,1,,지방/기타,민사,,손해배상,law.go.kr,/DRF/lawService.do?OC=virtual.esq&target=prec&ID=276598&type=HTML&mobileYn=,2026-09-19 21:38:17.346053,,,
276652,(심리불속행) 손해배상 예정액은 원고에게 실제 발생한 손해액 정도로 감액함이 타당함.,대법원-2015-다-246605,2016-02-03,2016,2,1,,지방/기타,민사,,손해배상,law.go.kr,/DRF/lawService.do?OC=virtual.esq&target=prec&ID=276652&type=HTML&mobileYn=,2026-09-19 21:38:17.346053,,,
181685,손해배상(기),2014가단34228,2016-02-03,2016,2,1,춘천지방법원,지방/기타,민사,판결 : 확정,손해배상,law.go.kr,/DRF/lawService.do?OC=virtual.esq&target=prec&ID=181685&type=HTML&mobileYn=,2026-09-19 21:38:17.347052,,,
217645,손해배상(자),2013나60387,2016-01-29,2016,1,1,서울중앙지방법원,지방/기타,민사,판결,손해배상,law.go.kr,/DRF/lawService.do?OC=virtual.esq&target=prec&ID=217645&type=HTML&mobileYn=,2026-09-19 21:38:17.347052,,,
182623,손해배상(의),2015나31713,2016-01-28,2016,1,1,서울고등법원,고등법원,민사,판결,손해배상,law.go.kr,/DRF/lawService.do?OC=virtual.esq&target=prec&ID=182623&type=HTML&mobileYn=,2026-09-19 21:38:17.347052,,,
182411,부정경쟁행위금지및손해배상,2014다24440,2016-01-28,2016,1,1,대법원,대법원,민사,판결,손해배상,law.go.kr,/DRF/lawService.do?OC=virtual.esq&target=prec&ID=182411&type=HTML&mobileYn=,2026-09-19 21:38:17.347052,,,
182412,손해배상(기),2013다207958,2016-01-28,2016,1,1,대법원,대법원,민사,판결,손해배상,law.go.kr,/DRF/lawService.do?OC=virtual.esq&target=prec&ID=182412&type=HTML&mobileYn=,2026-09-19 21:38:17.347052,,,
197785,손해배상(기)등,2015나9629,2016-01-21,2016,1,1,부산지방법원,지방/기타,민사,판결,손해배상,law.go.kr,/DRF/lawService.do?OC=virtual.esq&target=prec&ID=197785&type=HTML&mobileYn=,2026-09-19 21:38:17.347052,,,
334056,"임기 만료 이전에 사임하고 각종 의무를 이행함에 따라 지급받은 정산금, 손해배상준비금은 기타소득 중 사례금에 해당함",서울고등법원-2014-누-6021,2016-01-20,2016,1,1,,지방/기타,일반행정,,손해배상,law.go.kr,/DRF/lawService.do?OC=virtual.esq&target=prec&ID=334056&type=HTML&mobileYn=,2026-09-19 21:38:17.347052,,,
179892,손해배상(기),2014다202110,2016-01-14,2016,1,1,대법원,대법원,민사,판결,손해배상,law.go.kr,/DRF/lawService.do?OC=virtual.esq&target=prec&ID=179892&type=HTML&mobileYn=,2026-09-19 21:38:17.347052,,,
182425,용역비·손해배상(기),2013다53212,2016-01-14,2016,1,1,대법원,대법원,민사,판결,손해배상,law.go.kr,/DRF/lawService.do?OC=virtual.esq&target=prec&ID=182425&type=HTML&mobileYn=,2026-09-19 21:38:17.347052,,,
224307,손해배상(기),2015가합507831,2016-01-14,2016,1,1,서울중앙지방법원,지방/기타,민사,판결,손해배상,law.go.kr,/DRF/lawService.do?OC=virtual.esq&target=prec&ID=224307&type=HTML&mobileYn=,2026-09-19 21:38:17.347052,,,
206241,손해배상(기),2015가합2027,2016-01-13,2016,1,1,대전지방법원논산지원,지방/기타,민사,판결,손해배상,law.go.kr,/DRF/lawService.do?OC=virtual.esq&target=prec&ID=206241&type=HTML&mobileYn=,2026-09-19 21:38:17.347052,,,
334244,"임기 만료 이전에 사임하고 각종 의무를 이행함에 따라 지급받은 정산금, 손해배상준비금은 기타소득 중 사례금에 해당함",서울고등법원-2014-누-6090,2016-01-12,2016,1,1,,지방/기타,일반행정,,손해배상,law.go.kr,/DRF/lawService.do?OC=virtual.esq&target=prec&ID=334244&type=HTML&mobileYn=,2026-09-19 21:38:17.347052,,,
301374,피고의 추심 행위로 인해 원고의 손해가 발생하였는지 여부 및 피고가 손해배상 책임이 있는지 여부,수원지방법원-2016-나-60843,2016-01-12,2016,1,1,,지방/기타,민사,,손해배상,law.go.kr,/DRF/lawService.do?OC=virtual.esq&target=prec&ID=301374&type=HTML&mobileYn=,2026-09-19 21:38:17.347356,,,
607241,손해배상(기)[정치인의 명예훼손 발언에 대한 위법성조각사유 인정 여부가 문제된 사건],2022다242649,2025-06-26,2025,6,2,대법원,대법원,민사,판결,손해배상,law.go.kr,/DRF/lawService.do?OC=virtual.esq&target=prec&ID=607241&type=HTML&mobileYn=,2026-09-19 21:38:17.347356,,,
613233,손해배상(기),2022다207141,2025-06-26,2025,6,2,대법원,대법원,민사,판결,손해배상,law.go.kr,/DRF/lawService.do?OC=virtual.esq&target=prec&ID=613233&type=HTML&mobileYn=,2026-09-19 21:38:17.347356,,,
607205,손해배상(산)[업무상 재해를 당하여 산재보험금을 지급받은 재해근로자가 사업주를 상대로 잔여 손해액의 배상을 청구하는 사건],2023다297141,2025-06-26,2025,6,2,대법원,대법원,민사,판결,손해배상,law.go.kr,/DRF/lawService.do?OC=virtual.esq&target=prec&ID=607205&type=HTML&mobileYn=,2026-09-19 21:38:17.347356,,,
607817,손해배상(기),2024가합93129,2025-06-13,2025,6,2,서울중앙지방법원,지방/기타,민사,판결 : 항소,손해배상,law.go.kr,/DRF/lawService.do?OC=virtual.esq&target=prec&ID=607817&type=HTML&mobileYn=,2026-09-19 21:38:17.347356,,,
614603,손해배상(기),2024가합93129,2025-06-13,2025,6,2,서울중앙지방법원,지방/기타,민사,판결 : 항소,손해배상,law.go.kr,/DRF/lawService.do?OC=virtual.esq&target=prec&ID=614603&type=HTML&mobileYn=,2026-09-19 21:38:17.347356,,,
606813,손해배상(국),2022다279788,2025-06-12,2025,6,2,대법원,대법원,민사,판결,손해배상,law.go.kr,/DRF/lawService.do?OC=virtual.esq&target=prec&ID=606813&type=HTML&mobileYn=,2026-09-19 21:38:17.347356,,,
613157,건물명도청구의소·손해배상(기),2025다210307,2025-06-12,2025,6,2,대법원,대법원,민사,판결,손해배상,law.go.kr,/DRF/lawService.do?OC=virtual.esq&target=prec&ID=613157&type=HTML&mobileYn=,2026-09-19 21:38:17.348406,,,
605955,"원고의 손해 및 그 손해의 상당인과관계를 인정할 수 없으므로, 피고에게 국가배상책임이 없음",서울중앙지방법원-2025-가단-78222,2025-05-30,2025,5,2,,지방/기타,일반행정,,손해배상,law.go.kr,/DRF/lawService.do?OC=virtual.esq&target=prec&ID=605955&type=HTML&mobileYn=,2026-09-19 21:38:17.348406,,,
613109,손해배상(기)·토지인도손해배상청구의소,2024다315183,2025-05-15,2025,5,2,대법원,대법원,민사,판결,손해배상,law.go.kr,/DRF/lawService.do?OC=virtual.esq&target=prec&ID=613109&type=HTML&mobileYn=,2026-09-19 21:38:17.348406,,,
613107,손해배상(건),2025다202543,2025-05-15,2025,5,2,대법원,대법원,민사,판결,손해배상,law.go.kr,/DRF/lawService.do?OC=virtual.esq&target=prec&ID=613107&type=HTML&mobileYn=,2026-09-19 21:38:17.348406,,,
606191,손해배상(기)[한국소비자원의 행정상 공표의 위법성이 문제된 사건],2020다296604,2025-05-15,2025,5,2,대법원,대법원,민사,판결,손해배상,law.go.kr,/DRF/lawService.do?OC=virtual.esq&target=prec&ID=606191&type=HTML&mobileYn=,2026-09-19 21:38:17.348406,,,
606217,구상금[「자동차손해배상 보장법」 시행령 제3조 제1항 제2호 단서의 적용 여부가 문제된 사건],2022다246146,2025-05-15,2025,5,2,대법원,대법원,민사,판결,손해배상,law.go.kr,/DRF/lawService.do?OC=virtual.esq&target=prec&ID=606217&type=HTML&mobileYn=,2026-09-19 21:38:17.348406,,,
606173,건물인도·손해배상(기)[부속물 매매대금 채권을 수동채권으로 한 임대인의 상계 의사표시 이전 임차인의 목적물 점유가 불법점유인지 문제된 사건],2024다317332,2025-05-15,2025,5,2,대법원,대법원,민사,판결,손해배상,law.go.kr,/DRF/lawService.do?OC=virtual.esq&target=prec&ID=606173&type=HTML&mobileYn=,2026-09-19 21:38:17.348406,,,
613111,손해배상(자),2025다209557,2025-05-15,2025,5,2,대법원,대법원,민사,판결,손해배상,law.go.kr,/DRF/lawService.do?OC=virtual.esq&target=prec&ID=613111&type=HTML&mobileYn=,2026-09-19 21:38:17.348406,,,
606179,구상금[국민건강보험공단이 「자동차손해배상 보장법」 시행령 제3조 제1항 제2호 단서 규정에 의한 피해자의 책임보험금 청구권을 대위하는 경우 대위 범위가 문제된 사건],2022다235009,2025-05-15,2025,5,2,대법원,대법원,민사,판결,손해배상,law.go.kr,/DRF/lawService.do?OC=virtual.esq&target=prec&ID=606179&type=HTML&mobileYn=,2026-09-19 21:38:17.348406,,,
606335,이 사건 손해배상금이 양도가액에서 공제되는 필요경비에 해당한다고 볼 수 없음,대법원2025두31410,2025-05-01,2025,5,2,,지방/기타,일반행정,,손해배상,law.go.kr,/DRF/lawService.do?OC=virtual.esq&target=prec&ID=606335&type=HTML&mobileYn=,2026-09-19 21:38:17.348406,,,
615747,손해배상(기),2024나60213,2025-05-01,2025,5,2,수원지방법원,지방/기타,민사,판결,손해배상,law.go.kr,/DRF/lawService.do?OC=virtual.esq&target=prec&ID=615747&type=HTML&mobileYn=,2026-09-19 21:38:17.348406,,,
613039,손해배상(기),2024나2061118,2025-04-24,2025,4,2,서울고등법원,고등법원,민사,판결,손해배상,law.go.kr,/DRF/lawService.do?OC=virtual.esq&target=prec&ID=613039&type=HTML&mobileYn=,2026-09-19 21:38:17.348406,,,
612923,손해배상(기),2024나37986,2025-04-17,2025,4,2,서울북부지방법원,지방/기타,민사,판결,손해배상,law.go.kr,/DRF/lawService.do?OC=virtual.esq&target=prec&ID=612923&type=HTML&mobileYn=,2026-09-19 21:38:17.348406,,,
609345,손해배상(기)·손해배상(기),2024나2011656,2025-04-09,2025,4,2,서울고등법원,고등법원,민사,판결,손해배상,law.go.kr,/DRF/lawService.do?OC=virtual.esq&target=prec&ID=609345&type=HTML&mobileYn=,2026-09-19 21:38:17.348406,,,
605755,구상금[국민건강보험공단이 의료사고 피해자의 유족에게 본인부담상한액 초과금 사후환급금을 지급한 후 의료사고 관련 불법행위자를 상대로 손해배상을 청구한 사건],2024다262197,2025-04-03,2025,4,2,대법원,대법원,민사,판결,손해배상,law.go.kr,/DRF/lawService.do?OC=virtual.esq&target=prec&ID=605755&type=HTML&mobileYn=,2026-09-19 21:38:17.348406,,,
605281,근로자지위확인등·근로자지위확인등[「파견근로자 보호 등에 관한 법률」(이하 ‘파견법’)상 직접고용의무 이행과 임금 등 차액 상당의 손해배상금 지급을 구하는 사건],2021다245528,2025-03-27,2025,3,1,대법원,대법원,민사,판결,손해배상,law.go.kr,/DRF/lawService.do?OC=virtual.esq&target=prec&ID=605281&type=HTML&mobileYn=,2026-09-19 21:38:17.348406,,,
605335,손해배상및상표권침해금지[상표권에 관한 통상사용권의 대항력이 문제된 사건],2024다306691,2025-03-27,2025,3,1,대법원,대법원,민사,판결,손해배상,law.go.kr,/DRF/lawService.do?OC=virtual.esq&target=prec&ID=605335&type=HTML&mobileYn=,2026-09-19 21:38:17.348406,,,
605333,손해배상(기)[제사주재자가 아닌 후손이 망인의 분묘 발굴 등의 행위를 한 사람을 상대로 위자료를 청구한 사건],2023다283401,2025-03-27,2025,3,1,대법원,대법원,민사,판결,손해배상,law.go.kr,/DRF/lawService.do?OC=virtual.esq&target=prec&ID=605333&type=HTML&mobileYn=,2026-09-19 21:38:17.348406,,,
609555,손해배상(기)·손해배상(기)·손해배상(기),2021다298799,2025-03-13,2025,3,1,대법원,대법원,민사,판결,손해배상,law.go.kr,/DRF/lawService.do?OC=virtual.esq&target=prec&ID=609555&type=HTML&mobileYn=,2026-09-19 21:38:17.348406,,,
605033,손해배상(기)등·손해배상(기)[해외 파생상품시장거래에서 투자중개업자의 장중 반대매매를 정한 약관 조항의 효력과 적용 범위 및 투자중개업자의 선관주의의무 위반 여부 등이 문제된 사건],2024다215375,2025-03-13,2025,3,1,대법원,대법원,민사,판결,손해배상,law.go.kr,/DRF/lawService.do?OC=virtual.esq&target=prec&ID=605033&type=HTML&mobileYn=,2026-09-19 21:38:17.348406,,,
609491,손해배상(기)·손해배상(기),2022다283183,2025-02-27,2025,2,1,대법원,대법원,민사,판결,손해배상,law.go.kr,/DRF/lawService.do?OC=virtual.esq&target=prec&ID=609491&type=HTML&mobileYn=,2026-09-19 21:38:17.348406,,,
604291,손해배상(기)[대법원의 공개변론 과정을 실시간 중계하고 녹화 결과물을 홈페이지에 게시한 행위에 대하여 국가배상책임 인정 여부가 문제된 사건],2023다233895,2025-02-27,2025,2,1,대법원,대법원,민사,판결,손해배상,law.go.kr,/DRF/lawService.do?OC=virtual.esq&target=prec&ID=604291&type=HTML&mobileYn=,2026-09-19 21:38:17.348406,,,
616627,손해배상청구의소·손해배상청구의소,2024나2016453,2025-02-21,2025,2,1,서울고등법원,고등법원,민사,판결,손해배상,law.go.kr,/DRF/lawService.do?OC=virtual.esq&target=prec&ID=616627&type=HTML&mobileYn=,2026-09-19 21:38:17.348406,,,
615845,손해배상(기),2024나212209,2025-02-20,2025,2,1,의정부지방법원,지방/기타,민사,판결,손해배상,law.go.kr,/DRF/lawService.do?OC=virtual.esq&target=prec&ID=615845&type=HTML&mobileYn=,2026-09-19 21:38:17.348406,,,
622269,손해배상(국),2024가단5213778,2025-02-19,2025,2,1,서울중앙지방법원,지방/기타,민사,판결,손해배상,law.go.kr,/DRF/lawService.do?OC=virtual.esq&target=prec&ID=622269&type=HTML&mobileYn=,2026-09-19 21:38:17.348406,,,
606139,"피상속인이 이체한 금원은 증여한 것이라 보기 어렵고, 차용금과 손해배상금 채무는 상속채무에 해당하지 아니함",서울행정법원-2024-구합-61223,2025-02-18,2025,2,1,,지방/기타,일반행정,,손해배상,law.go.kr,/DRF/lawService.do?OC=virtual.esq&target=prec&ID=606139&type=HTML&mobileYn=,2026-09-19 21:38:17.348406,,,
603541,근로자지위확인등[근로자이거나 파견법상 고용의무가 발생하였음을 전제로 임금 또는 임금 상당 손해배상을 청구하는 사건],2021다245542,2025-02-13,2025,2,1,대법원,대법원,민사,판결,손해배상,law.go.kr,/DRF/lawService.do?OC=virtual.esq&target=prec&ID=603541&type=HTML&mobileYn=,2026-09-19 21:38:17.348406,,,
609487,손해배상(기),2023다263889,2025-02-13,2025,2,1,대법원,대법원,민사,판결,손해배상,law.go.kr,/DRF/lawService.do?OC=virtual.esq&target=prec&ID=609487&type=HTML&mobileYn=,2026-09-19 21:38:17.348406,,,
617639,부당해고 당한 등기임원이 회사로부터 받은 손해배상금은 기타소득에 해당하지 않음,대법원-2024-두-59121,2025-01-23,2025,1,1,,지방/기타,일반행정,,손해배상,law.go.kr,/DRF/lawService.do?OC=virtual.esq&target=prec&ID=617639&type=HTML&mobileYn=,2026-09-19 21:38:17.348406,,,
616553,근저당권말소·손해배상청구의소,2024나2038088,2025-01-23,2025,1,1,서울고등법원,고등법원,민사,판결,손해배상,law.go.kr,/DRF/lawService.do?OC=virtual.esq&target=prec&ID=616553&type=HTML&mobileYn=,2026-09-19 21:38:17.348406,,,
609429,손해배상(기),2023다300443,2025-01-23,2025,1,1,대법원,대법원,민사,판결,손해배상,law.go.kr,/DRF/lawService.do?OC=virtual.esq&target=prec&ID=609429&type=HTML&mobileYn=,2026-09-19 21:38:17.348406,,,
609437,손해배상(기),2023다286103,2025-01-23,2025,1,1,대법원,대법원,민사,판결,손해배상,law.go.kr,/DRF/lawService.do?OC=virtual.esq&target=prec&ID=609437&type=HTML&mobileYn=,2026-09-19 21:38:17.348406,,,
619383,약정금·손해배상(기),2023나79335,2025-01-22,2025,1,1,서울중앙지방법원,지방/기타,민사,판결,손해배상,law.go.kr,/DRF/lawService.do?OC=virtual.esq&target=prec&ID=619383&type=HTML&mobileYn=,2026-09-19 21:38:17.348406,,,
608755,대표가 회사자금횡령하여 회사의 손해배상청구권을 압류 추심함,서울중앙지방법원-2023-가합-41367,2025-01-16,2025,1,1,,지방/기타,민사,,손해배상,law.go.kr,/DRF/lawService.do?OC=virtual.esq&target=prec&ID=608755&type=HTML&mobileYn=,2026-09-19 21:38:17.348406,,,
623985,손해배상(기),2023가단282419,2025-01-10,2025,1,1,서울남부지방법원,지방/기타,민사,판결,손해배상,law.go.kr,/DRF/lawService.do?OC=virtual.esq&target=prec&ID=623985&type=HTML&mobileYn=,2026-09-19 21:38:17.348406,,,
609433,손해배상(기),2024다291522,2025-01-09,2025,1,1,대법원,대법원,민사,판결,손해배상,law.go.kr,/DRF/lawService.do?OC=virtual.esq&target=prec&ID=609433&type=HTML&mobileYn=,2026-09-19 21:38:17.348406,,,
609441,손해배상(자),2024다284302,2025-01-09,2025,1,1,대법원,대법원,민사,판결,손해배상,law.go.kr,/DRF/lawService.do?OC=virtual.esq&target=prec&ID=609441&type=HTML&mobileYn=,2026-09-19 21:38:17.348406,,,
620321,공무원의 공무집행에 따른 손해배상책임의 엄격 증명,서울중앙지방법원-2023-가단-5171402,2025-01-08,2025,1,1,,지방/기타,민사,,손해배상,law.go.kr,/DRF/lawService.do?OC=virtual.esq&target=prec&ID=620321&type=HTML&mobileYn=,2026-09-19 21:38:17.348406,,,
599717,도로교통법위반(음주운전)·도로교통법위반(무면허운전)·도로교통법위반·도로교통법위반(사고후미조치)·자동차손해배상보장법위반,2024도9537,2024-12-26,2024,12,4,대법원,대법원,형사,판결,손해배상,law.go.kr,/DRF/lawService.do?OC=virtual.esq&target=prec&ID=599717&type=HTML&mobileYn=,2026-09-19 21:38:17.348406,,,
609435,손해배상(기),2022다216688,2024-12-24,2024,12,4,대법원,대법원,민사,판결,손해배상,law.go.kr,/DRF/lawService.do?OC=virtual.esq&target=prec&ID=609435&type=HTML&mobileYn=,2026-09-19 21:38:17.348406,,,
600501,손해배상(기)[다초점 인공수정체 삽입술 비용의 보험금 청구와 관련된 불법행위 손해배상청구 사건],2023다205487,2024-12-24,2024,12,4,대법원,대법원,민사,판결,손해배상,law.go.kr,/DRF/lawService.do?OC=virtual.esq&target=prec&ID=600501&type=HTML&mobileYn=,2026-09-19 21:38:17.348406,,,
609439,손해배상(의),2021다204992,2024-12-24,2024,12,4,대법원,대법원,민사,판결,손해배상,law.go.kr,/DRF/lawService.do?OC=virtual.esq&target=prec&ID=609439&type=HTML&mobileYn=,2026-09-19 21:38:17.348406,,,
609431,손해배상(기),2024다286308,2024-12-12,2024,12,4,대법원,대법원,민사,판결,손해배상,law.go.kr,/DRF/lawService.do?OC=virtual.esq&target=prec&ID=609431&type=HTML&mobileYn=,2026-09-19 21:38:17.348406,,,
600507,손해배상청구[집합투자기구의 투자자들이 수익증권을 판매한 금융투자업자를 상대로 투자자 보호의무 위반 등으로 인한 손해배상을 청구한 사건],2021다300173,2024-12-12,2024,12,4,대법원,대법원,민사,판결,손해배상,law.go.kr,/DRF/lawService.do?OC=virtual.esq&target=prec&ID=600507&type=HTML&mobileYn=,2026-09-19 21:38:17.348406,,,
614459,채무부존재확인·손해배상청구의소,2020나22908,2024-12-12,2024,12,4,수원고등법원,고등법원,민사,판결,손해배상,law.go.kr,/DRF/lawService.do?OC=virtual.esq&target=prec&ID=614459&type=HTML&mobileYn=,2026-09-19 21:38:17.348406,,,
609443,손해배상금,2024다285725,2024-12-12,2024,12,4,대법원,대법원,민사,판결,손해배상,law.go.kr,/DRF/lawService.do?OC=virtual.esq&target=prec&ID=609443&type=HTML&mobileYn=,2026-09-19 21:38:17.348406,,,
609537,경업금지및손해배상,2024나10738,2024-12-11,2024,12,4,대전고등법원,고등법원,민사,판결 : 상고,손해배상,law.go.kr,/DRF/lawService.do?OC=virtual.esq&target=prec&ID=609537&type=HTML&mobileYn=,2026-09-19 21:38:17.348406,,,
614479,경업금지및손해배상,2024나10738,2024-12-11,2024,12,4,대전고등법원,고등법원,민사,판결 : 상고,손해배상,law.go.kr,/DRF/lawService.do?OC=virtual.esq&target=prec&ID=614479&type=HTML&mobileYn=,2026-09-19 21:38:17.349414,,,
608353,손해배상(기),2024나2005378,2024-12-06,2024,12,4,서울고등법원,고등법원,민사,판결,손해배상,law.go.kr,/DRF/lawService.do?OC=virtual.esq&target=prec&ID=608353&type=HTML&mobileYn=,2026-09-19 21:38:17.349414,,,
600495,손해배상(기),2024나2020629,2024-11-21,2024,11,4,서울고등법원,고등법원,민사,판결 : 확정,손해배상,law.go.kr,/DRF/lawService.do?OC=virtual.esq&target=prec&ID=600495&type=HTML&mobileYn=,2026-09-19 21:38:17.349414,,,
614557,손해배상(기),2024나2020629,2024-11-21,2024,11,4,서울고등법원,고등법원,민사,판결 : 확정,손해배상,law.go.kr,/DRF/lawService.do?OC=virtual.esq&target=prec&ID=614557&type=HTML&mobileYn=,2026-09-19 21:38:17.349414,,,
242123,손해배상(자),2021다255853,2024-11-21,2024,11,4,대법원,대법원,민사,전원합의체 판결,손해배상,law.go.kr,/DRF/lawService.do?OC=virtual.esq&target=prec&ID=242123&type=HTML&mobileYn=,2026-09-19 21:38:17.349414,,,
241979,손해배상청구등·영업비밀침해금지등,2021다278931,2024-11-20,2024,11,4,대법원,대법원,민사,판결,손해배상,law.go.kr,/DRF/lawService.do?OC=virtual.esq&target=prec&ID=241979&type=HTML&mobileYn=,2026-09-19 21:38:17.349414,,,
241983,손해배상(기),2019다292750,2024-11-14,2024,11,4,대법원,대법원,민사,판결,손해배상,law.go.kr,/DRF/lawService.do?OC=virtual.esq&target=prec&ID=241983&type=HTML&mobileYn=,2026-09-19 21:38:17.349414,,,
242007,지급보증금등청구의소[사용자책임에 따른 손해배상을 구하는 사건에서 피해자가 피용자의 불법행위가 사무집행행위에 해당하지 않음을 알았거나 알지 못한 데 중대한 과실이 있는지 여부가 문제된 사건],2022다281378,2024-11-14,2024,11,4,대법원,대법원,민사,판결,손해배상,law.go.kr,/DRF/lawService.do?OC=virtual.esq&target=prec&ID=242007&type=HTML&mobileYn=,2026-09-19 21:38:17.349414,,,
600337,손해배상(기),2024가단983,2024-11-12,2024,11,4,서울북부지방법원,지방/기타,민사,판결 : 항소,손해배상,law.go.kr,/DRF/lawService.do?OC=virtual.esq&target=prec&ID=600337&type=HTML&mobileYn=,2026-09-19 21:38:17.349414,,,
605047,부당이득금반환및손해배상청구사건,2024다250729,2024-10-31,2024,10,4,대법원,대법원,민사,판결,손해배상,law.go.kr,/DRF/lawService.do?OC=virtual.esq&target=prec&ID=605047&type=HTML&mobileYn=,2026-09-19 21:38:17.349414,,,
605893,손해배상(기),2023나18356,2024-10-30,2024,10,4,대구고등법원,고등법원,민사,판결 : 상고,손해배상,law.go.kr,/DRF/lawService.do?OC=virtual.esq&target=prec&ID=605893&type=HTML&mobileYn=,2026-09-19 21:38:17.349414,,,
605213,손해배상,2023다258658,2024-10-25,2024,10,4,대법원,대법원,민사,판결,손해배상,law.go.kr,/DRF/lawService.do?OC=virtual.esq&target=prec&ID=605213&type=HTML&mobileYn=,2026-09-19 21:38:17.349414,,,
241887,"기술료등[전용실시(사용)권, 독점적 통상실시권 침해에 관한 손해배상액 산정의 당부 등이 문제된 사건]",2023다280358,2024-10-25,2024,10,4,대법원,대법원,민사,판결,손해배상,law.go.kr,/DRF/lawService.do?OC=virtual.esq&target=prec&ID=241887&type=HTML&mobileYn=,2026-09-19 21:38:17.349414,,,
605731,손해배상및상표권침해금지,2023나10600,2024-10-24,2024,10,4,특허법원,지방/기타,민사,판결,손해배상,law.go.kr,/DRF/lawService.do?OC=virtual.esq&target=prec&ID=605731&type=HTML&mobileYn=,2026-09-19 21:38:17.349414,,,
614353,건물인도·손해배상(기),2024나11658,2024-10-23,2024,10,4,울산지방법원,지방/기타,민사,판결,손해배상,law.go.kr,/DRF/lawService.do?OC=virtual.esq&target=prec&ID=614353&type=HTML&mobileYn=,2026-09-19 21:38:17.349414,,,
242531,"원고의 공사대금채권은 피고의 손해배상채권과 상계되었으므로, 원고승계참가인 대한민국의 청구는 이유 없음",서울중앙지방법원-2019-가합-574068,2024-10-18,2024,10,4,,지방/기타,일반행정,,손해배상,law.go.kr,/DRF/lawService.do?OC=virtual.esq&target=prec&ID=242531&type=HTML&mobileYn=,2026-09-19 21:38:17.349414,,,
606545,건물인도·손해배상(기),2024나2015320,2024-10-16,2024,10,4,서울고등법원,고등법원,민사,판결,손해배상,law.go.kr,/DRF/lawService.do?OC=virtual.esq&target=prec&ID=606545&type=HTML&mobileYn=,2026-09-19 21:38:17.349414,,,
600345,손해배상(기)·세무수수료,2023가단146103,2024-10-15,2024,10,4,서울북부지방법원,지방/기타,민사,판결 : 항소,손해배상,law.go.kr,/DRF/lawService.do?OC=virtual.esq&target=prec&ID=600345&type=HTML&mobileYn=,2026-09-19 21:38:17.349414,,,
613041,손해배상(기),2023가합61941,2024-10-10,2024,10,4,서울중앙지방법원,지방/기타,민사,판결,손해배상,law.go.kr,/DRF/lawService.do?OC=virtual.esq&target=prec&ID=613041&type=HTML&mobileYn=,2026-09-19 21:38:17.349414,,,
605181,손해배상(기),2020다285697,2024-10-08,2024,10,4,대법원,대법원,민사,판결,손해배상,law.go.kr,/DRF/lawService.do?OC=virtual.esq&target=prec&ID=605181&type=HTML&mobileYn=,2026-09-19 21:38:17.349414,,,
241789,손해배상(기)[전직 국회의원인 원고가 언론사 및 소속 기자인 피고들을 상대로 허위기사로 인한 명예훼손을 주장하면서 손해배상 및 기사삭제를 청구하는 사건],2022다251650,2024-10-08,2024,10,4,대법원,대법원,민사,판결,손해배상,law.go.kr,/DRF/lawService.do?OC=virtual.esq&target=prec&ID=241789&type=HTML&mobileYn=,2026-09-19 21:38:17.349414,,,
605183,손해배상(기)·위약금등청구의소,2024다228401,2024-10-08,2024,10,4,대법원,대법원,민사,판결,손해배상,law.go.kr,/DRF/lawService.do?OC=virtual.esq&target=prec&ID=605183&type=HTML&mobileYn=,2026-09-19 21:38:17.349414,,,
605179,손해배상(기),2024다233908,2024-10-08,2024,10,4,대법원,대법원,민사,판결,손해배상,law.go.kr,/DRF/lawService.do?OC=virtual.esq&target=prec&ID=605179&type=HTML&mobileYn=,2026-09-19 21:38:17.349414,,,
417570,부당해임 당한 주식회사 임원이 회사로부터 받은 손해배상액은 기타소득에 해당하지 아니함,서울고등법원-2024-누-36397,2024-10-04,2024,10,4,,지방/기타,일반행정,,손해배상,law.go.kr,/DRF/lawService.do?OC=virtual.esq&target=prec&ID=417570&type=HTML&mobileYn=,2026-09-19 21:38:17.349414,,,
600421,손해배상(의),2024다204665,2024-09-27,2024,9,3,대법원,대법원,민사,판결,손해배상,law.go.kr,/DRF/lawService.do?OC=virtual.esq&target=prec&ID=600421&type=HTML&mobileYn=,2026-09-19 21:38:17.349414,,,
618267,손해배상(기),2023나2040206,2024-09-26,2024,9,3,서울고등법원,고등법원,민사,판결,손해배상,law.go.kr,/DRF/lawService.do?OC=virtual.esq&target=prec&ID=618267&type=HTML&mobileYn=,2026-09-19 21:38:17.349414,,,
600417,손해배상(기),2024다237757,2024-09-13,2024,9,3,대법원,대법원,민사,판결,손해배상,law.go.kr,/DRF/lawService.do?OC=virtual.esq&target=prec&ID=600417&type=HTML&mobileYn=,2026-09-19 21:38:17.349414,,,
241571,손해배상(기)[대표이사 해임을 이유로 손해배상을 구하는 사건],2020다245552,2024-09-13,2024,9,3,대법원,대법원,민사,판결,손해배상,law.go.kr,/DRF/lawService.do?OC=virtual.esq&target=prec&ID=241571&type=HTML&mobileYn=,2026-09-19 21:38:17.349959,,,
600409,손해배상(기),2022다270989,2024-09-12,2024,9,3,대법원,대법원,민사,판결,손해배상,law.go.kr,/DRF/lawService.do?OC=virtual.esq&target=prec&ID=600409&type=HTML&mobileYn=,2026-09-19 21:38:17.349959,,,
241585,손해배상(기)[공인중개사가 부동산 중개 과정에서 임대차보증금 반환채무가 매수인에게 면책적으로 인수되지 않는다는 사정을 설명할 주의의무가 인정되는지 여부가 문제된 사건],2024다239364,2024-09-12,2024,9,3,대법원,대법원,민사,판결,손해배상,law.go.kr,/DRF/lawService.do?OC=virtual.esq&target=prec&ID=241585&type=HTML&mobileYn=,2026-09-19 21:38:17.349959,,,
418538,이 사건 손해배상금은 은행의 사업과 관련하여 지출된 비용으로서 일반적으로 인정되는 통상적인 것이므로 손금에 해당함,대법원-2021-두-35308,2024-09-12,2024,9,3,,지방/기타,일반행정,,손해배상,law.go.kr,/DRF/lawService.do?OC=virtual.esq&target=prec&ID=418538&type=HTML&mobileYn=,2026-09-19 21:38:17.349959,,,
242117,손해배상(기),2023가단4254,2024-08-29,2024,8,3,서울북부지방법원,지방/기타,민사,판결 : 확정,손해배상,law.go.kr,/DRF/lawService.do?OC=virtual.esq&target=prec&ID=242117&type=HTML&mobileYn=,2026-09-19 21:38:17.349959,,,
241419,손해배상(기),2023가단133077,2024-08-09,2024,8,3,대구지방법원,지방/기타,민사,판결 : 항소,손해배상,law.go.kr,/DRF/lawService.do?OC=virtual.esq&target=prec&ID=241419&type=HTML&mobileYn=,2026-09-19 21:38:17.349959,,,
614567,손해배상(기),2023가단133077,2024-08-09,2024,8,3,대구지방법원,지방/기타,민사,판결 : 항소,손해배상,law.go.kr,/DRF/lawService.do?OC=virtual.esq&target=prec&ID=614567&type=HTML&mobileYn=,2026-09-19 21:38:17.349959,,,
600415,손해배상(기),2024다226504,2024-08-01,2024,8,3,대법원,대법원,민사,판결,손해배상,law.go.kr,/DRF/lawService.do?OC=virtual.esq&target=prec&ID=600415&type=HTML&mobileYn=,2026-09-19 21:38:17.349959,,,
600419,손해배상(기)·손해배상(기),2023다240763,2024-07-31,2024,7,3,대법원,대법원,민사,판결,손해배상,law.go.kr,/DRF/lawService.do?OC=virtual.esq&target=prec&ID=600419&type=HTML&mobileYn=,2026-09-19 21:38:17.349959,,,
600407,손해배상(기),2024다232530,2024-07-31,2024,7,3,대법원,대법원,민사,판결,손해배상,law.go.kr,/DRF/lawService.do?OC=virtual.esq&target=prec&ID=600407&type=HTML&mobileYn=,2026-09-19 21:38:17.349959,,,
614599,손해배상(기),2022가합50780,2024-07-26,2024,7,3,의정부지방법원남양주지원,지방/기타,민사,판결 : 항소,손해배상,law.go.kr,/DRF/lawService.do?OC=virtual.esq&target=prec&ID=614599&type=HTML&mobileYn=,2026-09-19 21:38:17.349959,,,
241421,손해배상(기),2022가합50780,2024-07-26,2024,7,3,의정부지방법원남양주지원,지방/기타,민사,판결 : 항소,손해배상,law.go.kr,/DRF/lawService.do?OC=virtual.esq&target=prec&ID=241421&type=HTML&mobileYn=,2026-09-19 21:38:17.349959,,,
241225,손해배상(기)·손해배상(기)·손해배상(기),2021다269418,2024-07-25,2024,7,3,대법원,대법원,민사,판결,손해배상,law.go.kr,/DRF/lawService.do?OC=virtual.esq&target=prec&ID=241225&type=HTML&mobileYn=,2026-09-19 21:38:17.349959,,,
600497,손해배상(기),2022다214446,2024-07-25,2024,7,3,대법원,대법원,민사,판결,손해배상,law.go.kr,/DRF/lawService.do?OC=virtual.esq&target=prec&ID=600497&type=HTML&mobileYn=,2026-09-19 21:38:17.349959,,,
600503,손해배상(기),2023다208905,2024-07-25,2024,7,3,대법원,대법원,민사,판결,손해배상,law.go.kr,/DRF/lawService.do?OC=virtual.esq&target=prec&ID=600503&type=HTML&mobileYn=,2026-09-19 21:38:17.349959,,,
241235,보증금[민법 제35조 제1항에 따른 손해배상청구에서 피해자의 악의 또는 중과실 인정 여부가 문제된 사건],2024다229343,2024-07-25,2024,7,3,대법원,대법원,민사,판결,손해배상,law.go.kr,/DRF/lawService.do?OC=virtual.esq&target=prec&ID=241235&type=HTML&mobileYn=,2026-09-19 21:38:17.351018,,,
241233,근로에관한소송·근로에관한소송·근로에관한소송[파견근로자가 근로자파견관계의 성립을 주장하면서 고용의무이행과 함께 임금 차액 상당의 손해배상금 지급을 청구한 사건],2024다211908,2024-07-25,2024,7,3,대법원,대법원,민사,판결,손해배상,law.go.kr,/DRF/lawService.do?OC=virtual.esq&target=prec&ID=241233&type=HTML&mobileYn=,2026-09-19 21:38:17.351018,,,
600505,손해배상(기),2021다268255,2024-07-25,2024,7,3,대법원,대법원,민사,판결,손해배상,law.go.kr,/DRF/lawService.do?OC=virtual.esq&target=prec&ID=600505&type=HTML&mobileYn=,2026-09-19 21:38:17.351018,,,
616555,근저당권말소·손해배상청구의소,2022가합546698,2024-07-24,2024,7,3,서울중앙지방법원,지방/기타,민사,판결,손해배상,law.go.kr,/DRF/lawService.do?OC=virtual.esq&target=prec&ID=616555&type=HTML&mobileYn=,2026-09-19 21:38:17.351018,,,
241033,손해배상(지)·손해배상(지)[저작권신탁관리업자 등이 음악저작물을 이용한 노래비(碑) 등을 제작·설치한 지방자치단체 등을 상대로 손해배상을 구하는 사건],2021다216872,2024-07-11,2024,7,3,대법원,대법원,민사,판결,손해배상,law.go.kr,/DRF/lawService.do?OC=virtual.esq&target=prec&ID=241033&type=HTML&mobileYn=,2026-09-19 21:38:17.351018,,,
241021,"손해배상(기)[비법인사단의 대표자가 선량한 관리자의 주의의무를 위반한 경우, 비법인사단의 구성원에 대한 불법행위 손해배상책임의 성립 여부가 문제된 사건]",2023다314022,2024-07-11,2024,7,3,대법원,대법원,민사,판결,손해배상,law.go.kr,/DRF/lawService.do?OC=virtual.esq&target=prec&ID=241021&type=HTML&mobileYn=,2026-09-19 21:38:17.351018,,,
600499,손해배상(기),2022다307379,2024-07-11,2024,7,3,대법원,대법원,민사,판결,손해배상,law.go.kr,/DRF/lawService.do?OC=virtual.esq&target=prec&ID=600499&type=HTML&mobileYn=,2026-09-19 21:38:17.351018,,,
241037,손해배상(지),2021다272001,2024-07-11,2024,7,3,대법원,대법원,민사,판결,손해배상,law.go.kr,/DRF/lawService.do?OC=virtual.esq&target=prec&ID=241037&type=HTML&mobileYn=,2026-09-19 21:38:17.351018,,,
615745,손해배상(기),2022가합544685,2024-07-11,2024,7,3,서울중앙지방법원,지방/기타,민사,판결,손해배상,law.go.kr,/DRF/lawService.do?OC=virtual.esq&target=prec&ID=615745&type=HTML&mobileYn=,2026-09-19 21:38:17.351018,,,
619349,손해배상(기),2022나2021376,2024-07-03,2024,7,3,서울고등법원,고등법원,민사,판결,손해배상,law.go.kr,/DRF/lawService.do?OC=virtual.esq&target=prec&ID=619349&type=HTML&mobileYn=,2026-09-19 21:38:17.351018,,,
240947,손해배상(기)·손해배상(기)[부정행위 당시 이미 부부공동생활이 파탄되었다는 점에 관한 증명책임이 문제된 사건],2022므13504,2024-06-27,2024,6,2,대법원,대법원,가사,판결,손해배상,law.go.kr,/DRF/lawService.do?OC=virtual.esq&target=prec&ID=240947&type=HTML&mobileYn=,2026-09-19 21:38:17.351018,,,
241937,손해배상(기),2020다259100,2024-06-27,2024,6,2,대법원,대법원,민사,판결,손해배상,law.go.kr,/DRF/lawService.do?OC=virtual.esq&target=prec&ID=241937&type=HTML&mobileYn=,2026-09-19 21:38:17.351018,,,
241945,손해배상(자),2021다243362,2024-06-27,2024,6,2,대법원,대법원,민사,판결,손해배상,law.go.kr,/DRF/lawService.do?OC=virtual.esq&target=prec&ID=241945&type=HTML&mobileYn=,2026-09-19 21:38:17.351018,,,
241939,손해배상(기),2024다229824,2024-06-27,2024,6,2,대법원,대법원,민사,판결,손해배상,law.go.kr,/DRF/lawService.do?OC=virtual.esq&target=prec&ID=241939&type=HTML&mobileYn=,2026-09-19 21:38:17.351018,,,
600411,손해배상(기),2023나45016,2024-06-21,2024,6,2,서울서부지방법원,지방/기타,민사,판결,손해배상,law.go.kr,/DRF/lawService.do?OC=virtual.esq&target=prec&ID=600411&type=HTML&mobileYn=,2026-09-19 21:38:17.351018,,,
240897,손해배상(자),2021다299594,2024-06-20,2024,6,2,대법원,대법원,민사,전원합의체 판결,손해배상,law.go.kr,/DRF/lawService.do?OC=virtual.esq&target=prec&ID=240897&type=HTML&mobileYn=,2026-09-19 21:38:17.351018,,,
241953,손해배상(기),2024다207053,2024-06-17,2024,6,2,대법원,대법원,민사,판결,손해배상,law.go.kr,/DRF/lawService.do?OC=virtual.esq&target=prec&ID=241953&type=HTML&mobileYn=,2026-09-19 21:38:17.351018,,,
351734,사업 활동과 관련하여 1회적으로 발생된 손해배상금이더라도 사업관련 소득 또는 발생된 손실 등을 보상하기 위해 지급된 것으로서 사업소득에 해당함,대법원2024두37213,2024-06-17,2024,6,2,,지방/기타,일반행정,,손해배상,law.go.kr,/DRF/lawService.do?OC=virtual.esq&target=prec&ID=351734&type=HTML&mobileYn=,2026-09-19 21:38:17.351018,,,
241955,손해배상(기),2020다239045,2024-06-17,2024,6,2,대법원,대법원,민사,판결,손해배상,law.go.kr,/DRF/lawService.do?OC=virtual.esq&target=prec&ID=241955&type=HTML&mobileYn=,2026-09-19 21:38:17.351018,,,
240929,특정경제범죄가중처벌등에관한법률위반(횡령)·특정경제범죄가중처벌등에관한법률위반(배임)·강제집행면탈·예금자보호법위반[「부패재산의 몰수 및 회복에 관한 특례법」 제6조 제1항에서 몰수·추징의 요건으로 규정한 ‘범죄피해자가 그 재산에 관하여 범인에 대한 재산반환청구권 또는 손해배상청구권 등을 행사할 수 없는 등 피해회복이 심히 곤란한 경우’에 해당하는지 여부가 문제된 사건],2023도17596,2024-06-13,2024,6,2,대법원,대법원,형사,판결,손해배상,law.go.kr,/DRF/lawService.do?OC=virtual.esq&target=prec&ID=240929&type=HTML&mobileYn=,2026-09-19 21:38:17.351018,,,
240933,손해배상(기)[지급명령 송달 전 채무자의 이의신청의 효력이 문제된 사건],2024마5496,2024-06-07,2024,6,2,대법원,대법원,민사,결정,손해배상,law.go.kr,/DRF/lawService.do?OC=virtual.esq&target=prec&ID=240933&type=HTML&mobileYn=,2026-09-19 21:38:17.351018,,,
241649,손해배상(기),2024다218572,2024-05-30,2024,5,2,대법원,대법원,민사,판결,손해배상,law.go.kr,/DRF/lawService.do?OC=virtual.esq&target=prec&ID=241649&type=HTML&mobileYn=,2026-09-19 21:38:17.351018,,,
241657,손해배상(기),2023다249456,2024-05-30,2024,5,2,대법원,대법원,민사,판결,손해배상,law.go.kr,/DRF/lawService.do?OC=virtual.esq&target=prec&ID=241657&type=HTML&mobileYn=,2026-09-19 21:38:17.351018,,,
241651,손해배상(기),2020다259292,2024-05-30,2024,5,2,대법원,대법원,민사,판결,손해배상,law.go.kr,/DRF/lawService.do?OC=virtual.esq&target=prec&ID=241651&type=HTML&mobileYn=,2026-09-19 21:38:17.351018,,,
600321,도로교통법위반(음주운전)·도로교통법위반(무면허운전)·도로교통법위반·도로교통법위반(사고후미조치)·자동차손해배상보장법위반,2024노284,2024-05-30,2024,5,2,제주지방법원,지방/기타,형사,판결,손해배상,law.go.kr,/DRF/lawService.do?OC=virtual.esq&target=prec&ID=600321&type=HTML&mobileYn=,2026-09-19 21:38:17.351018,,,
351880,사회질서를 위반하여 지급한 손해배상금인지 여부,대법원-2024-두-35385,2024-05-30,2024,5,2,,지방/기타,일반행정,,손해배상,law.go.kr,/DRF/lawService.do?OC=virtual.esq&target=prec&ID=351880&type=HTML&mobileYn=,2026-09-19 21:38:17.351018,,,
240811,양수금[중앙선을 침범한 교통사고로 발생한 손해배상청구권이 면책결정에 따라 면책되는지 여부가 문제된 사건],2023다308270,2024-05-17,2024,5,2,대법원,대법원,민사,판결,손해배상,law.go.kr,/DRF/lawService.do?OC=virtual.esq&target=prec&ID=240811&type=HTML&mobileYn=,2026-09-19 21:38:17.351018,,,
241659,손해배상(기),2018다302957,2024-05-17,2024,5,2,대법원,대법원,민사,판결,손해배상,law.go.kr,/DRF/lawService.do?OC=virtual.esq&target=prec&ID=241659&type=HTML&mobileYn=,2026-09-19 21:38:17.351018,,,
240813,손해배상(기)[고객들이 대형 유통회사를 상대로 회사가 고객들의 동의 없이 개인정보를 보험회사들에 제공하였다는 이유로 손해배상을 청구한 사건],2018다262103,2024-05-17,2024,5,2,대법원,대법원,민사,판결,손해배상,law.go.kr,/DRF/lawService.do?OC=virtual.esq&target=prec&ID=240813&type=HTML&mobileYn=,2026-09-19 21:38:17.351018,,,
240835,손해배상(기),2023다256294,2024-05-09,2024,5,2,대법원,대법원,민사,판결,손해배상,law.go.kr,/DRF/lawService.do?OC=virtual.esq&target=prec&ID=240835&type=HTML&mobileYn=,2026-09-19 21:38:17.351018,,,
240829,정정보도등청구의소[공직자가 언론사 및 소속기자를 상대로 기사에 대한 정정보도 및 명예훼손으로 인한 손해배상을 청구한 사건],2021다270654,2024-05-09,2024,5,2,대법원,대법원,민사,판결,손해배상,law.go.kr,/DRF/lawService.do?OC=virtual.esq&target=prec&ID=240829&type=HTML&mobileYn=,2026-09-19 21:38:17.351018,,,
240739,손해배상(기),2019다261558,2024-04-25,2024,4,2,대법원,대법원,민사,판결,손해배상,law.go.kr,/DRF/lawService.do?OC=virtual.esq&target=prec&ID=240739&type=HTML&mobileYn=,2026-09-19 21:38:17.351018,,,
240747,손해배상(국)[문서제출명령에대한재항고][금융감독원 직원이 직무상 작성하여 관리하는 문서가 제출을 거부할 수 있는 문서에 해당하는지 문제된 사건],2023마8009,2024-04-25,2024,4,2,대법원,대법원,민사,결정,손해배상,law.go.kr,/DRF/lawService.do?OC=virtual.esq&target=prec&ID=240747&type=HTML&mobileYn=,2026-09-19 21:38:17.351018,,,
614615,손해배상(기),2023나49209,2024-04-19,2024,4,2,서울서부지방법원,지방/기타,민사,판결 : 확정,손해배상,law.go.kr,/DRF/lawService.do?OC=virtual.esq&target=prec&ID=614615&type=HTML&mobileYn=,2026-09-19 21:38:17.352012,,,
241197,손해배상(기),2023나49209,2024-04-19,2024,4,2,서울서부지방법원,지방/기타,민사,판결 : 확정,손해배상,law.go.kr,/DRF/lawService.do?OC=virtual.esq&target=prec&ID=241197&type=HTML&mobileYn=,2026-09-19 21:38:17.352012,,,
244869,정산금 지급채무의 이행지체로 인한 손해배상적 성격의 지연손해금은 기타소득에 해당함,춘천지방법원-2023-구합-31223,2024-04-19,2024,4,2,,지방/기타,일반행정,,손해배상,law.go.kr,/DRF/lawService.do?OC=virtual.esq&target=prec&ID=244869&type=HTML&mobileYn=,2026-09-19 21:38:17.352012,,,
614609,손해배상(기),2022가합519467,2024-04-18,2024,4,2,서울중앙지방법원,지방/기타,민사,판결 : 항소,손해배상,law.go.kr,/DRF/lawService.do?OC=virtual.esq&target=prec&ID=614609&type=HTML&mobileYn=,2026-09-19 21:38:17.352012,,,
240855,손해배상(기),2022가합519467,2024-04-18,2024,4,2,서울중앙지방법원,지방/기타,민사,판결 : 항소,손해배상,law.go.kr,/DRF/lawService.do?OC=virtual.esq&target=prec&ID=240855&type=HTML&mobileYn=,2026-09-19 21:38:17.352012,,,
601975,손해배상(기),2023나12234,2024-04-18,2024,4,2,울산지방법원,지방/기타,민사,판결,손해배상,law.go.kr,/DRF/lawService.do?OC=virtual.esq&target=prec&ID=601975&type=HTML&mobileYn=,2026-09-19 21:38:17.352012,,,
619381,손해배상청구의소,2023가단119089,2024-04-18,2024,4,2,부산지방법원서부지원,지방/기타,민사,판결,손해배상,law.go.kr,/DRF/lawService.do?OC=virtual.esq&target=prec&ID=619381&type=HTML&mobileYn=,2026-09-19 21:38:17.352012,,,
241525,위자료및손해배상청구의소,2023므16593,2024-04-16,2024,4,2,대법원,대법원,가사,판결,손해배상,law.go.kr,/DRF/lawService.do?OC=virtual.esq&target=prec&ID=241525&type=HTML&mobileYn=,2026-09-19 21:38:17.352012,,,
241527,손해배상(기),2023다314336,2024-04-12,2024,4,2,대법원,대법원,민사,판결,손해배상,law.go.kr,/DRF/lawService.do?OC=virtual.esq&target=prec&ID=241527&type=HTML&mobileYn=,2026-09-19 21:38:17.352012,,,
614563,손해배상(기),2021가합548802,2024-04-05,2024,4,2,서울중앙지방법원,지방/기타,민사,판결 : 항소,손해배상,law.go.kr,/DRF/lawService.do?OC=virtual.esq&target=prec&ID=614563&type=HTML&mobileYn=,2026-09-19 21:38:17.352012,,,
240859,손해배상(기),2021가합548802,2024-04-05,2024,4,2,서울중앙지방법원,지방/기타,민사,판결 : 항소,손해배상,law.go.kr,/DRF/lawService.do?OC=virtual.esq&target=prec&ID=240859&type=HTML&mobileYn=,2026-09-19 21:38:17.352012,,,
241353,손해배상(기),2023다299321,2024-04-04,2024,4,2,대법원,대법원,민사,판결,손해배상,law.go.kr,/DRF/lawService.do?OC=virtual.esq&target=prec&ID=241353&type=HTML&mobileYn=,2026-09-19 21:38:17.352012,,,
614355,건물인도·손해배상(기),2023가단112928,2024-03-26,2024,3,1,울산지방법원,지방/기타,민사,판결,손해배상,law.go.kr,/DRF/lawService.do?OC=virtual.esq&target=prec&ID=614355&type=HTML&mobileYn=,2026-09-19 21:38:17.352012,,,
239937,손해배상(기)[사법경찰관의 체포·구속 등 수사활동이 위법함을 이유로 국가배상을 구하는 사건],2020다290569,2024-03-12,2024,3,1,대법원,대법원,민사,판결,손해배상,law.go.kr,/DRF/lawService.do?OC=virtual.esq&target=prec&ID=239937&type=HTML&mobileYn=,2026-09-19 21:38:17.352012,,,
241363,손해배상(기),2019다301029,2024-03-12,2024,3,1,대법원,대법원,민사,판결,손해배상,law.go.kr,/DRF/lawService.do?OC=virtual.esq&target=prec&ID=241363&type=HTML&mobileYn=,2026-09-19 21:38:17.352012,,,
239903,손해배상(기)[집합건물의 공용부분이 적법한 용도 또는 관리방법에 어긋나게 사용되고 있다는 이유로 일부 구분소유자가 방해배제 청구로써 원상회복을 구하는 사건],2023다240879,2024-03-12,2024,3,1,대법원,대법원,민사,판결,손해배상,law.go.kr,/DRF/lawService.do?OC=virtual.esq&target=prec&ID=239903&type=HTML&mobileYn=,2026-09-19 21:38:17.352012,,,
241365,손해배상(자),2022다4212,2024-03-12,2024,3,1,대법원,대법원,민사,판결,손해배상,law.go.kr,/DRF/lawService.do?OC=virtual.esq&target=prec&ID=241365&type=HTML&mobileYn=,2026-09-19 21:38:17.352012,,,
239707,사업비청구등·손해배상(기),2023다294470,2024-02-29,2024,2,1,대법원,대법원,민사,판결,손해배상,law.go.kr,/DRF/lawService.do?OC=virtual.esq&target=prec&ID=239707&type=HTML&mobileYn=,2026-09-19 21:38:17.352012,,,
241079,손해배상(기)·용역비,2021다219802,2024-02-29,2024,2,1,대법원,대법원,민사,판결,손해배상,law.go.kr,/DRF/lawService.do?OC=virtual.esq&target=prec&ID=241079&type=HTML&mobileYn=,2026-09-19 21:38:17.352012,,,
614617,손해배상(기),2023나310158,2024-02-28,2024,2,1,대구지방법원,지방/기타,민사,판결 : 확정,손해배상,law.go.kr,/DRF/lawService.do?OC=virtual.esq&target=prec&ID=614617&type=HTML&mobileYn=,2026-09-19 21:38:17.352012,,,
239977,손해배상(기),2023나310158,2024-02-28,2024,2,1,대구지방법원,지방/기타,민사,판결 : 확정,손해배상,law.go.kr,/DRF/lawService.do?OC=virtual.esq&target=prec&ID=239977&type=HTML&mobileYn=,2026-09-19 21:38:17.352012,,,
614555,손해배상(기),2022가단12839,2024-02-15,2024,2,1,전주지방법원정읍지원,지방/기타,민사,판결 : 확정,손해배상,law.go.kr,/DRF/lawService.do?OC=virtual.esq&target=prec&ID=614555&type=HTML&mobileYn=,2026-09-19 21:38:17.352012,,,
616629,손해배상청구의소·손해배상청구의소,2021가합573914,2024-02-15,2024,2,1,서울중앙지방법원,지방/기타,민사,판결,손해배상,law.go.kr,/DRF/lawService.do?OC=virtual.esq&target=prec&ID=616629&type=HTML&mobileYn=,2026-09-19 21:38:17.352012,,,
240689,손해배상(기),2022가단12839,2024-02-15,2024,2,1,전주지방법원정읍지원,지방/기타,민사,판결 : 확정,손해배상,law.go.kr,/DRF/lawService.do?OC=virtual.esq&target=prec&ID=240689&type=HTML&mobileYn=,2026-09-19 21:38:17.352012,,,
239461,손해배상(기),2019다208724,2024-02-15,2024,2,1,대법원,대법원,민사,판결,손해배상,law.go.kr,/DRF/lawService.do?OC=virtual.esq&target=prec&ID=239461&type=HTML&mobileYn=,2026-09-19 21:38:17.352012,,,
601913,손해배상(기),2023라10594,2024-02-14,2024,2,1,대구지방법원,지방/기타,민사,결정,손해배상,law.go.kr,/DRF/lawService.do?OC=virtual.esq&target=prec&ID=601913&type=HTML&mobileYn=,2026-09-19 21:38:17.352012,,,
241093,손해배상(기),2020다209938,2024-02-08,2024,2,1,대법원,대법원,민사,판결,손해배상,law.go.kr,/DRF/lawService.do?OC=virtual.esq&target=prec&ID=241093&type=HTML&mobileYn=,2026-09-19 21:38:17.352012,,,
241099,손해배상(기),2020다201422,2024-02-08,2024,2,1,대법원,대법원,민사,판결,손해배상,law.go.kr,/DRF/lawService.do?OC=virtual.esq&target=prec&ID=241099&type=HTML&mobileYn=,2026-09-19 21:38:17.352012,,,
239477,손해배상등청구의소,2023다259262,2024-02-08,2024,2,1,대법원,대법원,민사,판결,손해배상,law.go.kr,/DRF/lawService.do?OC=virtual.esq&target=prec&ID=239477&type=HTML&mobileYn=,2026-09-19 21:38:17.352012,,,
418804,상법 제385조 제1항 단서 손해배상금의 소득 구분,인천지방법원-2023-구합-54727,2024-02-08,2024,2,1,,지방/기타,일반행정,,손해배상,law.go.kr,/DRF/lawService.do?OC=virtual.esq&target=prec&ID=418804&type=HTML&mobileYn=,2026-09-19 21:38:17.352012,,,
500877,매매예약가등기 상태에서 대한민국의 공매로 인하여 가등기권자의 양수금 손해배상 청구는 이유없음,서울중앙지방법원 2022가단29547,2024-02-02,2024,2,1,,지방/기타,민사,,손해배상,law.go.kr,/DRF/lawService.do?OC=virtual.esq&target=prec&ID=500877&type=HTML&mobileYn=,2026-09-19 21:38:17.352012,,,
349124,납세담보해제 거부로 인한 국가의 손해배상책임을 부정한 사례,서울고등법원-2023-나-2027838,2024-02-01,2024,2,1,,지방/기타,민사,,손해배상,law.go.kr,/DRF/lawService.do?OC=virtual.esq&target=prec&ID=349124&type=HTML&mobileYn=,2026-09-19 21:38:17.352012,,,
618545,손해배상(기),2023나2003078,2024-02-01,2024,2,1,서울고등법원,고등법원,민사,판결,손해배상,law.go.kr,/DRF/lawService.do?OC=virtual.esq&target=prec&ID=618545&type=HTML&mobileYn=,2026-09-19 21:38:17.352012,,,
605565,손해배상(기)등·손해배상(기),2023나2008554,2024-01-26,2024,1,1,서울고등법원,고등법원,민사,판결,손해배상,law.go.kr,/DRF/lawService.do?OC=virtual.esq&target=prec&ID=605565&type=HTML&mobileYn=,2026-09-19 21:38:17.352012,,,
348900,사업 활동과 관련하여 1회적으로 발생된 손해배상금이더라도  사업관련 소득 또는 발생된 손실 등을 보상하기 위해 지급된 것으로서 사업소득에 해당함,서울고등법원-2023-누-58451,2024-01-25,2024,1,1,,지방/기타,일반행정,,손해배상,law.go.kr,/DRF/lawService.do?OC=virtual.esq&target=prec&ID=348900&type=HTML&mobileYn=,2026-09-19 21:38:17.352012,,,
606609,건물인도·손해배상(기)·위헌심판제청,2020가합41743,2024-01-25,2024,1,1,서울서부지방법원,지방/기타,민사,판결,손해배상,law.go.kr,/DRF/lawService.do?OC=virtual.esq&target=prec&ID=606609&type=HTML&mobileYn=,2026-09-19 21:38:17.352012,,,
241101,손해배상,2019다3226,2024-01-25,2024,1,1,대법원,대법원,민사,판결,손해배상,law.go.kr,/DRF/lawService.do?OC=virtual.esq&target=prec&ID=241101&type=HTML&mobileYn=,2026-09-19 21:38:17.352012,,,
622271,손해배상(기),2023나4119,2024-01-23,2024,1,1,서울중앙지방법원,지방/기타,민사,판결,손해배상,law.go.kr,/DRF/lawService.do?OC=virtual.esq&target=prec&ID=622271&type=HTML&mobileYn=,2026-09-19 21:38:17.352012,,,
609343,손해배상(기)·손해배상(기),2021가합511015,2024-01-18,2024,1,1,서울중앙지방법원,지방/기타,민사,판결,손해배상,law.go.kr,/DRF/lawService.do?OC=virtual.esq&target=prec&ID=609343&type=HTML&mobileYn=,2026-09-19 21:38:17.352012,,,
349558,사회질서를 위반하여 지급한 손해배상금인지 여부,서울고등법원(춘천)-2022-누-1130,2024-01-11,2024,1,1,,지방/기타,일반행정,,손해배상,law.go.kr,/DRF/lawService.do?OC=virtual.esq&target=prec&ID=349558&type=HTML&mobileYn=,2026-09-19 21:38:17.352012,,,
241113,손해배상(기),2018다47533,2024-01-11,2024,1,1,대법원,대법원,민사,판결,손해배상,law.go.kr,/DRF/lawService.do?OC=virtual.esq&target=prec&ID=241113&type=HTML&mobileYn=,2026-09-19 21:38:17.352012,,,
239227,손해배상(기),2022다284513,2024-01-04,2024,1,1,대법원,대법원,민사,판결,손해배상,law.go.kr,/DRF/lawService.do?OC=virtual.esq&target=prec&ID=239227&type=HTML&mobileYn=,2026-09-19 21:38:17.352012,,,
241121,손해배상(기),2022다302206,2024-01-04,2024,1,1,대법원,대법원,민사,판결,손해배상,law.go.kr,/DRF/lawService.do?OC=virtual.esq&target=prec&ID=241121&type=HTML&mobileYn=,2026-09-19 21:38:17.352012,,,
239235,손해배상(주식매매대금반환),2022다286335,2024-01-04,2024,1,1,대법원,대법원,민사,판결,손해배상,law.go.kr,/DRF/lawService.do?OC=virtual.esq&target=prec&ID=239235&type=HTML&mobileYn=,2026-09-19 21:38:17.352012,,,
238889,손해배상(기),2019다300866,2023-12-28,2023,12,4,대법원,대법원,민사,판결,손해배상,law.go.kr,/DRF/lawService.do?OC=virtual.esq&target=prec&ID=238889&type=HTML&mobileYn=,2026-09-19 21:38:17.352012,,,
240873,손해배상(지),2023다277260,2023-12-28,2023,12,4,대법원,대법원,민사,판결,손해배상,law.go.kr,/DRF/lawService.do?OC=virtual.esq&target=prec&ID=240873&type=HTML&mobileYn=,2026-09-19 21:38:17.352012,,,
240871,손해배상(기),2023다269399,2023-12-28,2023,12,4,대법원,대법원,민사,판결,손해배상,law.go.kr,/DRF/lawService.do?OC=virtual.esq&target=prec&ID=240871&type=HTML&mobileYn=,2026-09-19 21:38:17.352012,,,
240879,손해배상(기),2019다208021,2023-12-28,2023,12,4,대법원,대법원,민사,판결,손해배상,law.go.kr,/DRF/lawService.do?OC=virtual.esq&target=prec&ID=240879&type=HTML&mobileYn=,2026-09-19 21:38:17.352012,,,
238895,손해배상(기)[일제 강제동원 피해자들이 일본 기업을 상대로 불법행위로 인한 위자료 지급을 구하는 사건],2018다303653,2023-12-21,2023,12,4,대법원,대법원,민사,판결,손해배상,law.go.kr,/DRF/lawService.do?OC=virtual.esq&target=prec&ID=238895&type=HTML&mobileYn=,2026-09-19 21:38:17.352012,,,
238915,손해배상(기),2017다249929,2023-12-21,2023,12,4,대법원,대법원,민사,판결,손해배상,law.go.kr,/DRF/lawService.do?OC=virtual.esq&target=prec&ID=238915&type=HTML&mobileYn=,2026-09-19 21:38:17.352012,,,
240883,손해배상(기),2019다17485,2023-12-21,2023,12,4,대법원,대법원,민사,판결,손해배상,law.go.kr,/DRF/lawService.do?OC=virtual.esq&target=prec&ID=240883&type=HTML&mobileYn=,2026-09-19 21:38:17.352012,,,
239407,손해배상(기),2021가합588060,2023-12-15,2023,12,4,서울중앙지방법원,지방/기타,민사,판결 : 항소,손해배상,law.go.kr,/DRF/lawService.do?OC=virtual.esq&target=prec&ID=239407&type=HTML&mobileYn=,2026-09-19 21:38:17.352012,,,
238925,손해배상(기)[신용장 개설은행이 보세창고업자를 상대로 운송물의 무단 반출에 따른 손해배상을 구하는 사건],2022다208649,2023-12-14,2023,12,4,대법원,대법원,민사,판결,손해배상,law.go.kr,/DRF/lawService.do?OC=virtual.esq&target=prec&ID=238925&type=HTML&mobileYn=,2026-09-19 21:38:17.353017,,,
238927,손해배상(기)[세월호 침몰로 사망한 망인의 친모가 뒤늦게 망인의 사망사실을 알게 되어 국가배상을 청구한 사건],2023다248903,2023-12-14,2023,12,4,대법원,대법원,민사,판결,손해배상,law.go.kr,/DRF/lawService.do?OC=virtual.esq&target=prec&ID=238927&type=HTML&mobileYn=,2026-09-19 21:38:17.353017,,,
240885,손해배상금등,2023다33,2023-12-14,2023,12,4,대법원,대법원,민사,판결,손해배상,law.go.kr,/DRF/lawService.do?OC=virtual.esq&target=prec&ID=240885&type=HTML&mobileYn=,2026-09-19 21:38:17.353142,,,
614607,손해배상(기),2022가단53691,2023-12-07,2023,12,4,전주지방법원군산지원,지방/기타,민사,판결 : 확정,손해배상,law.go.kr,/DRF/lawService.do?OC=virtual.esq&target=prec&ID=614607&type=HTML&mobileYn=,2026-09-19 21:38:17.353142,,,
239983,손해배상(기),2022가단53691,2023-12-07,2023,12,4,전주지방법원군산지원,지방/기타,민사,판결 : 확정,손해배상,law.go.kr,/DRF/lawService.do?OC=virtual.esq&target=prec&ID=239983&type=HTML&mobileYn=,2026-09-19 21:38:17.353142,,,
238193,손해배상(기),2023다246600,2023-12-07,2023,12,4,대법원,대법원,민사,판결,손해배상,law.go.kr,/DRF/lawService.do?OC=virtual.esq&target=prec&ID=238193&type=HTML&mobileYn=,2026-09-19 21:38:17.353142,,,
601353,손해배상(기),2020다276594,2023-12-07,2023,12,4,대법원,대법원,민사,판결,손해배상,law.go.kr,/DRF/lawService.do?OC=virtual.esq&target=prec&ID=601353&type=HTML&mobileYn=,2026-09-19 21:38:17.353142,,,
614441,손해배상(기),2023나55205,2023-12-07,2023,12,4,서울남부지방법원,지방/기타,민사,판결,손해배상,law.go.kr,/DRF/lawService.do?OC=virtual.esq&target=prec&ID=614441&type=HTML&mobileYn=,2026-09-19 21:38:17.353142,,,
601427,손해배상(국),2022나73538,2023-12-04,2023,12,4,서울중앙지방법원,지방/기타,민사,결정(항소),손해배상,law.go.kr,/DRF/lawService.do?OC=virtual.esq&target=prec&ID=601427&type=HTML&mobileYn=,2026-09-19 21:38:17.353142,,,
238779,손해배상청구,2019다224238,2023-11-30,2023,11,4,대법원,대법원,민사,판결,손해배상,law.go.kr,/DRF/lawService.do?OC=virtual.esq&target=prec&ID=238779&type=HTML&mobileYn=,2026-09-19 21:38:17.353142,,,
601347,손해배상(기),2020다257630,2023-11-30,2023,11,4,대법원,대법원,민사,판결,손해배상,law.go.kr,/DRF/lawService.do?OC=virtual.esq&target=prec&ID=601347&type=HTML&mobileYn=,2026-09-19 21:38:17.353142,,,
238187,손해배상(기),2022다280283,2023-11-30,2023,11,4,대법원,대법원,민사,판결,손해배상,law.go.kr,/DRF/lawService.do?OC=virtual.esq&target=prec&ID=238187&type=HTML&mobileYn=,2026-09-19 21:38:17.353142,,,
601355,손해배상(기),2023다220790,2023-11-30,2023,11,4,대법원,대법원,민사,판결,손해배상,law.go.kr,/DRF/lawService.do?OC=virtual.esq&target=prec&ID=601355&type=HTML&mobileYn=,2026-09-19 21:38:17.353142,,,
601349,손해배상(기),2020다257623,2023-11-30,2023,11,4,대법원,대법원,민사,판결,손해배상,law.go.kr,/DRF/lawService.do?OC=virtual.esq&target=prec&ID=601349&type=HTML&mobileYn=,2026-09-19 21:38:17.353142,,,
619385,약정금·손해배상(기),2021가단5237940,2023-11-21,2023,11,4,서울중앙지방법원,지방/기타,민사,판결,손해배상,law.go.kr,/DRF/lawService.do?OC=virtual.esq&target=prec&ID=619385&type=HTML&mobileYn=,2026-09-19 21:38:17.354210,,,
238031,손해배상(의),2020다292671,2023-11-16,2023,11,4,대법원,대법원,민사,판결,손해배상,law.go.kr,/DRF/lawService.do?OC=virtual.esq&target=prec&ID=238031&type=HTML&mobileYn=,2026-09-19 21:38:17.354210,,,
350384,손해배상,수원지방법원-2022-가단-551202,2023-11-16,2023,11,4,,지방/기타,민사,,손해배상,law.go.kr,/DRF/lawService.do?OC=virtual.esq&target=prec&ID=350384&type=HTML&mobileYn=,2026-09-19 21:38:17.354210,,,
238035,손해배상(기),2023다253790,2023-11-16,2023,11,4,대법원,대법원,민사,판결,손해배상,law.go.kr,/DRF/lawService.do?OC=virtual.esq&target=prec&ID=238035&type=HTML&mobileYn=,2026-09-19 21:38:17.354210,,,
238033,손해배상(기),2022다265994,2023-11-16,2023,11,4,대법원,대법원,민사,판결,손해배상,law.go.kr,/DRF/lawService.do?OC=virtual.esq&target=prec&ID=238033&type=HTML&mobileYn=,2026-09-19 21:38:17.354210,,,
601359,손해배상(기)·손해배상(기),2020다296741,2023-11-16,2023,11,4,대법원,대법원,민사,판결,손해배상,law.go.kr,/DRF/lawService.do?OC=virtual.esq&target=prec&ID=601359&type=HTML&mobileYn=,2026-09-19 21:38:17.354210,,,
241291,손해배상(기),2021나16928,2023-11-13,2023,11,4,제주지방법원,지방/기타,민사,판결,손해배상,law.go.kr,/DRF/lawService.do?OC=virtual.esq&target=prec&ID=241291&type=HTML&mobileYn=,2026-09-19 21:38:17.354210,,,
601363,손해배상(기),2019다282463,2023-11-09,2023,11,4,대법원,대법원,민사,판결,손해배상,law.go.kr,/DRF/lawService.do?OC=virtual.esq&target=prec&ID=601363&type=HTML&mobileYn=,2026-09-19 21:38:17.354210,,,
418792,공사대금청구권에 대하여 하자보수에 갈음한 손해배상청구권으로 상계의 주장을 할 수 있는 범위,서울중앙지방법원-2021-가합-564958,2023-11-09,2023,11,4,,지방/기타,민사,,손해배상,law.go.kr,/DRF/lawService.do?OC=virtual.esq&target=prec&ID=418792&type=HTML&mobileYn=,2026-09-19 21:38:17.354210,,,
238433,손해배상(기),2018나2062769,2023-11-08,2023,11,4,서울고등법원,고등법원,민사,판결 : 확정,손해배상,law.go.kr,/DRF/lawService.do?OC=virtual.esq&target=prec&ID=238433&type=HTML&mobileYn=,2026-09-19 21:38:17.354210,,,
239493,손해배상(기),2023다206916,2023-11-02,2023,11,4,대법원,대법원,민사,판결,손해배상,law.go.kr,/DRF/lawService.do?OC=virtual.esq&target=prec&ID=239493&type=HTML&mobileYn=,2026-09-19 21:38:17.354210,,,
237947,손해배상(기),2020다236848,2023-10-26,2023,10,4,대법원,대법원,민사,판결,손해배상,law.go.kr,/DRF/lawService.do?OC=virtual.esq&target=prec&ID=237947&type=HTML&mobileYn=,2026-09-19 21:38:17.354210,,,
239497,손해배상(기),2022다254765,2023-10-26,2023,10,4,대법원,대법원,민사,판결,손해배상,law.go.kr,/DRF/lawService.do?OC=virtual.esq&target=prec&ID=239497&type=HTML&mobileYn=,2026-09-19 21:38:17.354210,,,
237949,손해배상(기),2021다259510,2023-10-26,2023,10,4,대법원,대법원,민사,판결,손해배상,law.go.kr,/DRF/lawService.do?OC=virtual.esq&target=prec&ID=237949&type=HTML&mobileYn=,2026-09-19 21:38:17.354210,,,
238173,손해배상(기),2022나2045303,2023-10-20,2023,10,4,서울고등법원,고등법원,민사,판결 : 확정,손해배상,law.go.kr,/DRF/lawService.do?OC=virtual.esq&target=prec&ID=238173&type=HTML&mobileYn=,2026-09-19 21:38:17.354210,,,
607553,손해배상(산),2023나20869,2023-10-20,2023,10,4,서울중앙지방법원,지방/기타,민사,판결,손해배상,law.go.kr,/DRF/lawService.do?OC=virtual.esq&target=prec&ID=607553&type=HTML&mobileYn=,2026-09-19 21:38:17.354210,,,
348524,원고의 국가에 대한 손해배상청구권 소멸시효 기산점은 원고의 주위적 피고에 대한 소유권이전등기청구 소송 패소 확정시임,서울동부지방법원-2022-가합-106598,2023-10-13,2023,10,4,,지방/기타,민사,,손해배상,law.go.kr,/DRF/lawService.do?OC=virtual.esq&target=prec&ID=348524&type=HTML&mobileYn=,2026-09-19 21:38:17.354210,,,
239513,시공자지위확인의소등·손해배상(기),2020다246999,2023-10-12,2023,10,4,대법원,대법원,민사,판결,손해배상,law.go.kr,/DRF/lawService.do?OC=virtual.esq&target=prec&ID=239513&type=HTML&mobileYn=,2026-09-19 21:38:17.354210,,,
239511,손해배상(산),2023다247405,2023-10-12,2023,10,4,대법원,대법원,민사,판결,손해배상,law.go.kr,/DRF/lawService.do?OC=virtual.esq&target=prec&ID=239511&type=HTML&mobileYn=,2026-09-19 21:38:17.354210,,,
237879,손해배상(의)[직장어린이집 설치비 지원금 교부조건 위반을 이유로 한 지원금교부결정 취소처분 및 지원금 환수처분에 대하여 취소를 구하는 사건],2021다213316,2023-10-12,2023,10,4,대법원,대법원,민사,판결,손해배상,law.go.kr,/DRF/lawService.do?OC=virtual.esq&target=prec&ID=237879&type=HTML&mobileYn=,2026-09-19 21:38:17.354210,,,
237537,손해배상(기),2021다255655,2023-09-27,2023,9,3,대법원,대법원,민사,판결,손해배상,law.go.kr,/DRF/lawService.do?OC=virtual.esq&target=prec&ID=237537&type=HTML&mobileYn=,2026-09-19 21:38:17.354210,,,
240303,손해배상(기),2023다240817,2023-09-27,2023,9,3,대법원,대법원,민사,판결,손해배상,law.go.kr,/DRF/lawService.do?OC=virtual.esq&target=prec&ID=240303&type=HTML&mobileYn=,2026-09-19 21:38:17.354210,,,
239955,사업비청구등·손해배상(기),2021나17455,2023-09-22,2023,9,3,서울고등법원인천재판부,고등법원,민사,판결,손해배상,law.go.kr,/DRF/lawService.do?OC=virtual.esq&target=prec&ID=239955&type=HTML&mobileYn=,2026-09-19 21:38:17.354210,,,
619347,손해배상(기),2022나2009437,2023-09-22,2023,9,3,서울고등법원,고등법원,민사,판결,손해배상,law.go.kr,/DRF/lawService.do?OC=virtual.esq&target=prec&ID=619347&type=HTML&mobileYn=,2026-09-19 21:38:17.354210,,,
237591,"손해배상(기)[부마항쟁관련자인 원고가 긴급조치 제9호의 발령부터 적용, 집행에 이르는 일련의 국가작용 및 수사과정의 가혹행위를 이유로 정신적 손해에 대한 국가배상을 구하는 사건]",2023다230476,2023-09-21,2023,9,3,대법원,대법원,민사,판결,손해배상,law.go.kr,/DRF/lawService.do?OC=virtual.esq&target=prec&ID=237591&type=HTML&mobileYn=,2026-09-19 21:38:17.354210,,,
239521,임차보증금반환·차임연체료및손해배상금,2023다236566,2023-09-14,2023,9,3,대법원,대법원,민사,판결,손해배상,law.go.kr,/DRF/lawService.do?OC=virtual.esq&target=prec&ID=239521&type=HTML&mobileYn=,2026-09-19 21:38:17.354210,,,
350656,손해배상,서울중앙지방법원-2021-가합-500992,2023-09-14,2023,9,3,,지방/기타,민사,,손해배상,law.go.kr,/DRF/lawService.do?OC=virtual.esq&target=prec&ID=350656&type=HTML&mobileYn=,2026-09-19 21:38:17.354210,,,
605687,손해배상(기),2023나30007,2023-09-14,2023,9,3,춘천지방법원,지방/기타,민사,판결,손해배상,law.go.kr,/DRF/lawService.do?OC=virtual.esq&target=prec&ID=605687&type=HTML&mobileYn=,2026-09-19 21:38:17.354210,,,
617201,손해배상(국),2023나22117,2023-09-13,2023,9,3,광주고등법원,고등법원,민사,판결,손해배상,law.go.kr,/DRF/lawService.do?OC=virtual.esq&target=prec&ID=617201&type=HTML&mobileYn=,2026-09-19 21:38:17.354210,,,
240253,손해배상(기),2021다284035,2023-08-31,2023,8,3,대법원,대법원,민사,판결,손해배상,law.go.kr,/DRF/lawService.do?OC=virtual.esq&target=prec&ID=240253&type=HTML&mobileYn=,2026-09-19 21:38:17.355167,,,
238661,손해배상(의),2022다303995,2023-08-31,2023,8,3,대법원,대법원,민사,판결,손해배상,law.go.kr,/DRF/lawService.do?OC=virtual.esq&target=prec&ID=238661&type=HTML&mobileYn=,2026-09-19 21:38:17.355167,,,
238639,손해배상(의),2022다219427,2023-08-31,2023,8,3,대법원,대법원,민사,판결,손해배상,law.go.kr,/DRF/lawService.do?OC=virtual.esq&target=prec&ID=238639&type=HTML&mobileYn=,2026-09-19 21:38:17.355167,,,
238663,손해배상(기),2023다220639,2023-08-31,2023,8,3,대법원,대법원,민사,판결,손해배상,law.go.kr,/DRF/lawService.do?OC=virtual.esq&target=prec&ID=238663&type=HTML&mobileYn=,2026-09-19 21:38:17.355167,,,
246293,손해배상의무,수원지방법원-2022-나-86334,2023-08-24,2023,8,3,,지방/기타,민사,,손해배상,law.go.kr,/DRF/lawService.do?OC=virtual.esq&target=prec&ID=246293&type=HTML&mobileYn=,2026-09-19 21:38:17.355167,,,
240267,손해배상(기),2019다278341,2023-08-18,2023,8,3,대법원,대법원,민사,판결,손해배상,law.go.kr,/DRF/lawService.do?OC=virtual.esq&target=prec&ID=240267&type=HTML&mobileYn=,2026-09-19 21:38:17.355167,,,
236793,손해배상(기),2021다294889,2023-08-18,2023,8,3,대법원,대법원,민사,판결,손해배상,law.go.kr,/DRF/lawService.do?OC=virtual.esq&target=prec&ID=236793&type=HTML&mobileYn=,2026-09-19 21:38:17.355167,,,
240265,손해배상(기),2018다259275,2023-08-18,2023,8,3,대법원,대법원,민사,판결,손해배상,law.go.kr,/DRF/lawService.do?OC=virtual.esq&target=prec&ID=240265&type=HTML&mobileYn=,2026-09-19 21:38:17.355167,,,
240271,손해배상(산),2022다291009,2023-08-18,2023,8,3,대법원,대법원,민사,판결,손해배상,law.go.kr,/DRF/lawService.do?OC=virtual.esq&target=prec&ID=240271&type=HTML&mobileYn=,2026-09-19 21:38:17.355167,,,
240261,손해배상및재산분할(사실혼파기)·손해배상등,2020므13562,2023-08-18,2023,8,3,대법원,대법원,가사,판결,손해배상,law.go.kr,/DRF/lawService.do?OC=virtual.esq&target=prec&ID=240261&type=HTML&mobileYn=,2026-09-19 21:38:17.355167,,,
236461,손해배상(의)[수인한도를 넘는 현저히 불성실한 진료 여부가 문제된 사건],2022다306185,2023-08-18,2023,8,3,대법원,대법원,민사,판결,손해배상,law.go.kr,/DRF/lawService.do?OC=virtual.esq&target=prec&ID=236461&type=HTML&mobileYn=,2026-09-19 21:38:17.355167,,,
618269,손해배상(기),2020가합541002,2023-08-10,2023,8,3,서울중앙지방법원,지방/기타,민사,판결,손해배상,law.go.kr,/DRF/lawService.do?OC=virtual.esq&target=prec&ID=618269&type=HTML&mobileYn=,2026-09-19 21:38:17.355167,,,
240239,공사대금·손해배상(건),2020다295441,2023-07-27,2023,7,3,대법원,대법원,민사,판결,손해배상,law.go.kr,/DRF/lawService.do?OC=virtual.esq&target=prec&ID=240239&type=HTML&mobileYn=,2026-09-19 21:38:17.355167,,,
237163,임가공료·손해배상(기),2023다223171,2023-07-27,2023,7,3,대법원,대법원,민사,판결,손해배상,law.go.kr,/DRF/lawService.do?OC=virtual.esq&target=prec&ID=237163&type=HTML&mobileYn=,2026-09-19 21:38:17.355167,,,
614439,손해배상(기),2020나62251,2023-07-20,2023,7,3,서울중앙지방법원,지방/기타,민사,판결,손해배상,law.go.kr,/DRF/lawService.do?OC=virtual.esq&target=prec&ID=614439&type=HTML&mobileYn=,2026-09-19 21:38:17.355167,,,
235927,부당이득금·손해배상(기),2023그585,2023-07-14,2023,7,3,대법원,대법원,민사,결정,손해배상,law.go.kr,/DRF/lawService.do?OC=virtual.esq&target=prec&ID=235927&type=HTML&mobileYn=,2026-09-19 21:38:17.355167,,,
235941,손해배상(기),2023다225146,2023-07-13,2023,7,3,대법원,대법원,민사,판결,손해배상,law.go.kr,/DRF/lawService.do?OC=virtual.esq&target=prec&ID=235941&type=HTML&mobileYn=,2026-09-19 21:38:17.355167,,,
236929,손해배상(의)[피고 병원 의료진의 전원조치 후 하지마비의 영구장해가 남게 되자 손해배상을 청구한 사건],2020다217533,2023-07-13,2023,7,3,대법원,대법원,민사,판결,손해배상,law.go.kr,/DRF/lawService.do?OC=virtual.esq&target=prec&ID=236929&type=HTML&mobileYn=,2026-09-19 21:38:17.355167,,,
619345,손해배상(기),2022나50062,2023-07-05,2023,7,3,인천지방법원,지방/기타,민사,판결,손해배상,law.go.kr,/DRF/lawService.do?OC=virtual.esq&target=prec&ID=619345&type=HTML&mobileYn=,2026-09-19 21:38:17.355167,,,
237027,손해배상(기),2021다286000,2023-06-29,2023,6,2,대법원,대법원,민사,판결,손해배상,law.go.kr,/DRF/lawService.do?OC=virtual.esq&target=prec&ID=237027&type=HTML&mobileYn=,2026-09-19 21:38:17.355167,,,
235513,손해배상(기),2021다291712,2023-06-29,2023,6,2,대법원,대법원,민사,판결,손해배상,law.go.kr,/DRF/lawService.do?OC=virtual.esq&target=prec&ID=235513&type=HTML&mobileYn=,2026-09-19 21:38:17.355167,,,
350220,배당표가 부당하게 작성되었을 경우 차순위 채권자의 손해배상청구 가부,서울중앙지방법원-2022-나-49368,2023-06-23,2023,6,2,,지방/기타,민사,,손해배상,law.go.kr,/DRF/lawService.do?OC=virtual.esq&target=prec&ID=350220&type=HTML&mobileYn=,2026-09-19 21:38:17.355167,,,
237571,손해배상(기),2022나2003798,2023-06-16,2023,6,2,서울고등법원,고등법원,민사,판결 : 상고,손해배상,law.go.kr,/DRF/lawService.do?OC=virtual.esq&target=prec&ID=237571&type=HTML&mobileYn=,2026-09-19 21:38:17.355167,,,
238815,손해배상(기),2023나2000284,2023-06-16,2023,6,2,서울고등법원,고등법원,민사,판결,손해배상,law.go.kr,/DRF/lawService.do?OC=virtual.esq&target=prec&ID=238815&type=HTML&mobileYn=,2026-09-19 21:38:17.355167,,,
239717,손해배상청구의소,2023다220882,2023-06-15,2023,6,2,대법원,대법원,민사,판결,손해배상,law.go.kr,/DRF/lawService.do?OC=virtual.esq&target=prec&ID=239717&type=HTML&mobileYn=,2026-09-19 21:38:17.355167,,,
235129,손해배상(기),2017다6498,2023-06-15,2023,6,2,대법원,대법원,민사,판결,손해배상,law.go.kr,/DRF/lawService.do?OC=virtual.esq&target=prec&ID=235129&type=HTML&mobileYn=,2026-09-19 21:38:17.355167,,,
239715,손해배상(자),2023다211840,2023-06-15,2023,6,2,대법원,대법원,민사,판결,손해배상,law.go.kr,/DRF/lawService.do?OC=virtual.esq&target=prec&ID=239715&type=HTML&mobileYn=,2026-09-19 21:38:17.355167,,,
239721,손해배상(기),2018다21050,2023-06-15,2023,6,2,대법원,대법원,민사,판결,손해배상,law.go.kr,/DRF/lawService.do?OC=virtual.esq&target=prec&ID=239721&type=HTML&mobileYn=,2026-09-19 21:38:17.355167,,,
239719,손해배상(기),2018다20866,2023-06-15,2023,6,2,대법원,대법원,민사,판결,손해배상,law.go.kr,/DRF/lawService.do?OC=virtual.esq&target=prec&ID=239719&type=HTML&mobileYn=,2026-09-19 21:38:17.355167,,,
239723,손해배상(기),2019다38543,2023-06-15,2023,6,2,대법원,대법원,민사,판결,손해배상,law.go.kr,/DRF/lawService.do?OC=virtual.esq&target=prec&ID=239723&type=HTML&mobileYn=,2026-09-19 21:38:17.355167,,,
237117,손해배상(기),2017다46274,2023-06-15,2023,6,2,대법원,대법원,민사,판결,손해배상,law.go.kr,/DRF/lawService.do?OC=virtual.esq&target=prec&ID=237117&type=HTML&mobileYn=,2026-09-19 21:38:17.355167,,,
235099,손해배상(기),2018다41986,2023-06-15,2023,6,2,대법원,대법원,민사,판결,손해배상,law.go.kr,/DRF/lawService.do?OC=virtual.esq&target=prec&ID=235099&type=HTML&mobileYn=,2026-09-19 21:38:17.355167,,,
350968,소유권이전등기 및 손해배상청구,인천지방법원-2022-가단-261106,2023-06-14,2023,6,2,,지방/기타,민사,,손해배상,law.go.kr,/DRF/lawService.do?OC=virtual.esq&target=prec&ID=350968&type=HTML&mobileYn=,2026-09-19 21:38:17.355167,,,
239801,손해배상등청구의소,2022나2043079,2023-06-14,2023,6,2,서울고등법원,고등법원,민사,판결,손해배상,law.go.kr,/DRF/lawService.do?OC=virtual.esq&target=prec&ID=239801&type=HTML&mobileYn=,2026-09-19 21:38:17.355167,,,
619237,손해배상(기),2021나2013286,2023-06-08,2023,6,2,서울고등법원,고등법원,민사,판결,손해배상,law.go.kr,/DRF/lawService.do?OC=virtual.esq&target=prec&ID=619237&type=HTML&mobileYn=,2026-09-19 21:38:17.355167,,,
601473,손해배상(기),2022나2014934,2023-06-02,2023,6,2,서울고등법원,고등법원,민사,판결,손해배상,law.go.kr,/DRF/lawService.do?OC=virtual.esq&target=prec&ID=601473&type=HTML&mobileYn=,2026-09-19 21:38:17.355167,,,
239737,손해배상(국),2021다202224,2023-06-01,2023,6,2,대법원,대법원,민사,판결,손해배상,law.go.kr,/DRF/lawService.do?OC=virtual.esq&target=prec&ID=239737&type=HTML&mobileYn=,2026-09-19 21:38:17.355167,,,
237195,손해배상청구의소[부당 보전처분으로 인한 손해배상책임에서 고의 또는 과실 추정의 번복 및 책임 제한이 문제된 사건],2020다242935,2023-06-01,2023,6,2,대법원,대법원,민사,판결,손해배상,law.go.kr,/DRF/lawService.do?OC=virtual.esq&target=prec&ID=237195&type=HTML&mobileYn=,2026-09-19 21:38:17.355167,,,
239735,손해배상(기)·손해배상(기),2020다238639,2023-06-01,2023,6,2,대법원,대법원,민사,판결,손해배상,law.go.kr,/DRF/lawService.do?OC=virtual.esq&target=prec&ID=239735&type=HTML&mobileYn=,2026-09-19 21:38:17.355167,,,
239729,손해배상(기),2023다203139,2023-06-01,2023,6,2,대법원,대법원,민사,판결,손해배상,law.go.kr,/DRF/lawService.do?OC=virtual.esq&target=prec&ID=239729&type=HTML&mobileYn=,2026-09-19 21:38:17.355167,,,
236951,손해배상(기),2020가합101417,2023-05-31,2023,5,2,서울남부지방법원,지방/기타,민사,판결 : 항소,손해배상,law.go.kr,/DRF/lawService.do?OC=virtual.esq&target=prec&ID=236951&type=HTML&mobileYn=,2026-09-19 21:38:17.355167,,,
239085,손해배상(기),2022나2049398,2023-05-25,2023,5,2,서울고등법원,고등법원,민사,판결,손해배상,law.go.kr,/DRF/lawService.do?OC=virtual.esq&target=prec&ID=239085&type=HTML&mobileYn=,2026-09-19 21:38:17.355167,,,
239761,손해배상청구의소,2022다296387,2023-05-18,2023,5,2,대법원,대법원,민사,판결,손해배상,law.go.kr,/DRF/lawService.do?OC=virtual.esq&target=prec&ID=239761&type=HTML&mobileYn=,2026-09-19 21:38:17.355167,,,
238711,손해배상(기),2022가합21884,2023-05-18,2023,5,2,서울북부지방법원,지방/기타,민사,판결 : 확정,손해배상,law.go.kr,/DRF/lawService.do?OC=virtual.esq&target=prec&ID=238711&type=HTML&mobileYn=,2026-09-19 21:38:17.355167,,,
234775,손해배상(기),2022다230677,2023-05-18,2023,5,2,대법원,대법원,민사,판결,손해배상,law.go.kr,/DRF/lawService.do?OC=virtual.esq&target=prec&ID=234775&type=HTML&mobileYn=,2026-09-19 21:38:17.355167,,,
600413,손해배상(기),2020가단280930,2023-05-17,2023,5,2,서울서부지방법원,지방/기타,민사,판결,손해배상,law.go.kr,/DRF/lawService.do?OC=virtual.esq&target=prec&ID=600413&type=HTML&mobileYn=,2026-09-19 21:38:17.355167,,,
237171,손해배상(산)·손해배상(산),2022나11684,2023-05-12,2023,5,2,서울중앙지방법원,지방/기타,민사,판결 : 확정,손해배상,law.go.kr,/DRF/lawService.do?OC=virtual.esq&target=prec&ID=237171&type=HTML&mobileYn=,2026-09-19 21:38:17.355167,,,
346902,손해배상(기),서울중앙지방법원-2021-가합-596993,2023-05-11,2023,5,2,,지방/기타,민사,,손해배상,law.go.kr,/DRF/lawService.do?OC=virtual.esq&target=prec&ID=346902&type=HTML&mobileYn=,2026-09-19 21:38:17.355167,,,
238323,손해배상(기),2022나2003484,2023-05-10,2023,5,2,서울고등법원,고등법원,민사,판결,손해배상,law.go.kr,/DRF/lawService.do?OC=virtual.esq&target=prec&ID=238323&type=HTML&mobileYn=,2026-09-19 21:38:17.356197,,,
240085,손해배상(기),2021나2011624,2023-05-04,2023,5,2,서울고등법원,고등법원,민사,판결,손해배상,law.go.kr,/DRF/lawService.do?OC=virtual.esq&target=prec&ID=240085&type=HTML&mobileYn=,2026-09-19 21:38:17.356197,,,
350544,징세권남용으로 인한 손해배상의무,서울중앙지방법원-2022-나-19442,2023-05-03,2023,5,2,,지방/기타,민사,,손해배상,law.go.kr,/DRF/lawService.do?OC=virtual.esq&target=prec&ID=350544&type=HTML&mobileYn=,2026-09-19 21:38:17.356197,,,
234641,손해배상(기),2021다262905,2023-04-27,2023,4,2,대법원,대법원,민사,판결,손해배상,law.go.kr,/DRF/lawService.do?OC=virtual.esq&target=prec&ID=234641&type=HTML&mobileYn=,2026-09-19 21:38:17.356197,,,
239777,구상금·손해배상(기),2017다238486,2023-04-27,2023,4,2,대법원,대법원,민사,판결,손해배상,law.go.kr,/DRF/lawService.do?OC=virtual.esq&target=prec&ID=239777&type=HTML&mobileYn=,2026-09-19 21:38:17.356197,,,
234649,손해배상(기),2017다239014,2023-04-27,2023,4,2,대법원,대법원,민사,판결,손해배상,law.go.kr,/DRF/lawService.do?OC=virtual.esq&target=prec&ID=234649&type=HTML&mobileYn=,2026-09-19 21:38:17.356197,,,
234701,자동차관리법위반·자동차손해배상보장법위반,2020도17883,2023-04-27,2023,4,2,대법원,대법원,형사,판결,손해배상,law.go.kr,/DRF/lawService.do?OC=virtual.esq&target=prec&ID=234701&type=HTML&mobileYn=,2026-09-19 21:38:17.356197,,,
601961,손해배상(기),2021가단118892,2023-04-18,2023,4,2,울산지방법원,지방/기타,민사,판결,손해배상,law.go.kr,/DRF/lawService.do?OC=virtual.esq&target=prec&ID=601961&type=HTML&mobileYn=,2026-09-19 21:38:17.356197,,,
238727,손해배상(기),2022나2035757,2023-04-14,2023,4,2,서울고등법원,고등법원,민사,판결,손해배상,law.go.kr,/DRF/lawService.do?OC=virtual.esq&target=prec&ID=238727&type=HTML&mobileYn=,2026-09-19 21:38:17.356197,,,
234583,손해배상(기)등,2017다219232,2023-04-13,2023,4,2,대법원,대법원,민사,판결,손해배상,law.go.kr,/DRF/lawService.do?OC=virtual.esq&target=prec&ID=234583&type=HTML&mobileYn=,2026-09-19 21:38:17.356197,,,
239539,손해배상(기),2022다210000,2023-04-13,2023,4,2,대법원,대법원,민사,판결,손해배상,law.go.kr,/DRF/lawService.do?OC=virtual.esq&target=prec&ID=239539&type=HTML&mobileYn=,2026-09-19 21:38:17.356197,,,
235585,손해배상,2020다253423,2023-04-13,2023,4,2,대법원,대법원,민사,판결,손해배상,law.go.kr,/DRF/lawService.do?OC=virtual.esq&target=prec&ID=235585&type=HTML&mobileYn=,2026-09-19 21:38:17.356197,,,
605217,손해배상(기),2022나48698,2023-04-06,2023,4,2,서울서부지방법원,지방/기타,민사,판결,손해배상,law.go.kr,/DRF/lawService.do?OC=virtual.esq&target=prec&ID=605217&type=HTML&mobileYn=,2026-09-19 21:38:17.356197,,,
622345,손해배상(기),2022나106994,2023-04-04,2023,4,2,대전지방법원,지방/기타,민사,판결,손해배상,law.go.kr,/DRF/lawService.do?OC=virtual.esq&target=prec&ID=622345&type=HTML&mobileYn=,2026-09-19 21:38:17.356197,,,
617199,손해배상(국),2021가합62251,2023-03-30,2023,3,1,광주지방법원,지방/기타,민사,판결,손해배상,law.go.kr,/DRF/lawService.do?OC=virtual.esq&target=prec&ID=617199&type=HTML&mobileYn=,2026-09-19 21:38:17.356197,,,
239545,손해배상(의)·병실퇴거등청구,2022재다300253,2023-03-30,2023,3,1,대법원,대법원,민사,판결,손해배상,law.go.kr,/DRF/lawService.do?OC=virtual.esq&target=prec&ID=239545&type=HTML&mobileYn=,2026-09-19 21:38:17.356197,,,
234447,손해배상(기),2019다280481,2023-03-30,2023,3,1,대법원,대법원,민사,판결,손해배상,law.go.kr,/DRF/lawService.do?OC=virtual.esq&target=prec&ID=234447&type=HTML&mobileYn=,2026-09-19 21:38:17.356197,,,
239553,손해배상등,2022다297335,2023-03-30,2023,3,1,대법원,대법원,민사,판결,손해배상,law.go.kr,/DRF/lawService.do?OC=virtual.esq&target=prec&ID=239553&type=HTML&mobileYn=,2026-09-19 21:38:17.356197,,,
347224,이 사건 합의금의 법적성질이 손해배상인지 여부,대법원-2022-두-66477,2023-03-16,2023,3,1,,지방/기타,일반행정,,손해배상,law.go.kr,/DRF/lawService.do?OC=virtual.esq&target=prec&ID=347224&type=HTML&mobileYn=,2026-09-19 21:38:17.356197,,,
234391,손해배상(자),2022다283305,2023-03-16,2023,3,1,대법원,대법원,민사,판결,손해배상,law.go.kr,/DRF/lawService.do?OC=virtual.esq&target=prec&ID=234391&type=HTML&mobileYn=,2026-09-19 21:38:17.356197,,,
239271,손해배상(기),2019다279788,2023-03-16,2023,3,1,대법원,대법원,민사,판결,손해배상,law.go.kr,/DRF/lawService.do?OC=virtual.esq&target=prec&ID=239271&type=HTML&mobileYn=,2026-09-19 21:38:17.356197,,,
239275,손해배상(기)·부당이득금,2018다227179,2023-03-13,2023,3,1,대법원,대법원,민사,판결,손해배상,law.go.kr,/DRF/lawService.do?OC=virtual.esq&target=prec&ID=239275&type=HTML&mobileYn=,2026-09-19 21:38:17.356197,,,
234333,손해배상(기),2021다202903,2023-03-09,2023,3,1,대법원,대법원,민사,판결,손해배상,law.go.kr,/DRF/lawService.do?OC=virtual.esq&target=prec&ID=234333&type=HTML&mobileYn=,2026-09-19 21:38:17.356197,,,
234331,손해배상(기),2022다228704,2023-03-09,2023,3,1,대법원,대법원,민사,판결,손해배상,law.go.kr,/DRF/lawService.do?OC=virtual.esq&target=prec&ID=234331&type=HTML&mobileYn=,2026-09-19 21:38:17.357198,,,
234339,손해배상(의),2020다218925,2023-03-09,2023,3,1,대법원,대법원,민사,판결,손해배상,law.go.kr,/DRF/lawService.do?OC=virtual.esq&target=prec&ID=234339&type=HTML&mobileYn=,2026-09-19 21:38:17.357198,,,
239561,건물명도(인도)·손해배상(기),2018다287423,2023-02-23,2023,2,1,대법원,대법원,민사,판결,손해배상,law.go.kr,/DRF/lawService.do?OC=virtual.esq&target=prec&ID=239561&type=HTML&mobileYn=,2026-09-19 21:38:17.357198,,,
239569,손해배상(기),2021다304045,2023-02-23,2023,2,1,대법원,대법원,민사,판결,손해배상,law.go.kr,/DRF/lawService.do?OC=virtual.esq&target=prec&ID=239569&type=HTML&mobileYn=,2026-09-19 21:38:17.357198,,,
234947,손해배상(기),2022가단5093918,2023-02-22,2023,2,1,서울중앙지방법원,지방/기타,민사,판결 : 확정,손해배상,law.go.kr,/DRF/lawService.do?OC=virtual.esq&target=prec&ID=234947&type=HTML&mobileYn=,2026-09-19 21:38:17.357198,,,
237161,임가공료·손해배상(기),2021나326548,2023-02-15,2023,2,1,대구지방법원,지방/기타,민사,판결,손해배상,law.go.kr,/DRF/lawService.do?OC=virtual.esq&target=prec&ID=237161&type=HTML&mobileYn=,2026-09-19 21:38:17.357198,,,
238593,손해배상(기),2022나3652,2023-02-14,2023,2,1,서울중앙지방법원,지방/기타,민사,판결,손해배상,law.go.kr,/DRF/lawService.do?OC=virtual.esq&target=prec&ID=238593&type=HTML&mobileYn=,2026-09-19 21:38:17.357198,,,
612017,손해배상(기),2022나2030981,2023-02-09,2023,2,1,서울고등법원,고등법원,민사,판결,손해배상,law.go.kr,/DRF/lawService.do?OC=virtual.esq&target=prec&ID=612017&type=HTML&mobileYn=,2026-09-19 21:38:17.357198,,,
237243,손해배상(기),2022나20265,2023-02-09,2023,2,1,수원고등법원,고등법원,민사,판결,손해배상,law.go.kr,/DRF/lawService.do?OC=virtual.esq&target=prec&ID=237243&type=HTML&mobileYn=,2026-09-19 21:38:17.357198,,,
234427,손해배상(국),2020가단5110659,2023-02-07,2023,2,1,서울중앙지방법원,지방/기타,민사,판결 : 항소,손해배상,law.go.kr,/DRF/lawService.do?OC=virtual.esq&target=prec&ID=234427&type=HTML&mobileYn=,2026-09-19 21:38:17.357198,,,
239583,손해배상(기),2022다275311,2023-02-02,2023,2,1,대법원,대법원,민사,판결,손해배상,law.go.kr,/DRF/lawService.do?OC=virtual.esq&target=prec&ID=239583&type=HTML&mobileYn=,2026-09-19 21:38:17.357198,,,
233883,손해배상(기),2022다260586,2023-02-02,2023,2,1,대법원,대법원,민사,판결,손해배상,law.go.kr,/DRF/lawService.do?OC=virtual.esq&target=prec&ID=233883&type=HTML&mobileYn=,2026-09-19 21:38:17.357198,,,
239587,손해배상(기),2022다273964,2023-02-02,2023,2,1,대법원,대법원,민사,판결,손해배상,law.go.kr,/DRF/lawService.do?OC=virtual.esq&target=prec&ID=239587&type=HTML&mobileYn=,2026-09-19 21:38:17.357198,,,
233875,손해배상(기),2020다270633,2023-02-02,2023,2,1,대법원,대법원,민사,판결,손해배상,law.go.kr,/DRF/lawService.do?OC=virtual.esq&target=prec&ID=233875&type=HTML&mobileYn=,2026-09-19 21:38:17.357198,,,
239595,손해배상(자),2022다268771,2023-02-02,2023,2,1,대법원,대법원,민사,판결,손해배상,law.go.kr,/DRF/lawService.do?OC=virtual.esq&target=prec&ID=239595&type=HTML&mobileYn=,2026-09-19 21:38:17.357198,,,
239581,손해배상(국),2021다211600,2023-02-02,2023,2,1,대법원,대법원,민사,판결,손해배상,law.go.kr,/DRF/lawService.do?OC=virtual.esq&target=prec&ID=239581&type=HTML&mobileYn=,2026-09-19 21:38:17.357198,,,
239607,손해배상(지),2022다270002,2023-01-12,2023,1,1,대법원,대법원,민사,판결,손해배상,law.go.kr,/DRF/lawService.do?OC=virtual.esq&target=prec&ID=239607&type=HTML&mobileYn=,2026-09-19 21:38:17.357198,,,
239599,손해배상(기),2022다272374,2023-01-12,2023,1,1,대법원,대법원,민사,판결,손해배상,law.go.kr,/DRF/lawService.do?OC=virtual.esq&target=prec&ID=239599&type=HTML&mobileYn=,2026-09-19 21:38:17.357198,,,
234721,손해배상,2021다201184,2023-01-12,2023,1,1,대법원,대법원,민사,판결,손해배상,law.go.kr,/DRF/lawService.do?OC=virtual.esq&target=prec&ID=234721&type=HTML&mobileYn=,2026-09-19 21:38:17.357198,,,
237955,손해배상(기),2020다210976,2023-01-12,2023,1,1,대법원,대법원,민사,판결,손해배상,law.go.kr,/DRF/lawService.do?OC=virtual.esq&target=prec&ID=237955&type=HTML&mobileYn=,2026-09-19 21:38:17.357198,,,
232869,손해배상(기),2019다272275,2022-12-29,2022,12,4,대법원,대법원,민사,판결,손해배상,law.go.kr,/DRF/lawService.do?OC=virtual.esq&target=prec&ID=232869&type=HTML&mobileYn=,2026-09-19 21:38:17.357198,,,
233041,손해배상(의)[다발성 간농양 진단을 받은 망인을 상대로 피고 병원 의료진이 경피적 배액술만 시도하고 외과적 배액술을 시도하지 않다가 사망에 이르게 한 사안에서 유족들인 원고들이 의료과실을 주장하며 손해배상을 청구한 사건],2022다264434,2022-12-29,2022,12,4,대법원,대법원,민사,판결,손해배상,law.go.kr,/DRF/lawService.do?OC=virtual.esq&target=prec&ID=233041&type=HTML&mobileYn=,2026-09-19 21:38:17.357198,,,
239611,손해배상(기),2022다263448,2022-12-29,2022,12,4,대법원,대법원,민사,판결,손해배상,law.go.kr,/DRF/lawService.do?OC=virtual.esq&target=prec&ID=239611&type=HTML&mobileYn=,2026-09-19 21:38:17.357198,,,
234625,손해배상(기),2022가합203334,2022-12-22,2022,12,4,대구지방법원,지방/기타,민사,판결 : 확정,손해배상,law.go.kr,/DRF/lawService.do?OC=virtual.esq&target=prec&ID=234625&type=HTML&mobileYn=,2026-09-19 21:38:17.357198,,,
622347,손해배상(기),2022가단5026154,2022-12-20,2022,12,4,서울중앙지방법원,지방/기타,민사,판결,손해배상,law.go.kr,/DRF/lawService.do?OC=virtual.esq&target=prec&ID=622347&type=HTML&mobileYn=,2026-09-19 21:38:17.358197,,,
232749,손해배상(자),2022다262209,2022-12-16,2022,12,4,대법원,대법원,민사,판결,손해배상,law.go.kr,/DRF/lawService.do?OC=virtual.esq&target=prec&ID=232749&type=HTML&mobileYn=,2026-09-19 21:38:17.358197,,,
232771,손해배상(기),2022다247750,2022-12-15,2022,12,4,대법원,대법원,민사,판결,손해배상,law.go.kr,/DRF/lawService.do?OC=virtual.esq&target=prec&ID=232771&type=HTML&mobileYn=,2026-09-19 21:38:17.358197,,,
600343,손해배상(기),2021나2046811,2022-12-15,2022,12,4,서울고등법원,고등법원,민사,판결,손해배상,law.go.kr,/DRF/lawService.do?OC=virtual.esq&target=prec&ID=600343&type=HTML&mobileYn=,2026-09-19 21:38:17.358197,,,
605689,손해배상(기),2020가단1922,2022-12-14,2022,12,4,춘천지방법원,지방/기타,민사,판결,손해배상,law.go.kr,/DRF/lawService.do?OC=virtual.esq&target=prec&ID=605689&type=HTML&mobileYn=,2026-09-19 21:38:17.358197,,,
345222,담당공무원의 직무 집행 과정에서 발생한 원고의 손해에 대해 국가배상책임이 성립하는지 여부,수원지방법원-2022-가단-507601,2022-12-14,2022,12,4,,지방/기타,민사,,손해배상,law.go.kr,/DRF/lawService.do?OC=virtual.esq&target=prec&ID=345222&type=HTML&mobileYn=,2026-09-19 21:38:17.358197,,,
618505,손해배상(기),2015가합22446,2022-12-09,2022,12,4,서울중앙지방법원,지방/기타,민사,판결,손해배상,law.go.kr,/DRF/lawService.do?OC=virtual.esq&target=prec&ID=618505&type=HTML&mobileYn=,2026-09-19 21:38:17.358197,,,
238849,손해배상(기),2021가합597309,2022-12-07,2022,12,4,서울중앙지방법원,지방/기타,민사,판결,손해배상,law.go.kr,/DRF/lawService.do?OC=virtual.esq&target=prec&ID=238849&type=HTML&mobileYn=,2026-09-19 21:38:17.358197,,,
232563,손해배상(기),2020다280685,2022-12-01,2022,12,4,대법원,대법원,민사,판결,손해배상,law.go.kr,/DRF/lawService.do?OC=virtual.esq&target=prec&ID=232563&type=HTML&mobileYn=,2026-09-19 21:38:17.358197,,,
239633,손해배상등청구·손해배상등청구,2022다265772,2022-12-01,2022,12,4,대법원,대법원,민사,판결,손해배상,law.go.kr,/DRF/lawService.do?OC=virtual.esq&target=prec&ID=239633&type=HTML&mobileYn=,2026-09-19 21:38:17.358197,,,
346100,소송사기로 인한 손해배상 청구,서울북부지방법원-2022-가소-384445,2022-12-01,2022,12,4,,지방/기타,민사,,손해배상,law.go.kr,/DRF/lawService.do?OC=virtual.esq&target=prec&ID=346100&type=HTML&mobileYn=,2026-09-19 21:38:17.358197,,,
232581,손해배상(기)·손해배상(기),2017다841,2022-11-30,2022,11,4,대법원,대법원,민사,판결,손해배상,law.go.kr,/DRF/lawService.do?OC=virtual.esq&target=prec&ID=232581&type=HTML&mobileYn=,2026-09-19 21:38:17.358197,,,
239637,손해배상(기),2019다216879,2022-11-30,2022,11,4,대법원,대법원,민사,판결,손해배상,law.go.kr,/DRF/lawService.do?OC=virtual.esq&target=prec&ID=239637&type=HTML&mobileYn=,2026-09-19 21:38:17.358197,,,
239635,손해배상(기),2018다247715,2022-11-30,2022,11,4,대법원,대법원,민사,판결,손해배상,law.go.kr,/DRF/lawService.do?OC=virtual.esq&target=prec&ID=239635&type=HTML&mobileYn=,2026-09-19 21:38:17.358197,,,
232579,손해배상(기)·손해배상(기)·손해배상(기)[국가가 노동조합 및 노동조합 지도부 등을 상대로 불법적인 농성 진압 과정에서 입은 손해의 배상을 구한 사건],2016다26662,2022-11-30,2022,11,4,대법원,대법원,민사,판결,손해배상,law.go.kr,/DRF/lawService.do?OC=virtual.esq&target=prec&ID=232579&type=HTML&mobileYn=,2026-09-19 21:38:17.358197,,,
346552,(무변론판결) 손해배상,서부지원-2022-가단-110689,2022-11-25,2022,11,4,,지방/기타,민사,,손해배상,law.go.kr,/DRF/lawService.do?OC=virtual.esq&target=prec&ID=346552&type=HTML&mobileYn=,2026-09-19 21:38:17.358197,,,
238713,손해배상(의),2022나309014,2022-11-23,2022,11,4,대구지방법원,지방/기타,민사,판결,손해배상,law.go.kr,/DRF/lawService.do?OC=virtual.esq&target=prec&ID=238713&type=HTML&mobileYn=,2026-09-19 21:38:17.358197,,,
239641,손해배상(기),2022다261299,2022-11-17,2022,11,4,대법원,대법원,민사,판결,손해배상,law.go.kr,/DRF/lawService.do?OC=virtual.esq&target=prec&ID=239641&type=HTML&mobileYn=,2026-09-19 21:38:17.358197,,,
237263,손해배상(의),2021나16162,2022-11-17,2022,11,4,서울고등법원인천재판부,고등법원,민사,판결,손해배상,law.go.kr,/DRF/lawService.do?OC=virtual.esq&target=prec&ID=237263&type=HTML&mobileYn=,2026-09-19 21:38:17.358197,,,
232015,영업비밀침해금지등청구의소[부정한 수단으로 토마토 원종을 취득해 토마토 종자를 생산하는 행위의 금지 및 손해배상을 구하는 사건],2022다242786,2022-11-17,2022,11,4,대법원,대법원,민사,판결,손해배상,law.go.kr,/DRF/lawService.do?OC=virtual.esq&target=prec&ID=232015&type=HTML&mobileYn=,2026-09-19 21:38:17.358197,,,
232021,손해배상[법무법인에 소송대리를 위임한 의뢰인과 그의 대리인이 담당변호사의 잘못된 답변을 믿고 행위한 탓에 형사처벌을 받았다고 주장하면서 그 담당변호사를 상대로 불법행위를 이유로 한 손해배상을 청구한 사건],2018다300364,2022-11-17,2022,11,4,대법원,대법원,민사,판결,손해배상,law.go.kr,/DRF/lawService.do?OC=virtual.esq&target=prec&ID=232021&type=HTML&mobileYn=,2026-09-19 21:38:17.358197,,,
239121,손해배상(기),2021가합522480,2022-11-17,2022,11,4,서울중앙지방법원,지방/기타,민사,판결,손해배상,law.go.kr,/DRF/lawService.do?OC=virtual.esq&target=prec&ID=239121&type=HTML&mobileYn=,2026-09-19 21:38:17.358197,,,
239655,손해배상(기),2022다261534,2022-11-10,2022,11,4,대법원,대법원,민사,판결,손해배상,law.go.kr,/DRF/lawService.do?OC=virtual.esq&target=prec&ID=239655&type=HTML&mobileYn=,2026-09-19 21:38:17.358197,,,
231981,손해배상(기),2022다255607,2022-11-10,2022,11,4,대법원,대법원,민사,판결,손해배상,law.go.kr,/DRF/lawService.do?OC=virtual.esq&target=prec&ID=231981&type=HTML&mobileYn=,2026-09-19 21:38:17.358197,,,
231777,손해배상(기)·손해배상(기),2022다4199,2022-10-27,2022,10,4,대법원,대법원,민사,판결,손해배상,law.go.kr,/DRF/lawService.do?OC=virtual.esq&target=prec&ID=231777&type=HTML&mobileYn=,2026-09-19 21:38:17.358197,,,
237645,손해배상(기),2021다250735,2022-10-14,2022,10,4,대법원,대법원,민사,판결,손해배상,law.go.kr,/DRF/lawService.do?OC=virtual.esq&target=prec&ID=237645&type=HTML&mobileYn=,2026-09-19 21:38:17.358197,,,
238511,손해배상(주식매매대금반환),2021나90763,2022-10-14,2022,10,4,수원지방법원,지방/기타,민사,판결,손해배상,law.go.kr,/DRF/lawService.do?OC=virtual.esq&target=prec&ID=238511&type=HTML&mobileYn=,2026-09-19 21:38:17.358197,,,
237641,손해배상(기),2019다266638,2022-10-14,2022,10,4,대법원,대법원,민사,판결,손해배상,law.go.kr,/DRF/lawService.do?OC=virtual.esq&target=prec&ID=237641&type=HTML&mobileYn=,2026-09-19 21:38:17.358197,,,
616723,손해배상(기),2022나12936,2022-10-13,2022,10,4,수원고등법원,고등법원,민사,판결,손해배상,law.go.kr,/DRF/lawService.do?OC=virtual.esq&target=prec&ID=616723&type=HTML&mobileYn=,2026-09-19 21:38:17.358197,,,
239831,손해배상등청구의소,2020가합114857,2022-09-30,2022,9,3,서울남부지방법원,지방/기타,민사,판결,손해배상,law.go.kr,/DRF/lawService.do?OC=virtual.esq&target=prec&ID=239831&type=HTML&mobileYn=,2026-09-19 21:38:17.358197,,,
231451,손해배상(국),2018다224408,2022-09-29,2022,9,3,대법원,대법원,민사,판결,손해배상,law.go.kr,/DRF/lawService.do?OC=virtual.esq&target=prec&ID=231451&type=HTML&mobileYn=,2026-09-19 21:38:17.358197,,,
237025,손해배상(기),2018다27539,2022-09-29,2022,9,3,대법원,대법원,민사,판결,손해배상,law.go.kr,/DRF/lawService.do?OC=virtual.esq&target=prec&ID=237025&type=HTML&mobileYn=,2026-09-19 21:38:17.358197,,,
338200,손해배상(기),대법원-2022-다-251841,2022-09-29,2022,9,3,,지방/기타,민사,,손해배상,law.go.kr,/DRF/lawService.do?OC=virtual.esq&target=prec&ID=338200&type=HTML&mobileYn=,2026-09-19 21:38:17.358197,,,
342528,손해배상(국),서울고등법원-2022-나-2005749,2022-09-28,2022,9,3,,지방/기타,민사,,손해배상,law.go.kr,/DRF/lawService.do?OC=virtual.esq&target=prec&ID=342528&type=HTML&mobileYn=,2026-09-19 21:38:17.358197,,,
605215,손해배상(기),2022가단211204,2022-09-23,2022,9,3,서울서부지방법원,지방/기타,민사,판결,손해배상,law.go.kr,/DRF/lawService.do?OC=virtual.esq&target=prec&ID=605215&type=HTML&mobileYn=,2026-09-19 21:38:17.358197,,,
238359,손해배상(기),2021나211038,2022-09-22,2022,9,3,의정부지방법원,지방/기타,민사,판결,손해배상,law.go.kr,/DRF/lawService.do?OC=virtual.esq&target=prec&ID=238359&type=HTML&mobileYn=,2026-09-19 21:38:17.358197,,,
234491,손해배상(자),2021나57492,2022-09-22,2022,9,3,서울중앙지방법원,지방/기타,민사,판결,손해배상,law.go.kr,/DRF/lawService.do?OC=virtual.esq&target=prec&ID=234491&type=HTML&mobileYn=,2026-09-19 21:38:17.358197,,,
343292,원고 회사가 지급한 손해배상금이 손금산입 대상인지 여부,춘천지방법원-2021-구합-30943,2022-09-20,2022,9,3,,지방/기타,일반행정,,손해배상,law.go.kr,/DRF/lawService.do?OC=virtual.esq&target=prec&ID=343292&type=HTML&mobileYn=,2026-09-19 21:38:17.358197,,,
235605,손해배상(기),2021다295165,2022-09-16,2022,9,3,대법원,대법원,민사,판결,손해배상,law.go.kr,/DRF/lawService.do?OC=virtual.esq&target=prec&ID=235605&type=HTML&mobileYn=,2026-09-19 21:38:17.358197,,,
231017,"구상금[피고들이 구제역으로 인한 이동제한명령을 위반하여 구제역이 확산되자, 지방자치단체인 원고가 가축 소유자에게 살처분 보상금 등을 지급하고 피고들을 상대로 불법행위로 인한 손해배상을 청구한 사건]",2017다247589,2022-09-16,2022,9,3,대법원,대법원,민사,판결,손해배상,law.go.kr,/DRF/lawService.do?OC=virtual.esq&target=prec&ID=231017&type=HTML&mobileYn=,2026-09-19 21:38:17.358197,,,
238517,손해배상(기),2019나32162,2022-09-16,2022,9,3,서울중앙지방법원,지방/기타,민사,판결,손해배상,law.go.kr,/DRF/lawService.do?OC=virtual.esq&target=prec&ID=238517&type=HTML&mobileYn=,2026-09-19 21:38:17.358197,,,
618241,손해배상(기)·손해배상(기),2018나24881,2022-09-14,2022,9,3,광주고등법원,고등법원,민사,판결,손해배상,law.go.kr,/DRF/lawService.do?OC=virtual.esq&target=prec&ID=618241&type=HTML&mobileYn=,2026-09-19 21:38:17.358197,,,
232835,손해배상(기),2021나150,2022-09-08,2022,9,3,대전지방법원,지방/기타,민사,판결 : 상고,손해배상,law.go.kr,/DRF/lawService.do?OC=virtual.esq&target=prec&ID=232835&type=HTML&mobileYn=,2026-09-19 21:38:17.358197,,,
230977,손해배상(기),2022다237098,2022-09-07,2022,9,3,대법원,대법원,민사,판결,손해배상,law.go.kr,/DRF/lawService.do?OC=virtual.esq&target=prec&ID=230977&type=HTML&mobileYn=,2026-09-19 21:38:17.358197,,,
235613,손해배상청구의소,2020다270909,2022-09-07,2022,9,3,대법원,대법원,민사,판결,손해배상,law.go.kr,/DRF/lawService.do?OC=virtual.esq&target=prec&ID=235613&type=HTML&mobileYn=,2026-09-19 21:38:17.359197,,,
235611,손해배상(기),2019다241455,2022-09-07,2022,9,3,대법원,대법원,민사,판결,손해배상,law.go.kr,/DRF/lawService.do?OC=virtual.esq&target=prec&ID=235611&type=HTML&mobileYn=,2026-09-19 21:38:17.359197,,,
231011,손해배상(기),2022다228056,2022-09-07,2022,9,3,대법원,대법원,민사,판결,손해배상,law.go.kr,/DRF/lawService.do?OC=virtual.esq&target=prec&ID=231011&type=HTML&mobileYn=,2026-09-19 21:38:17.359197,,,
235615,손해배상(지),2021다280835,2022-09-07,2022,9,3,대법원,대법원,민사,판결,손해배상,law.go.kr,/DRF/lawService.do?OC=virtual.esq&target=prec&ID=235615&type=HTML&mobileYn=,2026-09-19 21:38:17.359197,,,
607201,손해배상(국),2022나12622,2022-09-02,2022,9,3,수원고등법원,고등법원,민사,판결,손해배상,law.go.kr,/DRF/lawService.do?OC=virtual.esq&target=prec&ID=607201&type=HTML&mobileYn=,2026-09-19 21:38:17.359197,,,
237081,손해배상(기),2017다256200,2022-08-31,2022,8,3,대법원,대법원,민사,판결,손해배상,law.go.kr,/DRF/lawService.do?OC=virtual.esq&target=prec&ID=237081&type=HTML&mobileYn=,2026-09-19 21:38:17.359197,,,
237017,손해배상(기),2022다233607,2022-08-31,2022,8,3,대법원,대법원,민사,판결,손해배상,law.go.kr,/DRF/lawService.do?OC=virtual.esq&target=prec&ID=237017&type=HTML&mobileYn=,2026-09-19 21:38:17.359197,,,
235321,손해배상(기),2019다298482,2022-08-31,2022,8,3,대법원,대법원,민사,판결,손해배상,law.go.kr,/DRF/lawService.do?OC=virtual.esq&target=prec&ID=235321&type=HTML&mobileYn=,2026-09-19 21:38:17.359197,,,
231757,손해배상(기),2018다212610,2022-08-30,2022,8,3,대법원,대법원,민사,전원합의체 판결,손해배상,law.go.kr,/DRF/lawService.do?OC=virtual.esq&target=prec&ID=231757&type=HTML&mobileYn=,2026-09-19 21:38:17.359197,,,
337728,이 사건 손해배상금은 양도대금의 일부임,서울고등법원-2022-누-32100,2022-08-26,2022,8,3,,지방/기타,일반행정,,손해배상,law.go.kr,/DRF/lawService.do?OC=virtual.esq&target=prec&ID=337728&type=HTML&mobileYn=,2026-09-19 21:38:17.359197,,,
233945,손해배상(기),2019다229202,2022-08-25,2022,8,3,대법원,대법원,민사,전원합의체 판결,손해배상,law.go.kr,/DRF/lawService.do?OC=virtual.esq&target=prec&ID=233945&type=HTML&mobileYn=,2026-09-19 21:38:17.359197,,,
230887,손해배상(기),2018다261605,2022-08-25,2022,8,3,대법원,대법원,민사,판결,손해배상,law.go.kr,/DRF/lawService.do?OC=virtual.esq&target=prec&ID=230887&type=HTML&mobileYn=,2026-09-19 21:38:17.359197,,,
234425,손해배상(기)·손해배상(기)·손해배상(기),2020나2032211,2022-08-25,2022,8,3,서울고등법원,고등법원,민사,판결 : 상고,손해배상,law.go.kr,/DRF/lawService.do?OC=virtual.esq&target=prec&ID=234425&type=HTML&mobileYn=,2026-09-19 21:38:17.359197,,,
238745,손해배상(기),2021가합583102,2022-08-24,2022,8,3,서울중앙지방법원,지방/기타,민사,판결,손해배상,law.go.kr,/DRF/lawService.do?OC=virtual.esq&target=prec&ID=238745&type=HTML&mobileYn=,2026-09-19 21:38:17.359197,,,
228545,손해배상등청구의소,2020다263574,2022-08-19,2022,8,3,대법원,대법원,민사,판결,손해배상,law.go.kr,/DRF/lawService.do?OC=virtual.esq&target=prec&ID=228545&type=HTML&mobileYn=,2026-09-19 21:38:17.359197,,,
228555,손해배상(기),2022다227688,2022-08-11,2022,8,3,대법원,대법원,민사,판결,손해배상,law.go.kr,/DRF/lawService.do?OC=virtual.esq&target=prec&ID=228555&type=HTML&mobileYn=,2026-09-19 21:38:17.359197,,,
228551,손해배상(기)[임대인의 철거·재건축계획의 고지행위에 관하여 종전 임차인이 권리금 회수방해를 원인으로 한 손해배상을 청구한 사건],2022다202498,2022-08-11,2022,8,3,대법원,대법원,민사,판결,손해배상,law.go.kr,/DRF/lawService.do?OC=virtual.esq&target=prec&ID=228551&type=HTML&mobileYn=,2026-09-19 21:38:17.359197,,,
336364,손해배상 의무,성남지원-2021-가단-231030,2022-08-10,2022,8,3,,지방/기타,민사,,손해배상,law.go.kr,/DRF/lawService.do?OC=virtual.esq&target=prec&ID=336364&type=HTML&mobileYn=,2026-09-19 21:38:17.359197,,,
227715,손해배상(자),2022다225910,2022-07-28,2022,7,3,대법원,대법원,민사,판결,손해배상,law.go.kr,/DRF/lawService.do?OC=virtual.esq&target=prec&ID=227715&type=HTML&mobileYn=,2026-09-19 21:38:17.359197,,,
235353,손해배상(기),2019다230721,2022-07-28,2022,7,3,대법원,대법원,민사,판결,손해배상,law.go.kr,/DRF/lawService.do?OC=virtual.esq&target=prec&ID=235353&type=HTML&mobileYn=,2026-09-19 21:38:17.359197,,,
227699,손해배상(기)·손해배상(기),2017다16747,2022-07-28,2022,7,3,대법원,대법원,민사,판결,손해배상,law.go.kr,/DRF/lawService.do?OC=virtual.esq&target=prec&ID=227699&type=HTML&mobileYn=,2026-09-19 21:38:17.359197,,,
237077,손해배상(기),2019다202153,2022-07-28,2022,7,3,대법원,대법원,민사,판결,손해배상,law.go.kr,/DRF/lawService.do?OC=virtual.esq&target=prec&ID=237077&type=HTML&mobileYn=,2026-09-19 21:38:17.359197,,,
227709,손해배상,2019다202146,2022-07-28,2022,7,3,대법원,대법원,민사,판결,손해배상,law.go.kr,/DRF/lawService.do?OC=virtual.esq&target=prec&ID=227709&type=HTML&mobileYn=,2026-09-19 21:38:17.359197,,,
237269,손해배상(기),2021가합11925,2022-07-21,2022,7,3,수원지방법원평택지원,지방/기타,민사,판결,손해배상,law.go.kr,/DRF/lawService.do?OC=virtual.esq&target=prec&ID=237269&type=HTML&mobileYn=,2026-09-19 21:38:17.359197,,,
233509,손해배상(의),2020나2044191,2022-07-21,2022,7,3,서울고등법원,고등법원,민사,판결,손해배상,law.go.kr,/DRF/lawService.do?OC=virtual.esq&target=prec&ID=233509&type=HTML&mobileYn=,2026-09-19 21:38:17.359197,,,
223803,손해배상(기)·위약벌,2018다248855,2022-07-21,2022,7,3,대법원,대법원,민사,전원합의체 판결,손해배상,law.go.kr,/DRF/lawService.do?OC=virtual.esq&target=prec&ID=223803&type=HTML&mobileYn=,2026-09-19 21:38:17.359197,,,
334772,제3채무자가 압류의 처분금지 효력에 반하여 채무자에게 소유권이전등기를 하여 준 결과 채권자가 손해를 입은 경우 제3채무자는 그 손해를 배상하여야 함,서울중앙지방법원-2021-가단-5274956,2022-07-20,2022,7,3,,지방/기타,민사,,손해배상,law.go.kr,/DRF/lawService.do?OC=virtual.esq&target=prec&ID=334772&type=HTML&mobileYn=,2026-09-19 21:38:17.359197,,,
350232,배당표가 부당하게 작성되었을 경우 차순위 채권자의 손해배상청구 가부,서울중앙지방법원-2021-가단-5240045,2022-07-20,2022,7,3,,지방/기타,민사,,손해배상,law.go.kr,/DRF/lawService.do?OC=virtual.esq&target=prec&ID=350232&type=HTML&mobileYn=,2026-09-19 21:38:17.359197,,,
239481,손해배상(기),2021나2012344,2022-07-15,2022,7,3,서울고등법원,고등법원,민사,판결,손해배상,law.go.kr,/DRF/lawService.do?OC=virtual.esq&target=prec&ID=239481&type=HTML&mobileYn=,2026-09-19 21:38:17.359197,,,
227275,손해배상(기),2017다266771,2022-07-14,2022,7,3,대법원,대법원,민사,판결,손해배상,law.go.kr,/DRF/lawService.do?OC=virtual.esq&target=prec&ID=227275&type=HTML&mobileYn=,2026-09-19 21:38:17.359197,,,
227281,손해배상(기) [양계업자인 원고가 동물의약품 제조·판매업자인 피고를 상대로 피고가 제조한 동물의약품에 표시상의 결함을 주장하면서 손해배상을 구하는 사건],2017다213289,2022-07-14,2022,7,3,대법원,대법원,민사,판결,손해배상,law.go.kr,/DRF/lawService.do?OC=virtual.esq&target=prec&ID=227281&type=HTML&mobileYn=,2026-09-19 21:38:17.359197,,,
223815,손해배상(기),2022다206391,2022-07-14,2022,7,3,대법원,대법원,민사,판결,손해배상,law.go.kr,/DRF/lawService.do?OC=virtual.esq&target=prec&ID=223815&type=HTML&mobileYn=,2026-09-19 21:38:17.360203,,,
223845,손해배상,2019다271661,2022-07-14,2022,7,3,대법원,대법원,민사,판결,손해배상,law.go.kr,/DRF/lawService.do?OC=virtual.esq&target=prec&ID=223845&type=HTML&mobileYn=,2026-09-19 21:38:17.360203,,,
223839,손해배상(기),2017다242232,2022-07-14,2022,7,3,대법원,대법원,민사,판결,손해배상,law.go.kr,/DRF/lawService.do?OC=virtual.esq&target=prec&ID=223839&type=HTML&mobileYn=,2026-09-19 21:38:17.360203,,,
235415,손해배상(기),2022다226104,2022-07-14,2022,7,3,대법원,대법원,민사,판결,손해배상,law.go.kr,/DRF/lawService.do?OC=virtual.esq&target=prec&ID=235415&type=HTML&mobileYn=,2026-09-19 21:38:17.360203,,,
235401,손해배상(기),2021다280392,2022-07-14,2022,7,3,대법원,대법원,민사,판결,손해배상,law.go.kr,/DRF/lawService.do?OC=virtual.esq&target=prec&ID=235401&type=HTML&mobileYn=,2026-09-19 21:38:17.360203,,,
235405,손해배상(기),2022다212273,2022-07-14,2022,7,3,대법원,대법원,민사,판결,손해배상,law.go.kr,/DRF/lawService.do?OC=virtual.esq&target=prec&ID=235405&type=HTML&mobileYn=,2026-09-19 21:38:17.360203,,,
235413,손해배상(기),2022다222881,2022-07-14,2022,7,3,대법원,대법원,민사,판결,손해배상,law.go.kr,/DRF/lawService.do?OC=virtual.esq&target=prec&ID=235413&type=HTML&mobileYn=,2026-09-19 21:38:17.360203,,,
235397,손해배상(기),2020다253287,2022-07-14,2022,7,3,대법원,대법원,민사,판결,손해배상,law.go.kr,/DRF/lawService.do?OC=virtual.esq&target=prec&ID=235397&type=HTML&mobileYn=,2026-09-19 21:38:17.360203,,,
223807,손해배상(자),2020다230857,2022-07-14,2022,7,3,대법원,대법원,민사,판결,손해배상,law.go.kr,/DRF/lawService.do?OC=virtual.esq&target=prec&ID=223807&type=HTML&mobileYn=,2026-09-19 21:38:17.360203,,,
235387,손해배상(기),2018다214562,2022-07-14,2022,7,3,대법원,대법원,민사,판결,손해배상,law.go.kr,/DRF/lawService.do?OC=virtual.esq&target=prec&ID=235387&type=HTML&mobileYn=,2026-09-19 21:38:17.360203,,,
223817,매매대금·손해배상(기),2022다225767,2022-07-14,2022,7,3,대법원,대법원,민사,판결,손해배상,law.go.kr,/DRF/lawService.do?OC=virtual.esq&target=prec&ID=223817&type=HTML&mobileYn=,2026-09-19 21:38:17.360203,,,
227273,손해배상(기),2017다290538,2022-07-14,2022,7,3,대법원,대법원,민사,판결,손해배상,law.go.kr,/DRF/lawService.do?OC=virtual.esq&target=prec&ID=227273&type=HTML&mobileYn=,2026-09-19 21:38:17.361198,,,
612015,손해배상(기),2021가합113506,2022-07-13,2022,7,3,서울동부지방법원,지방/기타,민사,판결,손해배상,law.go.kr,/DRF/lawService.do?OC=virtual.esq&target=prec&ID=612015&type=HTML&mobileYn=,2026-09-19 21:38:17.361198,,,
347024,손해배상금,서울남부지방법원-2021-나-60296,2022-07-07,2022,7,3,,지방/기타,민사,,손해배상,law.go.kr,/DRF/lawService.do?OC=virtual.esq&target=prec&ID=347024&type=HTML&mobileYn=,2026-09-19 21:38:17.361198,,,
233341,손해배상(자),2021나50355,2022-07-06,2022,7,3,인천지방법원,지방/기타,민사,판결,손해배상,law.go.kr,/DRF/lawService.do?OC=virtual.esq&target=prec&ID=233341&type=HTML&mobileYn=,2026-09-19 21:38:17.361198,,,
234029,손해배상(기),2021나37046,2022-07-05,2022,7,3,서울북부지방법원,지방/기타,민사,판결,손해배상,law.go.kr,/DRF/lawService.do?OC=virtual.esq&target=prec&ID=234029&type=HTML&mobileYn=,2026-09-19 21:38:17.361198,,,
241167,손해배상(기)·손해배상(기),2020르3906,2022-06-30,2022,6,2,수원가정법원,지방/기타,가사,판결,손해배상,law.go.kr,/DRF/lawService.do?OC=virtual.esq&target=prec&ID=241167&type=HTML&mobileYn=,2026-09-19 21:38:17.361198,,,
223345,확약서무효확인의소·손해배상(기),2019다246696,2022-06-30,2022,6,2,대법원,대법원,민사,판결,손해배상,law.go.kr,/DRF/lawService.do?OC=virtual.esq&target=prec&ID=223345&type=HTML&mobileYn=,2026-09-19 21:38:17.361198,,,
223343,손해배상(기),2018다276218,2022-06-30,2022,6,2,대법원,대법원,민사,판결,손해배상,law.go.kr,/DRF/lawService.do?OC=virtual.esq&target=prec&ID=223343&type=HTML&mobileYn=,2026-09-19 21:38:17.361198,,,
223319,손해배상(기),2022다206384,2022-06-30,2022,6,2,대법원,대법원,민사,판결,손해배상,law.go.kr,/DRF/lawService.do?OC=virtual.esq&target=prec&ID=223319&type=HTML&mobileYn=,2026-09-19 21:38:17.361198,,,
348010,손해배상(기),대법원-2022-다-215807,2022-06-16,2022,6,2,,지방/기타,민사,,손해배상,law.go.kr,/DRF/lawService.do?OC=virtual.esq&target=prec&ID=348010&type=HTML&mobileYn=,2026-09-19 21:38:17.361198,,,
222693,손해배상(기),2022다204708,2022-06-16,2022,6,2,대법원,대법원,민사,판결,손해배상,law.go.kr,/DRF/lawService.do?OC=virtual.esq&target=prec&ID=222693&type=HTML&mobileYn=,2026-09-19 21:38:17.361198,,,
222699,손해배상(자),2017다289538,2022-06-16,2022,6,2,대법원,대법원,민사,판결,손해배상,law.go.kr,/DRF/lawService.do?OC=virtual.esq&target=prec&ID=222699&type=HTML&mobileYn=,2026-09-19 21:38:17.361198,,,
235445,공사대금·손해배상(기),2022다211645,2022-06-16,2022,6,2,대법원,대법원,민사,판결,손해배상,law.go.kr,/DRF/lawService.do?OC=virtual.esq&target=prec&ID=235445&type=HTML&mobileYn=,2026-09-19 21:38:17.361198,,,
235443,손해배상(자),2022다211393,2022-06-16,2022,6,2,대법원,대법원,민사,판결,손해배상,law.go.kr,/DRF/lawService.do?OC=virtual.esq&target=prec&ID=235443&type=HTML&mobileYn=,2026-09-19 21:38:17.361198,,,
232671,손해배상(기),2021나68650,2022-06-15,2022,6,2,수원지방법원,지방/기타,민사,판결,손해배상,law.go.kr,/DRF/lawService.do?OC=virtual.esq&target=prec&ID=232671&type=HTML&mobileYn=,2026-09-19 21:38:17.361198,,,
222713,손해배상(기),2020다208997,2022-06-09,2022,6,2,대법원,대법원,민사,판결,손해배상,law.go.kr,/DRF/lawService.do?OC=virtual.esq&target=prec&ID=222713&type=HTML&mobileYn=,2026-09-19 21:38:17.361198,,,
603435,손해배상(기),2021나2032119,2022-06-08,2022,6,2,서울고등법원,고등법원,민사,판결,손해배상,law.go.kr,/DRF/lawService.do?OC=virtual.esq&target=prec&ID=603435&type=HTML&mobileYn=,2026-09-19 21:38:17.361198,,,
221987,손해배상[정수기 제조업자인 피고가 정수기에서 중금속인 니켈이 검출된 사실을 인지하였음에도 피고로부터 동종의 정수기를 임차 또는 매수하여 사용하는 원고들에게 니켈 검출 사실을 알리지 않은 사안에서 원고들이 피고의 고지의무 위반을 이유로 피고에게 위자료 지급을 구하는 사건],2020다215124,2022-05-26,2022,5,2,대법원,대법원,민사,판결,손해배상,law.go.kr,/DRF/lawService.do?OC=virtual.esq&target=prec&ID=221987&type=HTML&mobileYn=,2026-09-19 21:38:17.361198,,,
221997,손해배상(기),2021다300791,2022-05-26,2022,5,2,대법원,대법원,민사,판결,손해배상,law.go.kr,/DRF/lawService.do?OC=virtual.esq&target=prec&ID=221997&type=HTML&mobileYn=,2026-09-19 21:38:17.361198,,,
235465,손해배상등,2020다226452,2022-05-26,2022,5,2,대법원,대법원,민사,판결,손해배상,law.go.kr,/DRF/lawService.do?OC=virtual.esq&target=prec&ID=235465&type=HTML&mobileYn=,2026-09-19 21:38:17.361198,,,
221993,토지인도등·손해배상금,2021다216421,2022-05-26,2022,5,2,대법원,대법원,민사,판결,손해배상,law.go.kr,/DRF/lawService.do?OC=virtual.esq&target=prec&ID=221993&type=HTML&mobileYn=,2026-09-19 21:38:17.361198,,,
221977,손해배상(기)[건강보조식품 판매업자의 보호의무],2022다211089,2022-05-26,2022,5,2,대법원,대법원,민사,판결,손해배상,law.go.kr,/DRF/lawService.do?OC=virtual.esq&target=prec&ID=221977&type=HTML&mobileYn=,2026-09-19 21:38:17.361198,,,
221955,손해배상및부당이득금반환,2017다238141,2022-05-26,2022,5,2,대법원,대법원,민사,판결,손해배상,law.go.kr,/DRF/lawService.do?OC=virtual.esq&target=prec&ID=221955&type=HTML&mobileYn=,2026-09-19 21:38:17.361198,,,
346266,손해배상 청구에 따라 지급한 금원이 매입세액 공제대상인지 여부,서울행정법원-2021-구합-75665,2022-05-24,2022,5,2,,지방/기타,일반행정,,손해배상,law.go.kr,/DRF/lawService.do?OC=virtual.esq&target=prec&ID=346266&type=HTML&mobileYn=,2026-09-19 21:38:17.361198,,,
231029,손해배상(기),2021나2038063,2022-05-20,2022,5,2,서울고등법원,고등법원,민사,판결 : 상고,손해배상,law.go.kr,/DRF/lawService.do?OC=virtual.esq&target=prec&ID=231029&type=HTML&mobileYn=,2026-09-19 21:38:17.361198,,,
607551,손해배상(기),2021나66669,2022-05-19,2022,5,2,서울남부지방법원,지방/기타,민사,판결,손해배상,law.go.kr,/DRF/lawService.do?OC=virtual.esq&target=prec&ID=607551&type=HTML&mobileYn=,2026-09-19 21:38:17.361198,,,
233345,손해배상(기),2021나29619,2022-05-18,2022,5,2,서울중앙지방법원,지방/기타,민사,판결,손해배상,law.go.kr,/DRF/lawService.do?OC=virtual.esq&target=prec&ID=233345&type=HTML&mobileYn=,2026-09-19 21:38:17.361198,,,
221747,손해배상(기),2019다215791,2022-05-13,2022,5,2,대법원,대법원,민사,판결,손해배상,law.go.kr,/DRF/lawService.do?OC=virtual.esq&target=prec&ID=221747&type=HTML&mobileYn=,2026-09-19 21:38:17.361198,,,
235483,손해배상(기),2019다216558,2022-05-13,2022,5,2,대법원,대법원,민사,판결,손해배상,law.go.kr,/DRF/lawService.do?OC=virtual.esq&target=prec&ID=235483&type=HTML&mobileYn=,2026-09-19 21:38:17.361198,,,
235495,손해배상(기),2020다240304,2022-05-12,2022,5,2,대법원,대법원,민사,판결,손해배상,law.go.kr,/DRF/lawService.do?OC=virtual.esq&target=prec&ID=235495&type=HTML&mobileYn=,2026-09-19 21:38:17.361198,,,
221865,손해배상(지),2019가합548861,2022-05-12,2022,5,2,서울중앙지방법원,지방/기타,민사,판결 : 항소,손해배상,law.go.kr,/DRF/lawService.do?OC=virtual.esq&target=prec&ID=221865&type=HTML&mobileYn=,2026-09-19 21:38:17.361198,,,
235505,손해배상(기),2021다309712,2022-05-12,2022,5,2,대법원,대법원,민사,판결,손해배상,law.go.kr,/DRF/lawService.do?OC=virtual.esq&target=prec&ID=235505&type=HTML&mobileYn=,2026-09-19 21:38:17.361198,,,
221751,주주대표소송(손해배상),2021다279347,2022-05-12,2022,5,2,대법원,대법원,민사,판결,손해배상,law.go.kr,/DRF/lawService.do?OC=virtual.esq&target=prec&ID=221751&type=HTML&mobileYn=,2026-09-19 21:38:17.361198,,,
235491,소유권이전등기·손해배상,2019다215531,2022-05-12,2022,5,2,대법원,대법원,민사,판결,손해배상,law.go.kr,/DRF/lawService.do?OC=virtual.esq&target=prec&ID=235491&type=HTML&mobileYn=,2026-09-19 21:38:17.361198,,,
235497,손해배상(기)·손해배상(기),2020다255375,2022-05-12,2022,5,2,대법원,대법원,민사,판결,손해배상,law.go.kr,/DRF/lawService.do?OC=virtual.esq&target=prec&ID=235497&type=HTML&mobileYn=,2026-09-19 21:38:17.361198,,,
231635,손해배상(기),2022나79,2022-04-29,2022,4,2,서울고등법원춘천재판부,고등법원,민사,판결,손해배상,law.go.kr,/DRF/lawService.do?OC=virtual.esq&target=prec&ID=231635&type=HTML&mobileYn=,2026-09-19 21:38:17.361198,,,
232947,손해배상(기),2019다243635,2022-04-28,2022,4,2,대법원,대법원,민사,판결,손해배상,law.go.kr,/DRF/lawService.do?OC=virtual.esq&target=prec&ID=232947&type=HTML&mobileYn=,2026-09-19 21:38:17.361198,,,
220859,손해배상(기)[영업양도인의 채권자가 영업소 명칭을 속용하는 영업양수인에 대하여 변제책임을 구하는 사건],2021다305659,2022-04-28,2022,4,2,대법원,대법원,민사,판결,손해배상,law.go.kr,/DRF/lawService.do?OC=virtual.esq&target=prec&ID=220859&type=HTML&mobileYn=,2026-09-19 21:38:17.361198,,,
222821,손해배상(자),2021가합209861,2022-04-28,2022,4,2,대구지방법원,지방/기타,민사,판결 : 확정,손해배상,law.go.kr,/DRF/lawService.do?OC=virtual.esq&target=prec&ID=222821&type=HTML&mobileYn=,2026-09-19 21:38:17.361198,,,
220853,손해배상,2017다233061,2022-04-28,2022,4,2,대법원,대법원,민사,판결,손해배상,law.go.kr,/DRF/lawService.do?OC=virtual.esq&target=prec&ID=220853&type=HTML&mobileYn=,2026-09-19 21:38:17.361198,,,
232951,손해배상(국),2018다232980,2022-04-28,2022,4,2,대법원,대법원,민사,판결,손해배상,law.go.kr,/DRF/lawService.do?OC=virtual.esq&target=prec&ID=232951&type=HTML&mobileYn=,2026-09-19 21:38:17.361198,,,
220841,손해배상(의),2022다200768,2022-04-28,2022,4,2,대법원,대법원,민사,판결,손해배상,law.go.kr,/DRF/lawService.do?OC=virtual.esq&target=prec&ID=220841&type=HTML&mobileYn=,2026-09-19 21:38:17.361198,,,
232949,손해배상(기)·기타(금전),2018다290801,2022-04-28,2022,4,2,대법원,대법원,민사,판결,손해배상,law.go.kr,/DRF/lawService.do?OC=virtual.esq&target=prec&ID=232949&type=HTML&mobileYn=,2026-09-19 21:38:17.361198,,,
228365,손해배상(기),2021나6726,2022-04-21,2022,4,2,전주지방법원,지방/기타,민사,판결 : 확정,손해배상,law.go.kr,/DRF/lawService.do?OC=virtual.esq&target=prec&ID=228365&type=HTML&mobileYn=,2026-09-19 21:38:17.361198,,,
232991,도메인이름이전청구권부존재확인·손해배상(지),2021다303134,2022-04-14,2022,4,2,대법원,대법원,민사,판결,손해배상,law.go.kr,/DRF/lawService.do?OC=virtual.esq&target=prec&ID=232991&type=HTML&mobileYn=,2026-09-19 21:38:17.361198,,,
220433,손해배상(기),2020다240021,2022-04-14,2022,4,2,대법원,대법원,민사,판결,손해배상,law.go.kr,/DRF/lawService.do?OC=virtual.esq&target=prec&ID=220433&type=HTML&mobileYn=,2026-09-19 21:38:17.362197,,,
220349,손해배상(기)등,2020다268760,2022-04-14,2022,4,2,대법원,대법원,민사,판결,손해배상,law.go.kr,/DRF/lawService.do?OC=virtual.esq&target=prec&ID=220349&type=HTML&mobileYn=,2026-09-19 21:38:17.362197,,,
232997,손해배상(자),2021다252472,2022-04-14,2022,4,2,대법원,대법원,민사,판결,손해배상,law.go.kr,/DRF/lawService.do?OC=virtual.esq&target=prec&ID=232997&type=HTML&mobileYn=,2026-09-19 21:38:17.362197,,,
237127,손해배상(기),2021나310031,2022-04-13,2022,4,2,대구지방법원,지방/기타,민사,판결,손해배상,law.go.kr,/DRF/lawService.do?OC=virtual.esq&target=prec&ID=237127&type=HTML&mobileYn=,2026-09-19 21:38:17.362197,,,
347344,손해배상청구 적법여부,의정부지방법원-2021-나-211656,2022-04-12,2022,4,2,,지방/기타,민사,,손해배상,law.go.kr,/DRF/lawService.do?OC=virtual.esq&target=prec&ID=347344&type=HTML&mobileYn=,2026-09-19 21:38:17.362197,,,
342574,손해배상청구 적법여부,인천지방법원-2021-가단-208474,2022-04-06,2022,4,2,,지방/기타,민사,,손해배상,law.go.kr,/DRF/lawService.do?OC=virtual.esq&target=prec&ID=342574&type=HTML&mobileYn=,2026-09-19 21:38:17.362197,,,
231053,손해배상(기),2021가소10678,2022-04-05,2022,4,2,부산지방법원,지방/기타,민사,판결 : 확정,손해배상,law.go.kr,/DRF/lawService.do?OC=virtual.esq&target=prec&ID=231053&type=HTML&mobileYn=,2026-09-19 21:38:17.362197,,,
233027,손해배상(기),2017다218475,2022-03-31,2022,3,1,대법원,대법원,민사,판결,손해배상,law.go.kr,/DRF/lawService.do?OC=virtual.esq&target=prec&ID=233027&type=HTML&mobileYn=,2026-09-19 21:38:17.362197,,,
233029,손해배상(기),2017다226704,2022-03-31,2022,3,1,대법원,대법원,민사,판결,손해배상,law.go.kr,/DRF/lawService.do?OC=virtual.esq&target=prec&ID=233029&type=HTML&mobileYn=,2026-09-19 21:38:17.362197,,,
238715,손해배상(의),2018가단61434,2022-03-23,2022,3,1,대구지방법원서부지원,지방/기타,민사,판결,손해배상,law.go.kr,/DRF/lawService.do?OC=virtual.esq&target=prec&ID=238715&type=HTML&mobileYn=,2026-09-19 21:38:17.362197,,,
220249,손해배상(기),2021나24173,2022-03-23,2022,3,1,대구고등법원,고등법원,민사,판결 : 확정,손해배상,law.go.kr,/DRF/lawService.do?OC=virtual.esq&target=prec&ID=220249&type=HTML&mobileYn=,2026-09-19 21:38:17.362197,,,
233033,손해배상(기),2021그813,2022-03-22,2022,3,1,대법원,대법원,민사,결정,손해배상,law.go.kr,/DRF/lawService.do?OC=virtual.esq&target=prec&ID=233033&type=HTML&mobileYn=,2026-09-19 21:38:17.362197,,,
220241,손해배상(의)[환자가 치료 도중 뇌출혈로 사망하자 의료과실에 의한 손해배상을 구하는 사건],2018다263434,2022-03-17,2022,3,1,대법원,대법원,민사,판결,손해배상,law.go.kr,/DRF/lawService.do?OC=virtual.esq&target=prec&ID=220241&type=HTML&mobileYn=,2026-09-19 21:38:17.362197,,,
234357,손해배상(기),2021나2023924,2022-03-17,2022,3,1,서울고등법원,고등법원,민사,판결,손해배상,law.go.kr,/DRF/lawService.do?OC=virtual.esq&target=prec&ID=234357&type=HTML&mobileYn=,2026-09-19 21:38:17.362197,,,
614561,손해배상(기),2021나2023924,2022-03-17,2022,3,1,서울고등법원,고등법원,민사,판결,손해배상,law.go.kr,/DRF/lawService.do?OC=virtual.esq&target=prec&ID=614561&type=HTML&mobileYn=,2026-09-19 21:38:17.362197,,,
227197,손해배상(기),2019다226975,2022-03-17,2022,3,1,대법원,대법원,민사,판결,손해배상,law.go.kr,/DRF/lawService.do?OC=virtual.esq&target=prec&ID=227197&type=HTML&mobileYn=,2026-09-19 21:38:17.362197,,,
232011,손해배상(기)등,2017다48959,2022-03-11,2022,3,1,대법원,대법원,민사,판결,손해배상,law.go.kr,/DRF/lawService.do?OC=virtual.esq&target=prec&ID=232011&type=HTML&mobileYn=,2026-09-19 21:38:17.362197,,,
230795,손해배상(기),2020나102561,2022-03-11,2022,3,1,대전지방법원,지방/기타,민사,판결,손해배상,law.go.kr,/DRF/lawService.do?OC=virtual.esq&target=prec&ID=230795&type=HTML&mobileYn=,2026-09-19 21:38:17.362197,,,
231465,불법행위손해배상금,2020다209150,2022-02-24,2022,2,1,대법원,대법원,민사,판결,손해배상,law.go.kr,/DRF/lawService.do?OC=virtual.esq&target=prec&ID=231465&type=HTML&mobileYn=,2026-09-19 21:38:17.362197,,,
230749,손해배상(자),2020나2039267,2022-02-18,2022,2,1,서울고등법원,고등법원,민사,판결,손해배상,law.go.kr,/DRF/lawService.do?OC=virtual.esq&target=prec&ID=230749&type=HTML&mobileYn=,2026-09-19 21:38:17.362197,,,
231615,손해배상(기),2021나2011495,2022-02-18,2022,2,1,서울고등법원,고등법원,민사,판결,손해배상,law.go.kr,/DRF/lawService.do?OC=virtual.esq&target=prec&ID=231615&type=HTML&mobileYn=,2026-09-19 21:38:17.362197,,,
219937,손해배상(기),2021다275741,2022-02-17,2022,2,1,대법원,대법원,민사,판결,손해배상,law.go.kr,/DRF/lawService.do?OC=virtual.esq&target=prec&ID=219937&type=HTML&mobileYn=,2026-09-19 21:38:17.362197,,,
228411,매매대금·손해배상(기),2020나21214,2022-02-16,2022,2,1,대구고등법원,고등법원,민사,판결,손해배상,law.go.kr,/DRF/lawService.do?OC=virtual.esq&target=prec&ID=228411&type=HTML&mobileYn=,2026-09-19 21:38:17.362197,,,
350764,손해배상(기),서울중앙지방법원-2020-나-10366,2022-02-11,2022,2,1,,지방/기타,민사,,손해배상,law.go.kr,/DRF/lawService.do?OC=virtual.esq&target=prec&ID=350764&type=HTML&mobileYn=,2026-09-19 21:38:17.362197,,,
231471,사해행위취소·손해배상(기),2019다250831,2022-02-11,2022,2,1,대법원,대법원,민사,판결,손해배상,law.go.kr,/DRF/lawService.do?OC=virtual.esq&target=prec&ID=231471&type=HTML&mobileYn=,2026-09-19 21:38:17.362197,,,
222219,손해배상(기),2021나2036470,2022-02-10,2022,2,1,서울고등법원,고등법원,민사,판결 : 확정,손해배상,law.go.kr,/DRF/lawService.do?OC=virtual.esq&target=prec&ID=222219&type=HTML&mobileYn=,2026-09-19 21:38:17.362197,,,
219693,손해배상(기),2018다298799,2022-02-10,2022,2,1,대법원,대법원,민사,판결,손해배상,law.go.kr,/DRF/lawService.do?OC=virtual.esq&target=prec&ID=219693&type=HTML&mobileYn=,2026-09-19 21:38:17.362197,,,
617203,손해배상(기),2021가합7525,2022-01-27,2022,1,1,수원지방법원안산지원,지방/기타,민사,판결,손해배상,law.go.kr,/DRF/lawService.do?OC=virtual.esq&target=prec&ID=617203&type=HTML&mobileYn=,2026-09-19 21:38:17.362197,,,
619343,손해배상(기),2017가합526119,2022-01-27,2022,1,1,서울중앙지방법원,지방/기타,민사,판결,손해배상,law.go.kr,/DRF/lawService.do?OC=virtual.esq&target=prec&ID=619343&type=HTML&mobileYn=,2026-09-19 21:38:17.362197,,,
219331,손해배상(의),2021다265010,2022-01-27,2022,1,1,대법원,대법원,민사,판결,손해배상,law.go.kr,/DRF/lawService.do?OC=virtual.esq&target=prec&ID=219331&type=HTML&mobileYn=,2026-09-19 21:38:17.362197,,,
232037,손해배상(기)·손해배상(기),2021나13,2022-01-26,2022,1,1,대전고등법원,고등법원,민사,판결,손해배상,law.go.kr,/DRF/lawService.do?OC=virtual.esq&target=prec&ID=232037&type=HTML&mobileYn=,2026-09-19 21:38:17.362197,,,
335462,손해배상(국),서울남부지방법원-2020-가합-100308,2022-01-25,2022,1,1,,지방/기타,민사,,손해배상,law.go.kr,/DRF/lawService.do?OC=virtual.esq&target=prec&ID=335462&type=HTML&mobileYn=,2026-09-19 21:38:17.362197,,,
607203,손해배상(국),2020가합105390,2022-01-21,2022,1,1,수원지방법원안양지원,지방/기타,민사,판결,손해배상,law.go.kr,/DRF/lawService.do?OC=virtual.esq&target=prec&ID=607203&type=HTML&mobileYn=,2026-09-19 21:38:17.362197,,,
237275,손해배상(의),2021나59999,2022-01-21,2022,1,1,서울남부지방법원,지방/기타,민사,판결,손해배상,law.go.kr,/DRF/lawService.do?OC=virtual.esq&target=prec&ID=237275&type=HTML&mobileYn=,2026-09-19 21:38:17.362197,,,
222823,손해배상(기),2020나2047176,2022-01-20,2022,1,1,서울고등법원,고등법원,민사,판결,손해배상,law.go.kr,/DRF/lawService.do?OC=virtual.esq&target=prec&ID=222823&type=HTML&mobileYn=,2026-09-19 21:38:17.362197,,,
219723,손해배상(국),2019다282197,2022-01-14,2022,1,1,대법원,대법원,민사,판결,손해배상,law.go.kr,/DRF/lawService.do?OC=virtual.esq&target=prec&ID=219723&type=HTML&mobileYn=,2026-09-19 21:38:17.362197,,,
221869,손해배상(기)[권리금회수기회 방해를 원인으로 손해배상을 구하는 사건],2021다272346,2022-01-14,2022,1,1,대법원,대법원,민사,판결,손해배상,law.go.kr,/DRF/lawService.do?OC=virtual.esq&target=prec&ID=221869&type=HTML&mobileYn=,2026-09-19 21:38:17.362197,,,
231499,손해배상(기),2021다269722,2022-01-13,2022,1,1,대법원,대법원,민사,판결,손해배상,law.go.kr,/DRF/lawService.do?OC=virtual.esq&target=prec&ID=231499&type=HTML&mobileYn=,2026-09-19 21:38:17.362197,,,
222623,손해배상(기),2019다272855,2022-01-13,2022,1,1,대법원,대법원,민사,판결,손해배상,law.go.kr,/DRF/lawService.do?OC=virtual.esq&target=prec&ID=222623&type=HTML&mobileYn=,2026-09-19 21:38:17.362197,,,
231573,도로교통법위반(음주운전)·자동차손해배상보장법위반·폭행·모욕·사기·상해·재물은닉,2021도15221,2022-01-13,2022,1,1,대법원,대법원,형사,판결,손해배상,law.go.kr,/DRF/lawService.do?OC=virtual.esq&target=prec&ID=231573&type=HTML&mobileYn=,2026-09-19 21:38:17.362197,,,
231531,손해배상(기),2021다269890,2021-12-30,2021,12,4,대법원,대법원,민사,판결,손해배상,law.go.kr,/DRF/lawService.do?OC=virtual.esq&target=prec&ID=231531&type=HTML&mobileYn=,2026-09-19 21:38:17.362197,,,
231533,손해배상,2017다212316,2021-12-30,2021,12,4,대법원,대법원,민사,판결,손해배상,law.go.kr,/DRF/lawService.do?OC=virtual.esq&target=prec&ID=231533&type=HTML&mobileYn=,2026-09-19 21:38:17.362197,,,
238369,손해배상(기),2019가합104465,2021-12-24,2021,12,4,서울남부지방법원,지방/기타,민사,판결,손해배상,law.go.kr,/DRF/lawService.do?OC=virtual.esq&target=prec&ID=238369&type=HTML&mobileYn=,2026-09-19 21:38:17.362197,,,
228415,손해배상(기),2021나10322,2021-12-24,2021,12,4,수원고등법원,고등법원,민사,판결,손해배상,law.go.kr,/DRF/lawService.do?OC=virtual.esq&target=prec&ID=228415&type=HTML&mobileYn=,2026-09-19 21:38:17.363198,,,
344718,이 사건 손해배상금은 양도대금의 일부임,서울행정법원-2021-구단-53965,2021-12-22,2021,12,4,,지방/기타,일반행정,,손해배상,law.go.kr,/DRF/lawService.do?OC=virtual.esq&target=prec&ID=344718&type=HTML&mobileYn=,2026-09-19 21:38:17.363198,,,
230799,손해배상(기),2020나73008,2021-12-21,2021,12,4,서울중앙지방법원,지방/기타,민사,판결,손해배상,law.go.kr,/DRF/lawService.do?OC=virtual.esq&target=prec&ID=230799&type=HTML&mobileYn=,2026-09-19 21:38:17.363198,,,
227789,손해배상(기),2021나51925,2021-12-17,2021,12,4,창원지방법원,지방/기타,민사,판결,손해배상,law.go.kr,/DRF/lawService.do?OC=virtual.esq&target=prec&ID=227789&type=HTML&mobileYn=,2026-09-19 21:38:17.363198,,,
239129,손해배상(기),2020나64837,2021-12-16,2021,12,4,서울중앙지방법원,지방/기타,민사,판결,손해배상,law.go.kr,/DRF/lawService.do?OC=virtual.esq&target=prec&ID=239129&type=HTML&mobileYn=,2026-09-19 21:38:17.364198,,,
221813,손해배상(의),2021나207589,2021-12-16,2021,12,4,의정부지방법원,지방/기타,민사,판결,손해배상,law.go.kr,/DRF/lawService.do?OC=virtual.esq&target=prec&ID=221813&type=HTML&mobileYn=,2026-09-19 21:38:17.364198,,,
223437,손해배상(기),2021나2011310,2021-12-16,2021,12,4,서울고등법원,고등법원,민사,판결,손해배상,law.go.kr,/DRF/lawService.do?OC=virtual.esq&target=prec&ID=223437&type=HTML&mobileYn=,2026-09-19 21:38:17.364198,,,
230721,손해배상(기),2021다265119,2021-12-10,2021,12,4,대법원,대법원,민사,판결,손해배상,law.go.kr,/DRF/lawService.do?OC=virtual.esq&target=prec&ID=230721&type=HTML&mobileYn=,2026-09-19 21:38:17.364198,,,
228351,손해배상(기),2021나2003166,2021-12-09,2021,12,4,서울고등법원,고등법원,민사,판결 : 상고,손해배상,law.go.kr,/DRF/lawService.do?OC=virtual.esq&target=prec&ID=228351&type=HTML&mobileYn=,2026-09-19 21:38:17.364198,,,
220273,손해배상(국),2021가합503052,2021-12-09,2021,12,4,서울중앙지방법원,지방/기타,민사,판결 : 항소,손해배상,law.go.kr,/DRF/lawService.do?OC=virtual.esq&target=prec&ID=220273&type=HTML&mobileYn=,2026-09-19 21:38:17.364198,,,
335222,제3자에게 지급한 손해배상금은 양도가액에서 직접적으로 공제되는 금액에 해당하지 않음,부산지방법원-2021-구합-679,2021-12-02,2021,12,4,,지방/기타,일반행정,,손해배상,law.go.kr,/DRF/lawService.do?OC=virtual.esq&target=prec&ID=335222&type=HTML&mobileYn=,2026-09-19 21:38:17.364198,,,
239963,사업비청구등·손해배상(기),2018가합51477,2021-11-26,2021,11,4,인천지방법원,지방/기타,민사,판결,손해배상,law.go.kr,/DRF/lawService.do?OC=virtual.esq&target=prec&ID=239963&type=HTML&mobileYn=,2026-09-19 21:38:17.364198,,,
219891,손해배상(기),2016가합545748,2021-11-26,2021,11,4,서울중앙지방법원,지방/기타,민사,판결 : 항소,손해배상,law.go.kr,/DRF/lawService.do?OC=virtual.esq&target=prec&ID=219891&type=HTML&mobileYn=,2026-09-19 21:38:17.364198,,,
228523,손해배상(국),2019다235450,2021-11-25,2021,11,4,대법원,대법원,민사,판결,손해배상,law.go.kr,/DRF/lawService.do?OC=virtual.esq&target=prec&ID=228523&type=HTML&mobileYn=,2026-09-19 21:38:17.364198,,,
219349,손해배상(기),2021나2010140,2021-11-25,2021,11,4,서울고등법원,고등법원,민사,판결 : 상고,손해배상,law.go.kr,/DRF/lawService.do?OC=virtual.esq&target=prec&ID=219349&type=HTML&mobileYn=,2026-09-19 21:38:17.364198,,,
228521,손해배상(기),2020다270503,2021-11-25,2021,11,4,대법원,대법원,민사,판결,손해배상,law.go.kr,/DRF/lawService.do?OC=virtual.esq&target=prec&ID=228521&type=HTML&mobileYn=,2026-09-19 21:38:17.364198,,,
228519,손해배상(기)·손해배상(기)청구의소,2021다253154,2021-11-25,2021,11,4,대법원,대법원,민사,판결,손해배상,law.go.kr,/DRF/lawService.do?OC=virtual.esq&target=prec&ID=228519&type=HTML&mobileYn=,2026-09-19 21:38:17.364198,,,
219767,손해배상(기)[권리금 회수기회 보호의무의 예외 조항인 ‘상가건물을 1년 6개월 이상 영리목적으로 사용하지 아니한 경우’의 의미가 문제된 사건],2019다285257,2021-11-25,2021,11,4,대법원,대법원,민사,판결,손해배상,law.go.kr,/DRF/lawService.do?OC=virtual.esq&target=prec&ID=219767&type=HTML&mobileYn=,2026-09-19 21:38:17.364198,,,
219769,손해배상(기),2020다294516,2021-11-25,2021,11,4,대법원,대법원,민사,판결,손해배상,law.go.kr,/DRF/lawService.do?OC=virtual.esq&target=prec&ID=219769&type=HTML&mobileYn=,2026-09-19 21:38:17.364198,,,
220267,손해배상등청구의소,2021나2009331,2021-11-24,2021,11,4,서울고등법원,고등법원,민사,판결 : 확정,손해배상,law.go.kr,/DRF/lawService.do?OC=virtual.esq&target=prec&ID=220267&type=HTML&mobileYn=,2026-09-19 21:38:17.364198,,,
619351,손해배상(기),2021가단229044,2021-11-18,2021,11,4,인천지방법원,지방/기타,민사,판결,손해배상,law.go.kr,/DRF/lawService.do?OC=virtual.esq&target=prec&ID=619351&type=HTML&mobileYn=,2026-09-19 21:38:17.364198,,,
222833,손해배상(기),2021나2009911,2021-11-11,2021,11,4,서울고등법원,고등법원,민사,판결,손해배상,law.go.kr,/DRF/lawService.do?OC=virtual.esq&target=prec&ID=222833&type=HTML&mobileYn=,2026-09-19 21:38:17.364198,,,
219773,손해배상(기),2019다272725,2021-11-11,2021,11,4,대법원,대법원,민사,판결,손해배상,law.go.kr,/DRF/lawService.do?OC=virtual.esq&target=prec&ID=219773&type=HTML&mobileYn=,2026-09-19 21:38:17.364198,,,
600341,손해배상(기),2019가합590350,2021-11-11,2021,11,4,서울중앙지방법원,지방/기타,민사,판결,손해배상,law.go.kr,/DRF/lawService.do?OC=virtual.esq&target=prec&ID=600341&type=HTML&mobileYn=,2026-09-19 21:38:17.364198,,,
219795,손해배상(기),2018다204022,2021-11-11,2021,11,4,대법원,대법원,민사,판결,손해배상,law.go.kr,/DRF/lawService.do?OC=virtual.esq&target=prec&ID=219795&type=HTML&mobileYn=,2026-09-19 21:38:17.364198,,,
219793,손해배상(기),2018다288631,2021-11-11,2021,11,4,대법원,대법원,민사,판결,손해배상,law.go.kr,/DRF/lawService.do?OC=virtual.esq&target=prec&ID=219793&type=HTML&mobileYn=,2026-09-19 21:38:17.364198,,,
221823,손해배상(기),2020나10895,2021-11-10,2021,11,4,광주고등법원제주재판부,고등법원,민사,판결,손해배상,law.go.kr,/DRF/lawService.do?OC=virtual.esq&target=prec&ID=221823&type=HTML&mobileYn=,2026-09-19 21:38:17.364198,,,
343454,손해배상(기),광주지방법원-2021-나-52517,2021-11-05,2021,11,4,,지방/기타,민사,,손해배상,law.go.kr,/DRF/lawService.do?OC=virtual.esq&target=prec&ID=343454&type=HTML&mobileYn=,2026-09-19 21:38:17.364198,,,
218375,손해배상(기),2018가합567582,2021-11-05,2021,11,4,서울중앙지방법원,지방/기타,민사,판결 : 항소,손해배상,law.go.kr,/DRF/lawService.do?OC=virtual.esq&target=prec&ID=218375&type=HTML&mobileYn=,2026-09-19 21:38:17.364198,,,
600425,손해배상청구,2021나2014814,2021-11-05,2021,11,4,서울고등법원,고등법원,민사,판결,손해배상,law.go.kr,/DRF/lawService.do?OC=virtual.esq&target=prec&ID=600425&type=HTML&mobileYn=,2026-09-19 21:38:17.364198,,,
601931,손해배상(자),2020나85513,2021-11-04,2021,11,4,서울중앙지방법원,지방/기타,민사,판결,손해배상,law.go.kr,/DRF/lawService.do?OC=virtual.esq&target=prec&ID=601931&type=HTML&mobileYn=,2026-09-19 21:38:17.364198,,,
223379,손해배상(자),2021다253376,2021-10-28,2021,10,4,대법원,대법원,민사,판결,손해배상,law.go.kr,/DRF/lawService.do?OC=virtual.esq&target=prec&ID=223379&type=HTML&mobileYn=,2026-09-19 21:38:17.364198,,,
223381,손해배상청구,2019다293814,2021-10-28,2021,10,4,대법원,대법원,민사,판결,손해배상,law.go.kr,/DRF/lawService.do?OC=virtual.esq&target=prec&ID=223381&type=HTML&mobileYn=,2026-09-19 21:38:17.364198,,,
218453,손해배상(기),2017다219218,2021-10-28,2021,10,4,대법원,대법원,민사,판결,손해배상,law.go.kr,/DRF/lawService.do?OC=virtual.esq&target=prec&ID=218453&type=HTML&mobileYn=,2026-09-19 21:38:17.364198,,,
223371,손해배상(기),2020다290538,2021-10-28,2021,10,4,대법원,대법원,민사,판결,손해배상,law.go.kr,/DRF/lawService.do?OC=virtual.esq&target=prec&ID=223371&type=HTML&mobileYn=,2026-09-19 21:38:17.364198,,,
218451,"손해배상(기)[동업으로 병원을 운영하던 의사들인 원고와 피고들 사이에 분쟁이 발생하여 다수지분을 가진 피고들이 원고를 제명하는 의결을 하자, 원고가 제명이 위법하다고 다툰 사건]",2017다200702,2021-10-28,2021,10,4,대법원,대법원,민사,판결,손해배상,law.go.kr,/DRF/lawService.do?OC=virtual.esq&target=prec&ID=218451&type=HTML&mobileYn=,2026-09-19 21:38:17.364198,,,
238683,손해배상(기),2021나2024392,2021-10-21,2021,10,4,서울고등법원,고등법원,민사,판결,손해배상,law.go.kr,/DRF/lawService.do?OC=virtual.esq&target=prec&ID=238683&type=HTML&mobileYn=,2026-09-19 21:38:17.364198,,,
343808,원고의 민원에 대한 처리지연으로 인해 국가의 손해배상책임이 있는지 여부,서부지원-2021-가소-3616,2021-10-20,2021,10,4,,지방/기타,민사,,손해배상,law.go.kr,/DRF/lawService.do?OC=virtual.esq&target=prec&ID=343808&type=HTML&mobileYn=,2026-09-19 21:38:17.364198,,,
219067,손해배상(국),2021다227100,2021-10-14,2021,10,4,대법원,대법원,민사,판결,손해배상,law.go.kr,/DRF/lawService.do?OC=virtual.esq&target=prec&ID=219067&type=HTML&mobileYn=,2026-09-19 21:38:17.364198,,,
223399,손해배상(기),2019다236392,2021-10-14,2021,10,4,대법원,대법원,민사,판결,손해배상,law.go.kr,/DRF/lawService.do?OC=virtual.esq&target=prec&ID=223399&type=HTML&mobileYn=,2026-09-19 21:38:17.364198,,,
223397,손해배상(기),2020다277306,2021-10-14,2021,10,4,대법원,대법원,민사,판결,손해배상,law.go.kr,/DRF/lawService.do?OC=virtual.esq&target=prec&ID=223397&type=HTML&mobileYn=,2026-09-19 21:38:17.364198,,,
236035,손해배상(기),2020나2036343,2021-10-14,2021,10,4,서울고등법원,고등법원,민사,판결,손해배상,law.go.kr,/DRF/lawService.do?OC=virtual.esq&target=prec&ID=236035&type=HTML&mobileYn=,2026-09-19 21:38:17.364198,,,
237279,손해배상(의),2021가합52609,2021-10-12,2021,10,4,인천지방법원,지방/기타,민사,판결,손해배상,law.go.kr,/DRF/lawService.do?OC=virtual.esq&target=prec&ID=237279&type=HTML&mobileYn=,2026-09-19 21:38:17.364198,,,
218707,교통사고처리특례법위반ㆍ도로교통법위반(무면허운전)ㆍ자동차손해배상보장법위반[‘농업기계’가 무면허운전 처벌규정의 적용대상인 ‘자동차’에 해당하는지가 문제된 사건],2017도13182,2021-09-30,2021,9,3,대법원,대법원,형사,판결,손해배상,law.go.kr,/DRF/lawService.do?OC=virtual.esq&target=prec&ID=218707&type=HTML&mobileYn=,2026-09-19 21:38:17.364198,,,
219353,손해배상(기),2018다272988,2021-09-30,2021,9,3,대법원,대법원,민사,판결,손해배상,law.go.kr,/DRF/lawService.do?OC=virtual.esq&target=prec&ID=219353&type=HTML&mobileYn=,2026-09-19 21:38:17.364198,,,
218183,손해배상(기),2018다282183,2021-09-30,2021,9,3,대법원,대법원,민사,판결,손해배상,law.go.kr,/DRF/lawService.do?OC=virtual.esq&target=prec&ID=218183&type=HTML&mobileYn=,2026-09-19 21:38:17.364198,,,
219589,손해배상(자),2021다241311,2021-09-30,2021,9,3,대법원,대법원,민사,판결,손해배상,law.go.kr,/DRF/lawService.do?OC=virtual.esq&target=prec&ID=219589&type=HTML&mobileYn=,2026-09-19 21:38:17.364198,,,
219359,손해배상(자),2020다280715,2021-09-30,2021,9,3,대법원,대법원,민사,판결,손해배상,law.go.kr,/DRF/lawService.do?OC=virtual.esq&target=prec&ID=219359&type=HTML&mobileYn=,2026-09-19 21:38:17.364198,,,
236077,손해배상(기),2020나218186,2021-09-30,2021,9,3,의정부지방법원,지방/기타,민사,판결,손해배상,law.go.kr,/DRF/lawService.do?OC=virtual.esq&target=prec&ID=236077&type=HTML&mobileYn=,2026-09-19 21:38:17.364198,,,
218165,손해배상(기)[직장 내 성희롱에 대하여 사용자책임 등을 묻는 사건],2021다219529,2021-09-16,2021,9,3,대법원,대법원,민사,판결,손해배상,law.go.kr,/DRF/lawService.do?OC=virtual.esq&target=prec&ID=218165&type=HTML&mobileYn=,2026-09-19 21:38:17.364198,,,
217791,손해배상(기),2018다38607,2021-09-16,2021,9,3,대법원,대법원,민사,판결,손해배상,law.go.kr,/DRF/lawService.do?OC=virtual.esq&target=prec&ID=217791&type=HTML&mobileYn=,2026-09-19 21:38:17.365197,,,
219365,손해배상(기),2020다213364,2021-09-16,2021,9,3,대법원,대법원,민사,판결,손해배상,law.go.kr,/DRF/lawService.do?OC=virtual.esq&target=prec&ID=219365&type=HTML&mobileYn=,2026-09-19 21:38:17.365197,,,
226969,손해배상,2017다259445,2021-09-09,2021,9,3,대법원,대법원,민사,판결,손해배상,law.go.kr,/DRF/lawService.do?OC=virtual.esq&target=prec&ID=226969&type=HTML&mobileYn=,2026-09-19 21:38:17.365197,,,
599891,손해배상청구등·영업비밀침해금지등,2020나2016653,2021-09-09,2021,9,3,서울고등법원,고등법원,민사,판결,손해배상,law.go.kr,/DRF/lawService.do?OC=virtual.esq&target=prec&ID=599891&type=HTML&mobileYn=,2026-09-19 21:38:17.365197,,,
217447,손해배상(기),2016다203933,2021-09-09,2021,9,3,대법원,대법원,민사,판결,손해배상,law.go.kr,/DRF/lawService.do?OC=virtual.esq&target=prec&ID=217447&type=HTML&mobileYn=,2026-09-19 21:38:17.365197,,,
345384,손해배상의무,대법원-2021-다-243799,2021-09-09,2021,9,3,,지방/기타,민사,,손해배상,law.go.kr,/DRF/lawService.do?OC=virtual.esq&target=prec&ID=345384&type=HTML&mobileYn=,2026-09-19 21:38:17.365197,,,
221871,주주대표소송(손해배상),2020나2034989,2021-09-03,2021,9,3,서울고등법원,고등법원,민사,판결 : 상고,손해배상,law.go.kr,/DRF/lawService.do?OC=virtual.esq&target=prec&ID=221871&type=HTML&mobileYn=,2026-09-19 21:38:17.365197,,,
226961,손해배상(기),2020나62921,2021-08-27,2021,8,3,부산지방법원,지방/기타,민사,판결,손해배상,law.go.kr,/DRF/lawService.do?OC=virtual.esq&target=prec&ID=226961&type=HTML&mobileYn=,2026-09-19 21:38:17.365197,,,
226957,손해배상(기),2021다236999,2021-08-26,2021,8,3,대법원,대법원,민사,판결,손해배상,law.go.kr,/DRF/lawService.do?OC=virtual.esq&target=prec&ID=226957&type=HTML&mobileYn=,2026-09-19 21:38:17.365197,,,
234499,손해배상(자),2019가단5108261,2021-08-25,2021,8,3,서울중앙지방법원,지방/기타,민사,판결,손해배상,law.go.kr,/DRF/lawService.do?OC=virtual.esq&target=prec&ID=234499&type=HTML&mobileYn=,2026-09-19 21:38:17.365197,,,
217299,손해배상(산),2018다270876,2021-08-19,2021,8,3,대법원,대법원,민사,판결,손해배상,law.go.kr,/DRF/lawService.do?OC=virtual.esq&target=prec&ID=217299&type=HTML&mobileYn=,2026-09-19 21:38:17.365197,,,
217309,손해배상(기),2021다225708,2021-08-19,2021,8,3,대법원,대법원,민사,판결,손해배상,law.go.kr,/DRF/lawService.do?OC=virtual.esq&target=prec&ID=217309&type=HTML&mobileYn=,2026-09-19 21:38:17.365197,,,
217297,손해배상(기),2021다213866,2021-08-19,2021,8,3,대법원,대법원,민사,판결,손해배상,law.go.kr,/DRF/lawService.do?OC=virtual.esq&target=prec&ID=217297&type=HTML&mobileYn=,2026-09-19 21:38:17.365197,,,
241279,손해배상(지),2020나2045644,2021-08-19,2021,8,3,서울고등법원,고등법원,민사,판결,손해배상,law.go.kr,/DRF/lawService.do?OC=virtual.esq&target=prec&ID=241279&type=HTML&mobileYn=,2026-09-19 21:38:17.365197,,,
217301,손해배상(기),2019다297137,2021-08-19,2021,8,3,대법원,대법원,민사,판결,손해배상,law.go.kr,/DRF/lawService.do?OC=virtual.esq&target=prec&ID=217301&type=HTML&mobileYn=,2026-09-19 21:38:17.365197,,,
226939,손해배상(기),2020나60194,2021-08-13,2021,8,3,서울중앙지방법원,지방/기타,민사,판결,손해배상,law.go.kr,/DRF/lawService.do?OC=virtual.esq&target=prec&ID=226939&type=HTML&mobileYn=,2026-09-19 21:38:17.365197,,,
217335,손해배상(기),2021다210195,2021-08-12,2021,8,3,대법원,대법원,민사,판결,손해배상,law.go.kr,/DRF/lawService.do?OC=virtual.esq&target=prec&ID=217335&type=HTML&mobileYn=,2026-09-19 21:38:17.365197,,,
219421,손해배상(기),2015다208320,2021-08-12,2021,8,3,대법원,대법원,민사,판결,손해배상,law.go.kr,/DRF/lawService.do?OC=virtual.esq&target=prec&ID=219421&type=HTML&mobileYn=,2026-09-19 21:38:17.365197,,,
226931,손해배상(의),2020나17661,2021-08-05,2021,8,3,수원고등법원,고등법원,민사,판결,손해배상,law.go.kr,/DRF/lawService.do?OC=virtual.esq&target=prec&ID=226931&type=HTML&mobileYn=,2026-09-19 21:38:17.365197,,,
217347,손해배상(기),2019다207851,2021-07-29,2021,7,3,대법원,대법원,민사,판결,손해배상,law.go.kr,/DRF/lawService.do?OC=virtual.esq&target=prec&ID=217347&type=HTML&mobileYn=,2026-09-19 21:38:17.365197,,,
218945,손해배상(기),2016다259363,2021-07-29,2021,7,3,대법원,대법원,민사,판결,손해배상,law.go.kr,/DRF/lawService.do?OC=virtual.esq&target=prec&ID=218945&type=HTML&mobileYn=,2026-09-19 21:38:17.365197,,,
217379,손해배상(기),2017다243723,2021-07-29,2021,7,3,대법원,대법원,민사,판결,손해배상,law.go.kr,/DRF/lawService.do?OC=virtual.esq&target=prec&ID=217379&type=HTML&mobileYn=,2026-09-19 21:38:17.365197,,,
217365,손해배상(기),2018다228486,2021-07-29,2021,7,3,대법원,대법원,민사,판결,손해배상,law.go.kr,/DRF/lawService.do?OC=virtual.esq&target=prec&ID=217365&type=HTML&mobileYn=,2026-09-19 21:38:17.365197,,,
217375,손해배상(자),2016다11257,2021-07-29,2021,7,3,대법원,대법원,민사,판결,손해배상,law.go.kr,/DRF/lawService.do?OC=virtual.esq&target=prec&ID=217375&type=HTML&mobileYn=,2026-09-19 21:38:17.365197,,,
217371,손해배상(기),2015다221668,2021-07-29,2021,7,3,대법원,대법원,민사,판결,손해배상,law.go.kr,/DRF/lawService.do?OC=virtual.esq&target=prec&ID=217371&type=HTML&mobileYn=,2026-09-19 21:38:17.365197,,,
234891,손해배상(기),2021나713,2021-07-23,2021,7,3,서울고등법원춘천재판부,고등법원,민사,판결,손해배상,law.go.kr,/DRF/lawService.do?OC=virtual.esq&target=prec&ID=234891&type=HTML&mobileYn=,2026-09-19 21:38:17.365197,,,
241409,손해배상(기)·손해배상(기)·손해배상(기),2020나2012804,2021-07-22,2021,7,3,서울고등법원,고등법원,민사,판결,손해배상,law.go.kr,/DRF/lawService.do?OC=virtual.esq&target=prec&ID=241409&type=HTML&mobileYn=,2026-09-19 21:38:17.365197,,,
217389,손해배상(기),2019다266751,2021-07-21,2021,7,3,대법원,대법원,민사,판결,손해배상,law.go.kr,/DRF/lawService.do?OC=virtual.esq&target=prec&ID=217389&type=HTML&mobileYn=,2026-09-19 21:38:17.365197,,,
220025,손해배상(기),2020다282513,2021-07-21,2021,7,3,대법원,대법원,민사,판결,손해배상,law.go.kr,/DRF/lawService.do?OC=virtual.esq&target=prec&ID=220025&type=HTML&mobileYn=,2026-09-19 21:38:17.365197,,,
220023,손해배상(기),2016다226516,2021-07-21,2021,7,3,대법원,대법원,민사,판결,손해배상,law.go.kr,/DRF/lawService.do?OC=virtual.esq&target=prec&ID=220023&type=HTML&mobileYn=,2026-09-19 21:38:17.365197,,,
216941,손해배상(자),2016다260097,2021-07-15,2021,7,3,대법원,대법원,민사,판결,손해배상,law.go.kr,/DRF/lawService.do?OC=virtual.esq&target=prec&ID=216941&type=HTML&mobileYn=,2026-09-19 21:38:17.365197,,,
335592,"피고는 원고에게 손해배상으로 596,938,790원을 지급하여야 되는지 여부",대구고등법원-2021-나-20195,2021-07-14,2021,7,3,,지방/기타,민사,,손해배상,law.go.kr,/DRF/lawService.do?OC=virtual.esq&target=prec&ID=335592&type=HTML&mobileYn=,2026-09-19 21:38:17.365197,,,
219467,손해배상(기),2020다290590,2021-07-08,2021,7,3,대법원,대법원,민사,판결,손해배상,law.go.kr,/DRF/lawService.do?OC=virtual.esq&target=prec&ID=219467&type=HTML&mobileYn=,2026-09-19 21:38:17.365197,,,
336904,손해배상(국),제주지방법원-2021-가단-51463,2021-07-08,2021,7,3,,지방/기타,민사,,손해배상,law.go.kr,/DRF/lawService.do?OC=virtual.esq&target=prec&ID=336904&type=HTML&mobileYn=,2026-09-19 21:38:17.365197,,,
219457,손해배상(기),2018다286642,2021-07-08,2021,7,3,대법원,대법원,민사,판결,손해배상,law.go.kr,/DRF/lawService.do?OC=virtual.esq&target=prec&ID=219457&type=HTML&mobileYn=,2026-09-19 21:38:17.365197,,,
219463,손해배상등청구의소,2020다293261,2021-07-08,2021,7,3,대법원,대법원,민사,판결,손해배상,law.go.kr,/DRF/lawService.do?OC=virtual.esq&target=prec&ID=219463&type=HTML&mobileYn=,2026-09-19 21:38:17.365197,,,
613037,손해배상(기),2021나13130,2021-07-07,2021,7,3,수원고등법원,고등법원,민사,판결,손해배상,law.go.kr,/DRF/lawService.do?OC=virtual.esq&target=prec&ID=613037&type=HTML&mobileYn=,2026-09-19 21:38:17.365197,,,
238123,손해배상(기),2020나42318,2021-07-06,2021,7,3,서울중앙지방법원,지방/기타,민사,판결,손해배상,law.go.kr,/DRF/lawService.do?OC=virtual.esq&target=prec&ID=238123&type=HTML&mobileYn=,2026-09-19 21:38:17.365197,,,
219475,손해배상(기),2018다288723,2021-06-30,2021,6,2,대법원,대법원,민사,판결,손해배상,law.go.kr,/DRF/lawService.do?OC=virtual.esq&target=prec&ID=219475&type=HTML&mobileYn=,2026-09-19 21:38:17.365197,,,
216803,손해배상(기),2018다290672,2021-06-30,2021,6,2,대법원,대법원,민사,판결,손해배상,law.go.kr,/DRF/lawService.do?OC=virtual.esq&target=prec&ID=216803&type=HTML&mobileYn=,2026-09-19 21:38:17.365197,,,
216801,손해배상(기),2017다249219,2021-06-30,2021,6,2,대법원,대법원,민사,판결,손해배상,law.go.kr,/DRF/lawService.do?OC=virtual.esq&target=prec&ID=216801&type=HTML&mobileYn=,2026-09-19 21:38:17.365197,,,
216845,손해배상(기),2016다210474,2021-06-24,2021,6,2,대법원,대법원,민사,판결,손해배상,law.go.kr,/DRF/lawService.do?OC=virtual.esq&target=prec&ID=216845&type=HTML&mobileYn=,2026-09-19 21:38:17.365197,,,
216977,손해배상(기)[건축 설계도서의 저작물성 인정 여부 사건],2017다261981,2021-06-24,2021,6,2,대법원,대법원,민사,판결,손해배상,law.go.kr,/DRF/lawService.do?OC=virtual.esq&target=prec&ID=216977&type=HTML&mobileYn=,2026-09-19 21:38:17.365197,,,
599887,손해배상(자),2020나21281,2021-06-24,2021,6,2,서울중앙지방법원,지방/기타,민사,판결,손해배상,law.go.kr,/DRF/lawService.do?OC=virtual.esq&target=prec&ID=599887&type=HTML&mobileYn=,2026-09-19 21:38:17.365197,,,
344902,손해배상 지급여부,서울중앙지방법원-2020-가소-1371159,2021-06-23,2021,6,2,,지방/기타,민사,,손해배상,law.go.kr,/DRF/lawService.do?OC=virtual.esq&target=prec&ID=344902&type=HTML&mobileYn=,2026-09-19 21:38:17.365197,,,
238731,손해배상(기),2020나20907,2021-06-16,2021,6,2,대구고등법원,고등법원,민사,판결,손해배상,law.go.kr,/DRF/lawService.do?OC=virtual.esq&target=prec&ID=238731&type=HTML&mobileYn=,2026-09-19 21:38:17.366205,,,
234375,손해배상(기),2019가합115458,2021-06-11,2021,6,2,서울남부지방법원,지방/기타,민사,판결,손해배상,law.go.kr,/DRF/lawService.do?OC=virtual.esq&target=prec&ID=234375&type=HTML&mobileYn=,2026-09-19 21:38:17.366205,,,
238703,손해배상(기),2020가합59727,2021-06-11,2021,6,2,의정부지방법원,지방/기타,민사,판결,손해배상,law.go.kr,/DRF/lawService.do?OC=virtual.esq&target=prec&ID=238703&type=HTML&mobileYn=,2026-09-19 21:38:17.366205,,,
614601,손해배상(기),2019가합115458,2021-06-11,2021,6,2,서울남부지방법원,지방/기타,민사,판결,손해배상,law.go.kr,/DRF/lawService.do?OC=virtual.esq&target=prec&ID=614601&type=HTML&mobileYn=,2026-09-19 21:38:17.366205,,,
217417,손해배상(기),2020가단5189556,2021-06-10,2021,6,2,서울중앙지방법원,지방/기타,민사,판결 : 항소,손해배상,law.go.kr,/DRF/lawService.do?OC=virtual.esq&target=prec&ID=217417&type=HTML&mobileYn=,2026-09-19 21:38:17.366205,,,
216849,손해배상(기),2017다286874,2021-06-10,2021,6,2,대법원,대법원,민사,판결,손해배상,law.go.kr,/DRF/lawService.do?OC=virtual.esq&target=prec&ID=216849&type=HTML&mobileYn=,2026-09-19 21:38:17.367200,,,
216851,손해배상(기),2018다44114,2021-06-10,2021,6,2,대법원,대법원,민사,판결,손해배상,law.go.kr,/DRF/lawService.do?OC=virtual.esq&target=prec&ID=216851&type=HTML&mobileYn=,2026-09-19 21:38:17.367200,,,
219499,손해배상(기),2018다212184,2021-06-10,2021,6,2,대법원,대법원,민사,판결,손해배상,law.go.kr,/DRF/lawService.do?OC=virtual.esq&target=prec&ID=219499&type=HTML&mobileYn=,2026-09-19 21:38:17.367200,,,
332506,실지조사 방식에 따른 경정에 손해배상 의무는 없음,의정부지방법원-2020-가단-136146,2021-06-08,2021,6,2,,지방/기타,민사,,손해배상,law.go.kr,/DRF/lawService.do?OC=virtual.esq&target=prec&ID=332506&type=HTML&mobileYn=,2026-09-19 21:38:17.367200,,,
216697,손해배상(기)등·손해배상(기),2016다33202,2021-06-03,2021,6,2,대법원,대법원,민사,판결,손해배상,law.go.kr,/DRF/lawService.do?OC=virtual.esq&target=prec&ID=216697&type=HTML&mobileYn=,2026-09-19 21:38:17.367200,,,
216705,손해배상(기)[음반제작사이자 연예기획사인 원고가 가수 겸 작곡가인 피고를 상대로 원고가 제작한 음악파일에 관한 음반제작자로서의 저작인접권 등 침해를 원인으로 한 손해배상을 청구한 사건],2020다244672,2021-06-03,2021,6,2,대법원,대법원,민사,판결,손해배상,law.go.kr,/DRF/lawService.do?OC=virtual.esq&target=prec&ID=216705&type=HTML&mobileYn=,2026-09-19 21:38:17.367200,,,
238373,손해배상(기),2019가단95976,2021-05-28,2021,5,2,의정부지방법원고양지원,지방/기타,민사,판결,손해배상,law.go.kr,/DRF/lawService.do?OC=virtual.esq&target=prec&ID=238373&type=HTML&mobileYn=,2026-09-19 21:38:17.367200,,,
216717,손해배상(사실혼파기)및재산분할,2020므15841,2021-05-27,2021,5,2,대법원,대법원,가사,판결,손해배상,law.go.kr,/DRF/lawService.do?OC=virtual.esq&target=prec&ID=216717&type=HTML&mobileYn=,2026-09-19 21:38:17.367200,,,
219521,건물명도·권리금손해배상,2020다263635,2021-05-27,2021,5,2,대법원,대법원,민사,판결,손해배상,law.go.kr,/DRF/lawService.do?OC=virtual.esq&target=prec&ID=219521&type=HTML&mobileYn=,2026-09-19 21:38:17.367200,,,
336696,손해배상의무,서울중앙지방법원-2020-나-82323,2021-05-26,2021,5,2,,지방/기타,민사,,손해배상,law.go.kr,/DRF/lawService.do?OC=virtual.esq&target=prec&ID=336696&type=HTML&mobileYn=,2026-09-19 21:38:17.367200,,,
336464,손해배상(국),서울중앙지방법원-2020-가소-1301891,2021-05-18,2021,5,2,,지방/기타,민사,,손해배상,law.go.kr,/DRF/lawService.do?OC=virtual.esq&target=prec&ID=336464&type=HTML&mobileYn=,2026-09-19 21:38:17.367200,,,
336354,관련 법령에 위배되는 시설상 하자나 관리상 부주의가 없었으므로 피고에게 쟁점사건에 대한 손해배상책임이 있다고 할 수 없음,인천지방법원-2020-가소-528311,2021-05-14,2021,5,2,,지방/기타,민사,,손해배상,law.go.kr,/DRF/lawService.do?OC=virtual.esq&target=prec&ID=336354&type=HTML&mobileYn=,2026-09-19 21:38:17.367200,,,
219537,손해배상(자),2020다276730,2021-05-13,2021,5,2,대법원,대법원,민사,판결,손해배상,law.go.kr,/DRF/lawService.do?OC=virtual.esq&target=prec&ID=219537&type=HTML&mobileYn=,2026-09-19 21:38:17.367200,,,
216657,손해배상(기),2019다291399,2021-05-13,2021,5,2,대법원,대법원,민사,판결,손해배상,law.go.kr,/DRF/lawService.do?OC=virtual.esq&target=prec&ID=216657&type=HTML&mobileYn=,2026-09-19 21:38:17.367200,,,
237285,손해배상(의),2019가단238514,2021-05-07,2021,5,2,서울남부지방법원,지방/기타,민사,판결,손해배상,law.go.kr,/DRF/lawService.do?OC=virtual.esq&target=prec&ID=237285&type=HTML&mobileYn=,2026-09-19 21:38:17.367200,,,
216669,손해배상(기)청구의소,2020다292411,2021-05-07,2021,5,2,대법원,대법원,민사,판결,손해배상,law.go.kr,/DRF/lawService.do?OC=virtual.esq&target=prec&ID=216669&type=HTML&mobileYn=,2026-09-19 21:38:17.367200,,,
216663,손해배상(기),2018다256313,2021-05-07,2021,5,2,대법원,대법원,민사,판결,손해배상,law.go.kr,/DRF/lawService.do?OC=virtual.esq&target=prec&ID=216663&type=HTML&mobileYn=,2026-09-19 21:38:17.367200,,,
216667,손해배상(기),2018다275888,2021-05-07,2021,5,2,대법원,대법원,민사,판결,손해배상,law.go.kr,/DRF/lawService.do?OC=virtual.esq&target=prec&ID=216667&type=HTML&mobileYn=,2026-09-19 21:38:17.367200,,,
219549,손해배상(기),2018다275253,2021-05-07,2021,5,2,대법원,대법원,민사,판결,손해배상,law.go.kr,/DRF/lawService.do?OC=virtual.esq&target=prec&ID=219549&type=HTML&mobileYn=,2026-09-19 21:38:17.367200,,,
219541,손해배상(기),2020다300176,2021-05-07,2021,5,2,대법원,대법원,민사,판결,손해배상,law.go.kr,/DRF/lawService.do?OC=virtual.esq&target=prec&ID=219541&type=HTML&mobileYn=,2026-09-19 21:38:17.367200,,,
219157,손해배상(기),2018다262967,2021-04-29,2021,4,2,대법원,대법원,민사,판결,손해배상,law.go.kr,/DRF/lawService.do?OC=virtual.esq&target=prec&ID=219157&type=HTML&mobileYn=,2026-09-19 21:38:17.367200,,,
219159,손해배상(기),2020다294806,2021-04-29,2021,4,2,대법원,대법원,민사,판결,손해배상,law.go.kr,/DRF/lawService.do?OC=virtual.esq&target=prec&ID=219159&type=HTML&mobileYn=,2026-09-19 21:38:17.367200,,,
219155,손해배상(기),2019다237869,2021-04-29,2021,4,2,대법원,대법원,민사,판결,손해배상,law.go.kr,/DRF/lawService.do?OC=virtual.esq&target=prec&ID=219155&type=HTML&mobileYn=,2026-09-19 21:38:17.367200,,,
219153,손해배상(기),2020다206564,2021-04-29,2021,4,2,대법원,대법원,민사,판결,손해배상,law.go.kr,/DRF/lawService.do?OC=virtual.esq&target=prec&ID=219153&type=HTML&mobileYn=,2026-09-19 21:38:17.367200,,,
219167,손해배상(기),2018다248183,2021-04-29,2021,4,2,대법원,대법원,민사,판결,손해배상,law.go.kr,/DRF/lawService.do?OC=virtual.esq&target=prec&ID=219167&type=HTML&mobileYn=,2026-09-19 21:38:17.367200,,,
233383,손해배상(기),2019가단5195616,2021-04-27,2021,4,2,서울중앙지방법원,지방/기타,민사,판결,손해배상,law.go.kr,/DRF/lawService.do?OC=virtual.esq&target=prec&ID=233383&type=HTML&mobileYn=,2026-09-19 21:38:17.367200,,,
215445,손해배상(저),2019가단5207564,2021-04-09,2021,4,2,서울중앙지방법원,지방/기타,민사,판결 : 확정,손해배상,law.go.kr,/DRF/lawService.do?OC=virtual.esq&target=prec&ID=215445&type=HTML&mobileYn=,2026-09-19 21:38:17.367200,,,
218981,손해배상(기),2017다286003,2021-04-08,2021,4,2,대법원,대법원,민사,판결,손해배상,law.go.kr,/DRF/lawService.do?OC=virtual.esq&target=prec&ID=218981&type=HTML&mobileYn=,2026-09-19 21:38:17.367200,,,
215423,손해배상(기),2020다219690,2021-04-08,2021,4,2,대법원,대법원,민사,판결,손해배상,law.go.kr,/DRF/lawService.do?OC=virtual.esq&target=prec&ID=215423&type=HTML&mobileYn=,2026-09-19 21:38:17.367200,,,
218985,손해배상(자),2018다224491,2021-04-08,2021,4,2,대법원,대법원,민사,판결,손해배상,law.go.kr,/DRF/lawService.do?OC=virtual.esq&target=prec&ID=218985&type=HTML&mobileYn=,2026-09-19 21:38:17.367200,,,
600423,손해배상청구,2020가합3296,2021-04-08,2021,4,2,서울중앙지방법원,지방/기타,민사,판결,손해배상,law.go.kr,/DRF/lawService.do?OC=virtual.esq&target=prec&ID=600423&type=HTML&mobileYn=,2026-09-19 21:38:17.367200,,,
218979,손해배상(자),2020다255078,2021-04-08,2021,4,2,대법원,대법원,민사,판결,손해배상,law.go.kr,/DRF/lawService.do?OC=virtual.esq&target=prec&ID=218979&type=HTML&mobileYn=,2026-09-19 21:38:17.367200,,,
218751,손해배상(기),2018다203418,2021-04-01,2021,4,2,대법원,대법원,민사,판결,손해배상,law.go.kr,/DRF/lawService.do?OC=virtual.esq&target=prec&ID=218751&type=HTML&mobileYn=,2026-09-19 21:38:17.367200,,,
215161,손해배상(기),2019다208687,2021-03-25,2021,3,1,대법원,대법원,민사,판결,손해배상,law.go.kr,/DRF/lawService.do?OC=virtual.esq&target=prec&ID=215161&type=HTML&mobileYn=,2026-09-19 21:38:17.367200,,,
218757,손해배상(기),2020다275942,2021-03-25,2021,3,1,대법원,대법원,민사,판결,손해배상,law.go.kr,/DRF/lawService.do?OC=virtual.esq&target=prec&ID=218757&type=HTML&mobileYn=,2026-09-19 21:38:17.368197,,,
221837,손해배상(의),2018가단19200,2021-03-18,2021,3,1,의정부지방법원,지방/기타,민사,판결,손해배상,law.go.kr,/DRF/lawService.do?OC=virtual.esq&target=prec&ID=221837&type=HTML&mobileYn=,2026-09-19 21:38:17.368197,,,
234899,손해배상(기),2019가합5495,2021-03-18,2021,3,1,춘천지방법원원주지원,지방/기타,민사,판결,손해배상,law.go.kr,/DRF/lawService.do?OC=virtual.esq&target=prec&ID=234899&type=HTML&mobileYn=,2026-09-19 21:38:17.368295,,,
217669,손해배상(기),2020나63566,2021-03-16,2021,3,1,수원지방법원,지방/기타,민사,판결,손해배상,law.go.kr,/DRF/lawService.do?OC=virtual.esq&target=prec&ID=217669&type=HTML&mobileYn=,2026-09-19 21:38:17.368295,,,
214603,손해배상(기)ㆍ손해배상(기),2017다179,2021-03-11,2021,3,1,대법원,대법원,민사,판결,손해배상,law.go.kr,/DRF/lawService.do?OC=virtual.esq&target=prec&ID=214603&type=HTML&mobileYn=,2026-09-19 21:38:17.368295,,,
227739,손해배상(산),2019다208472,2021-03-11,2021,3,1,대법원,대법원,민사,판결,손해배상,law.go.kr,/DRF/lawService.do?OC=virtual.esq&target=prec&ID=227739&type=HTML&mobileYn=,2026-09-19 21:38:17.368295,,,
214573,손해배상(기)[인접 건물 외벽의 유리에서 반사되는 강한 태양반사광으로 인한 생활방해에 대하여 인접 주거지의 거주자가 불법행위를 원인으로 손해배상을 구하는 사건],2013다59142,2021-03-11,2021,3,1,대법원,대법원,민사,판결,손해배상,law.go.kr,/DRF/lawService.do?OC=virtual.esq&target=prec&ID=214573&type=HTML&mobileYn=,2026-09-19 21:38:17.368295,,,
214601,손해배상(기),2018다285106,2021-03-11,2021,3,1,대법원,대법원,민사,판결,손해배상,law.go.kr,/DRF/lawService.do?OC=virtual.esq&target=prec&ID=214601&type=HTML&mobileYn=,2026-09-19 21:38:17.368295,,,
214215,근저당권말소[제한이자율을 초과하여 지급된 이자 상당액에 대한 부당이득반환 또는 손해배상을 구하는 사건],2020다230239,2021-02-25,2021,2,1,대법원,대법원,민사,판결,손해배상,law.go.kr,/DRF/lawService.do?OC=virtual.esq&target=prec&ID=214215&type=HTML&mobileYn=,2026-09-19 21:38:17.368295,,,
218467,손해배상청구,2020다262373,2021-02-25,2021,2,1,대법원,대법원,민사,판결,손해배상,law.go.kr,/DRF/lawService.do?OC=virtual.esq&target=prec&ID=218467&type=HTML&mobileYn=,2026-09-19 21:38:17.368295,,,
214241,손해배상(기),2018다43180,2021-02-25,2021,2,1,대법원,대법원,민사,판결,손해배상,law.go.kr,/DRF/lawService.do?OC=virtual.esq&target=prec&ID=214241&type=HTML&mobileYn=,2026-09-19 21:38:17.368295,,,
329590,(소액사건 이유불기재)손해배상(국),의정부지방법원-2020-가소-335565,2021-02-19,2021,2,1,,지방/기타,민사,,손해배상,law.go.kr,/DRF/lawService.do?OC=virtual.esq&target=prec&ID=329590&type=HTML&mobileYn=,2026-09-19 21:38:17.368295,,,
619235,손해배상(기),2017가합33129,2021-02-18,2021,2,1,서울중앙지방법원,지방/기타,민사,판결,손해배상,law.go.kr,/DRF/lawService.do?OC=virtual.esq&target=prec&ID=619235&type=HTML&mobileYn=,2026-09-19 21:38:17.368295,,,
214243,손해배상(기)등,2017가합33112,2021-02-18,2021,2,1,서울중앙지방법원,지방/기타,민사,판결 : 항소,손해배상,law.go.kr,/DRF/lawService.do?OC=virtual.esq&target=prec&ID=214243&type=HTML&mobileYn=,2026-09-19 21:38:17.368295,,,
213723,재임용거부무효확인청구[대학교원에 대한 재임용거부처분이 불법행위를 구성함을 이유로 학교법인을 상대로 재산적 손해배상책임 등을 구하는 사건],2015다254231,2021-02-10,2021,2,1,대법원,대법원,민사,판결,손해배상,law.go.kr,/DRF/lawService.do?OC=virtual.esq&target=prec&ID=213723&type=HTML&mobileYn=,2026-09-19 21:38:17.368295,,,
218679,손해배상(기),2019나51126,2021-02-10,2021,2,1,인천지방법원,지방/기타,민사,판결,손해배상,law.go.kr,/DRF/lawService.do?OC=virtual.esq&target=prec&ID=218679&type=HTML&mobileYn=,2026-09-19 21:38:17.368295,,,
222871,토지인도등·손해배상금,2019나9979,2021-02-03,2021,2,1,수원지방법원,지방/기타,민사,판결,손해배상,law.go.kr,/DRF/lawService.do?OC=virtual.esq&target=prec&ID=222871&type=HTML&mobileYn=,2026-09-19 21:38:17.368295,,,
222873,손해배상(기),2019가합544043,2021-01-28,2021,1,1,서울중앙지방법원,지방/기타,민사,판결,손해배상,law.go.kr,/DRF/lawService.do?OC=virtual.esq&target=prec&ID=222873&type=HTML&mobileYn=,2026-09-19 21:38:17.368295,,,
226761,손해배상(기),2019다260197,2021-01-28,2021,1,1,대법원,대법원,민사,판결,손해배상,law.go.kr,/DRF/lawService.do?OC=virtual.esq&target=prec&ID=226761&type=HTML&mobileYn=,2026-09-19 21:38:17.368295,,,
337126,손해배상청구권을 취득하였다 하더라도 부동산의 양도로 인한 소득으로 볼 수 없음,제주지방법원-2019-구합-6349,2021-01-26,2021,1,1,,지방/기타,일반행정,,손해배상,law.go.kr,/DRF/lawService.do?OC=virtual.esq&target=prec&ID=337126&type=HTML&mobileYn=,2026-09-19 21:38:17.368295,,,
241329,손해배상(지)·손해배상(지),2019나28156,2021-01-22,2021,1,1,서울중앙지방법원,지방/기타,민사,판결,손해배상,law.go.kr,/DRF/lawService.do?OC=virtual.esq&target=prec&ID=241329&type=HTML&mobileYn=,2026-09-19 21:38:17.368295,,,
223471,손해배상(기),2018가합521777,2021-01-20,2021,1,1,서울중앙지방법원,지방/기타,민사,판결,손해배상,law.go.kr,/DRF/lawService.do?OC=virtual.esq&target=prec&ID=223471&type=HTML&mobileYn=,2026-09-19 21:38:17.368295,,,
343996,이 사건 손해배상금은 사회질서를 위반한 불법행위로 인한 손해배상책임의 이행으로 지출금으로서 손금으로 볼 수 없음,서울고등법원-2020-누-46051,2021-01-15,2021,1,1,,지방/기타,일반행정,,손해배상,law.go.kr,/DRF/lawService.do?OC=virtual.esq&target=prec&ID=343996&type=HTML&mobileYn=,2026-09-19 21:38:17.368295,,,
226719,손해배상(기),2018다286888,2021-01-14,2021,1,1,대법원,대법원,민사,판결,손해배상,law.go.kr,/DRF/lawService.do?OC=virtual.esq&target=prec&ID=226719&type=HTML&mobileYn=,2026-09-19 21:38:17.368295,,,
327516,손해배상(기),순천지원-2020-가단-555,2021-01-14,2021,1,1,,지방/기타,민사,,손해배상,law.go.kr,/DRF/lawService.do?OC=virtual.esq&target=prec&ID=327516&type=HTML&mobileYn=,2026-09-19 21:38:17.368295,,,
226707,손해배상(기),2017다245279,2021-01-14,2021,1,1,대법원,대법원,민사,판결,손해배상,law.go.kr,/DRF/lawService.do?OC=virtual.esq&target=prec&ID=226707&type=HTML&mobileYn=,2026-09-19 21:38:17.368295,,,
226703,손해배상(기),2016다211606,2021-01-14,2021,1,1,대법원,대법원,민사,판결,손해배상,law.go.kr,/DRF/lawService.do?OC=virtual.esq&target=prec&ID=226703&type=HTML&mobileYn=,2026-09-19 21:38:17.368295,,,
226709,손해배상(기),2017다6115,2021-01-14,2021,1,1,대법원,대법원,민사,판결,손해배상,law.go.kr,/DRF/lawService.do?OC=virtual.esq&target=prec&ID=226709&type=HTML&mobileYn=,2026-09-19 21:38:17.368295,,,
237963,손해배상(의),2019나24215,2021-01-13,2021,1,1,광주고등법원,고등법원,민사,판결,손해배상,law.go.kr,/DRF/lawService.do?OC=virtual.esq&target=prec&ID=237963&type=HTML&mobileYn=,2026-09-19 21:38:17.368295,,,
227807,손해배상(기),2019가단110134,2021-01-12,2021,1,1,창원지방법원,지방/기타,민사,판결,손해배상,law.go.kr,/DRF/lawService.do?OC=virtual.esq&target=prec&ID=227807&type=HTML&mobileYn=,2026-09-19 21:38:17.368295,,,
213113,손해배상(기),2016가합505092,2021-01-08,2021,1,1,서울중앙지방법원,지방/기타,민사,판결 : 확정,손해배상,law.go.kr,/DRF/lawService.do?OC=virtual.esq&target=prec&ID=213113&type=HTML&mobileYn=,2026-09-19 21:38:17.368295,,,
218239,손해배상(기),2019다284889,2020-12-30,2020,12,4,대법원,대법원,민사,판결,손해배상,law.go.kr,/DRF/lawService.do?OC=virtual.esq&target=prec&ID=218239&type=HTML&mobileYn=,2026-09-19 21:38:17.368295,,,
226649,손해배상(기),2017다51603,2020-12-24,2020,12,4,대법원,대법원,민사,판결,손해배상,law.go.kr,/DRF/lawService.do?OC=virtual.esq&target=prec&ID=226649&type=HTML&mobileYn=,2026-09-19 21:38:17.368295,,,
226635,손해배상(저),2019가단31377,2020-12-18,2020,12,4,전주지방법원,지방/기타,민사,판결 : 확정,손해배상,law.go.kr,/DRF/lawService.do?OC=virtual.esq&target=prec&ID=226635&type=HTML&mobileYn=,2026-09-19 21:38:17.368295,,,
217655,손해배상(기),2018나2034290,2020-12-17,2020,12,4,서울고등법원,고등법원,민사,판결,손해배상,law.go.kr,/DRF/lawService.do?OC=virtual.esq&target=prec&ID=217655&type=HTML&mobileYn=,2026-09-19 21:38:17.368295,,,
233387,손해배상(자),2020가단219217,2020-12-15,2020,12,4,인천지방법원,지방/기타,민사,판결,손해배상,law.go.kr,/DRF/lawService.do?OC=virtual.esq&target=prec&ID=233387&type=HTML&mobileYn=,2026-09-19 21:38:17.368295,,,
614597,손해배상(기),2019나2058347,2020-12-11,2020,12,4,서울고등법원,고등법원,민사,판결,손해배상,law.go.kr,/DRF/lawService.do?OC=virtual.esq&target=prec&ID=614597&type=HTML&mobileYn=,2026-09-19 21:38:17.368295,,,
233923,손해배상,2020나49713,2020-12-11,2020,12,4,부산지방법원,지방/기타,민사,판결,손해배상,law.go.kr,/DRF/lawService.do?OC=virtual.esq&target=prec&ID=233923&type=HTML&mobileYn=,2026-09-19 21:38:17.368295,,,
234359,손해배상(기),2019나2058347,2020-12-11,2020,12,4,서울고등법원,고등법원,민사,판결,손해배상,law.go.kr,/DRF/lawService.do?OC=virtual.esq&target=prec&ID=234359&type=HTML&mobileYn=,2026-09-19 21:38:17.368295,,,
214319,손해배상(국),2020다205455,2020-12-10,2020,12,4,대법원,대법원,민사,판결,손해배상,law.go.kr,/DRF/lawService.do?OC=virtual.esq&target=prec&ID=214319&type=HTML&mobileYn=,2026-09-19 21:38:17.368295,,,
212833,자동차보험진료수가지급[다른 의료기관으로부터 교통사고로 인한 입원환자들에 대한 진료를 의뢰받아 진료를 실시한 의료기관이 보험회사등을 상대로 직접 자동차손해배상보장법상 자동차보험진료수가의 지급을 청구한 사건],2019다279962,2020-12-10,2020,12,4,대법원,대법원,민사,판결,손해배상,law.go.kr,/DRF/lawService.do?OC=virtual.esq&target=prec&ID=212833&type=HTML&mobileYn=,2026-09-19 21:38:17.368295,,,
228445,손해배상(기),2019가합5014,2020-12-10,2020,12,4,수원지방법원안산지원,지방/기타,민사,판결,손해배상,law.go.kr,/DRF/lawService.do?OC=virtual.esq&target=prec&ID=228445&type=HTML&mobileYn=,2026-09-19 21:38:17.368295,,,
218251,손해배상(기),2020다251229,2020-12-10,2020,12,4,대법원,대법원,민사,판결,손해배상,law.go.kr,/DRF/lawService.do?OC=virtual.esq&target=prec&ID=218251&type=HTML&mobileYn=,2026-09-19 21:38:17.368295,,,
217051,손해배상(사실혼파기)및재산분할,2020르10699,2020-12-09,2020,12,4,수원고등법원,고등법원,민사,판결,손해배상,law.go.kr,/DRF/lawService.do?OC=virtual.esq&target=prec&ID=217051&type=HTML&mobileYn=,2026-09-19 21:38:17.369332,,,
336660,부당/부적법행위의 확인 및 손해배상,수원고등법원-2019-나-18798,2020-12-09,2020,12,4,,지방/기타,민사,,손해배상,law.go.kr,/DRF/lawService.do?OC=virtual.esq&target=prec&ID=336660&type=HTML&mobileYn=,2026-09-19 21:38:17.369332,,,
600335,손해배상(기),2019나2053731,2020-12-02,2020,12,4,서울고등법원,고등법원,민사,판결,손해배상,law.go.kr,/DRF/lawService.do?OC=virtual.esq&target=prec&ID=600335&type=HTML&mobileYn=,2026-09-19 21:38:17.369332,,,
234903,자동차관리법위반·자동차손해배상보장법위반,2020노2879,2020-11-30,2020,11,4,서울중앙지방법원,지방/기타,형사,판결,손해배상,law.go.kr,/DRF/lawService.do?OC=virtual.esq&target=prec&ID=234903&type=HTML&mobileYn=,2026-09-19 21:38:17.369332,,,
330622,"조세부과권 제한이 있더라도 불법행위를 원인으로 한 국가의 민사상 손해배상청구가 배제된다고 볼 수 없으나, 불법행위가 입증되지 않아 청구 기각",서울중앙지방법원-2017-가합-509251,2020-11-27,2020,11,4,,지방/기타,민사,,손해배상,law.go.kr,/DRF/lawService.do?OC=virtual.esq&target=prec&ID=330622&type=HTML&mobileYn=,2026-09-19 21:38:17.369332,,,
214297,손해배상(기),2019다2049,2020-11-26,2020,11,4,대법원,대법원,민사,판결,손해배상,law.go.kr,/DRF/lawService.do?OC=virtual.esq&target=prec&ID=214297&type=HTML&mobileYn=,2026-09-19 21:38:17.369332,,,
214369,손해배상(의),2018다217974,2020-11-26,2020,11,4,대법원,대법원,민사,판결,손해배상,law.go.kr,/DRF/lawService.do?OC=virtual.esq&target=prec&ID=214369&type=HTML&mobileYn=,2026-09-19 21:38:17.369332,,,
330960,손해배상금,서울남부지방법원-2019-가소-24672,2020-11-26,2020,11,4,,지방/기타,민사,,손해배상,law.go.kr,/DRF/lawService.do?OC=virtual.esq&target=prec&ID=330960&type=HTML&mobileYn=,2026-09-19 21:38:17.369332,,,
214309,손해배상(기),2019다249831,2020-11-26,2020,11,4,대법원,대법원,민사,판결,손해배상,law.go.kr,/DRF/lawService.do?OC=virtual.esq&target=prec&ID=214309&type=HTML&mobileYn=,2026-09-19 21:38:17.369332,,,
216653,손해배상(기),2019다276307,2020-11-26,2020,11,4,대법원,대법원,민사,판결,손해배상,law.go.kr,/DRF/lawService.do?OC=virtual.esq&target=prec&ID=216653&type=HTML&mobileYn=,2026-09-19 21:38:17.369332,,,
218269,손해배상(지),2016다260707,2020-11-26,2020,11,4,대법원,대법원,민사,판결,손해배상,law.go.kr,/DRF/lawService.do?OC=virtual.esq&target=prec&ID=218269&type=HTML&mobileYn=,2026-09-19 21:38:17.369332,,,
606637,손해배상(기),2020나2019454,2020-11-26,2020,11,4,서울고등법원,고등법원,민사,판결,손해배상,law.go.kr,/DRF/lawService.do?OC=virtual.esq&target=prec&ID=606637&type=HTML&mobileYn=,2026-09-19 21:38:17.369332,,,
214337,손해배상(지),2018다221676,2020-11-26,2020,11,4,대법원,대법원,민사,판결,손해배상,law.go.kr,/DRF/lawService.do?OC=virtual.esq&target=prec&ID=214337&type=HTML&mobileYn=,2026-09-19 21:38:17.369332,,,
214507,손해배상청구,2014가합525054,2020-11-20,2020,11,4,서울중앙지방법원,지방/기타,민사,판결 : 항소,손해배상,law.go.kr,/DRF/lawService.do?OC=virtual.esq&target=prec&ID=214507&type=HTML&mobileYn=,2026-09-19 21:38:17.369332,,,
241333,손해배상(지),2019가합38727,2020-11-19,2020,11,4,서울서부지방법원,지방/기타,민사,판결,손해배상,law.go.kr,/DRF/lawService.do?OC=virtual.esq&target=prec&ID=241333&type=HTML&mobileYn=,2026-09-19 21:38:17.369332,,,
331198,국가배상법에 따른 손해배상의 입증 책임은 손해배상을 청구하는 당사자에게 있음,서울중앙지방법원-2019-나-32551,2020-11-18,2020,11,4,,지방/기타,민사,,손해배상,law.go.kr,/DRF/lawService.do?OC=virtual.esq&target=prec&ID=331198&type=HTML&mobileYn=,2026-09-19 21:38:17.369332,,,
220135,손해배상(기),2019나73126,2020-11-17,2020,11,4,인천지방법원,지방/기타,민사,판결,손해배상,law.go.kr,/DRF/lawService.do?OC=virtual.esq&target=prec&ID=220135&type=HTML&mobileYn=,2026-09-19 21:38:17.369332,,,
335196,손해배상의무,서울중앙지방법원-2019-가단-5268170,2020-11-13,2020,11,4,,지방/기타,민사,,손해배상,law.go.kr,/DRF/lawService.do?OC=virtual.esq&target=prec&ID=335196&type=HTML&mobileYn=,2026-09-19 21:38:17.369332,,,
233927,배당이의·손해배상(기),2020나11337,2020-11-13,2020,11,4,서울고등법원인천재판부,고등법원,민사,판결,손해배상,law.go.kr,/DRF/lawService.do?OC=virtual.esq&target=prec&ID=233927&type=HTML&mobileYn=,2026-09-19 21:38:17.369332,,,
601901,손해배상(자),2018가단5153974,2020-11-13,2020,11,4,서울중앙지방법원,지방/기타,민사,판결,손해배상,law.go.kr,/DRF/lawService.do?OC=virtual.esq&target=prec&ID=601901&type=HTML&mobileYn=,2026-09-19 21:38:17.369332,,,
240133,손해배상(기),2020나311167,2020-11-03,2020,11,4,대구지방법원,지방/기타,민사,판결,손해배상,law.go.kr,/DRF/lawService.do?OC=virtual.esq&target=prec&ID=240133&type=HTML&mobileYn=,2026-09-19 21:38:17.369332,,,
217141,손해배상(기)청구의소,2019나59129,2020-10-30,2020,10,4,서울중앙지방법원,지방/기타,민사,판결,손해배상,law.go.kr,/DRF/lawService.do?OC=virtual.esq&target=prec&ID=217141&type=HTML&mobileYn=,2026-09-19 21:38:17.370852,,,
226589,단체협약무효확인및손해배상(기),2017다263192,2020-10-29,2020,10,4,대법원,대법원,민사,판결,손해배상,law.go.kr,/DRF/lawService.do?OC=virtual.esq&target=prec&ID=226589&type=HTML&mobileYn=,2026-09-19 21:38:17.370852,,,
214331,손해배상(기),2019다249589,2020-10-29,2020,10,4,대법원,대법원,민사,판결,손해배상,law.go.kr,/DRF/lawService.do?OC=virtual.esq&target=prec&ID=214331&type=HTML&mobileYn=,2026-09-19 21:38:17.370852,,,
214433,케이블교체비용등청구ㆍ손해배상,2020다243945,2020-10-29,2020,10,4,대법원,대법원,민사,판결,손해배상,law.go.kr,/DRF/lawService.do?OC=virtual.esq&target=prec&ID=214433&type=HTML&mobileYn=,2026-09-19 21:38:17.370852,,,
226591,손해배상(기),2018다212245,2020-10-29,2020,10,4,대법원,대법원,민사,판결,손해배상,law.go.kr,/DRF/lawService.do?OC=virtual.esq&target=prec&ID=226591&type=HTML&mobileYn=,2026-09-19 21:38:17.370852,,,
214495,손해배상(기),2018가합26457,2020-10-28,2020,10,4,울산지방법원,지방/기타,민사,판결 : 항소,손해배상,law.go.kr,/DRF/lawService.do?OC=virtual.esq&target=prec&ID=214495&type=HTML&mobileYn=,2026-09-19 21:38:17.370852,,,
214469,손해배상(기),2020나2003589,2020-10-22,2020,10,4,서울고등법원,고등법원,민사,판결 : 확정,손해배상,law.go.kr,/DRF/lawService.do?OC=virtual.esq&target=prec&ID=214469&type=HTML&mobileYn=,2026-09-19 21:38:17.370852,,,
239487,손해배상(의),2019나48259,2020-10-21,2020,10,4,서울중앙지방법원,지방/기타,민사,판결,손해배상,law.go.kr,/DRF/lawService.do?OC=virtual.esq&target=prec&ID=239487&type=HTML&mobileYn=,2026-09-19 21:38:17.370852,,,
212677,손해배상(기),2017다278446,2020-10-15,2020,10,4,대법원,대법원,민사,판결,손해배상,law.go.kr,/DRF/lawService.do?OC=virtual.esq&target=prec&ID=212677&type=HTML&mobileYn=,2026-09-19 21:38:17.370852,,,
214285,우선협상대상자지정취소로인한손해배상,2020다222382,2020-10-15,2020,10,4,대법원,대법원,민사,판결,손해배상,law.go.kr,/DRF/lawService.do?OC=virtual.esq&target=prec&ID=214285&type=HTML&mobileYn=,2026-09-19 21:38:17.370852,,,
619167,손해배상(기),2020나10223,2020-10-15,2020,10,4,부산고등법원창원재판부,고등법원,민사,판결,손해배상,law.go.kr,/DRF/lawService.do?OC=virtual.esq&target=prec&ID=619167&type=HTML&mobileYn=,2026-09-19 21:38:17.370852,,,
233311,손해배상(기),2020나50624,2020-10-15,2020,10,4,부산고등법원,고등법원,민사,판결,손해배상,law.go.kr,/DRF/lawService.do?OC=virtual.esq&target=prec&ID=233311&type=HTML&mobileYn=,2026-09-19 21:38:17.370852,,,
212679,손해배상(기),2018다213811,2020-10-15,2020,10,4,대법원,대법원,민사,판결,손해배상,law.go.kr,/DRF/lawService.do?OC=virtual.esq&target=prec&ID=212679&type=HTML&mobileYn=,2026-09-19 21:38:17.370852,,,
214513,손해배상(의),2018나58457,2020-10-14,2020,10,4,서울중앙지방법원,지방/기타,민사,판결 : 상고,손해배상,law.go.kr,/DRF/lawService.do?OC=virtual.esq&target=prec&ID=214513&type=HTML&mobileYn=,2026-09-19 21:38:17.370852,,,
221881,손해배상(기),2019나14550,2020-10-08,2020,10,4,수원고등법원,고등법원,민사,판결,손해배상,law.go.kr,/DRF/lawService.do?OC=virtual.esq&target=prec&ID=221881&type=HTML&mobileYn=,2026-09-19 21:38:17.370852,,,
326988,손해배상채권의 회수불가능성 및 추정상속재산의 사용처가 객관적으로 명백하게 확인된 것으로 볼 수 있는지 여부,광주지방법원-2019-구합-10511,2020-09-24,2020,9,3,,지방/기타,일반행정,,손해배상,law.go.kr,/DRF/lawService.do?OC=virtual.esq&target=prec&ID=326988&type=HTML&mobileYn=,2026-09-19 21:38:17.370852,,,
214537,손해배상(기)ㆍ손해배상(기),2017가단5068314,2020-09-23,2020,9,3,서울중앙지방법원,지방/기타,민사,판결 : 확정,손해배상,law.go.kr,/DRF/lawService.do?OC=virtual.esq&target=prec&ID=214537&type=HTML&mobileYn=,2026-09-19 21:38:17.370852,,,
214527,주주대표소송(손해배상),2014가합535259,2020-09-17,2020,9,3,서울중앙지방법원,지방/기타,민사,판결 : 항소,손해배상,law.go.kr,/DRF/lawService.do?OC=virtual.esq&target=prec&ID=214527&type=HTML&mobileYn=,2026-09-19 21:38:17.370852,,,
236099,손해배상(기),2018가합566251,2020-09-17,2020,9,3,서울중앙지방법원,지방/기타,민사,판결,손해배상,law.go.kr,/DRF/lawService.do?OC=virtual.esq&target=prec&ID=236099&type=HTML&mobileYn=,2026-09-19 21:38:17.370852,,,
234047,손해배상(기),2019나54629,2020-09-10,2020,9,3,서울중앙지방법원,지방/기타,민사,판결,손해배상,law.go.kr,/DRF/lawService.do?OC=virtual.esq&target=prec&ID=234047&type=HTML&mobileYn=,2026-09-19 21:38:17.370852,,,
242043,손해배상(기),2018나2033686,2020-09-10,2020,9,3,서울고등법원,고등법원,민사,판결,손해배상,law.go.kr,/DRF/lawService.do?OC=virtual.esq&target=prec&ID=242043&type=HTML&mobileYn=,2026-09-19 21:38:17.370852,,,
234909,자동차관리법위반·자동차손해배상보장법위반,2020고정927,2020-09-09,2020,9,3,서울중앙지방법원,지방/기타,형사,판결,손해배상,law.go.kr,/DRF/lawService.do?OC=virtual.esq&target=prec&ID=234909&type=HTML&mobileYn=,2026-09-19 21:38:17.370852,,,
212877,손해배상(기),2015다230730,2020-09-03,2020,9,3,대법원,대법원,민사,판결,손해배상,law.go.kr,/DRF/lawService.do?OC=virtual.esq&target=prec&ID=212877&type=HTML&mobileYn=,2026-09-19 21:38:17.370852,,,
214521,손해배상청구등의소,2019가합574167,2020-08-27,2020,8,3,서울중앙지방법원,지방/기타,민사,판결 : 항소,손해배상,law.go.kr,/DRF/lawService.do?OC=virtual.esq&target=prec&ID=214521&type=HTML&mobileYn=,2026-09-19 21:38:17.370852,,,
226499,손해배상등,2016다248998,2020-08-27,2020,8,3,대법원,대법원,민사,전원합의체 판결,손해배상,law.go.kr,/DRF/lawService.do?OC=virtual.esq&target=prec&ID=226499&type=HTML&mobileYn=,2026-09-19 21:38:17.370852,,,
326780,정보공개거부처분 위법 여부 및 국가배상법상 손해배상의무 존부,서울행정법원-2019-구합-83496,2020-08-25,2020,8,3,,지방/기타,일반행정,,손해배상,law.go.kr,/DRF/lawService.do?OC=virtual.esq&target=prec&ID=326780&type=HTML&mobileYn=,2026-09-19 21:38:17.370852,,,
226493,손해배상(기),2019가단5317324,2020-08-25,2020,8,3,서울중앙지방법원,지방/기타,민사,판결,손해배상,law.go.kr,/DRF/lawService.do?OC=virtual.esq&target=prec&ID=226493&type=HTML&mobileYn=,2026-09-19 21:38:17.370852,,,
220959,손해배상(기)등,2020나2004216,2020-08-20,2020,8,3,서울고등법원,고등법원,민사,판결,손해배상,law.go.kr,/DRF/lawService.do?OC=virtual.esq&target=prec&ID=220959&type=HTML&mobileYn=,2026-09-19 21:38:17.370852,,,
211795,건물명도(인도)·손해배상(기),2019다296172,2020-08-20,2020,8,3,대법원,대법원,민사,판결,손해배상,law.go.kr,/DRF/lawService.do?OC=virtual.esq&target=prec&ID=211795&type=HTML&mobileYn=,2026-09-19 21:38:17.370852,,,
239135,손해배상(기),2018가단5276464,2020-08-19,2020,8,3,서울중앙지방법원,지방/기타,민사,판결,손해배상,law.go.kr,/DRF/lawService.do?OC=virtual.esq&target=prec&ID=239135&type=HTML&mobileYn=,2026-09-19 21:38:17.370852,,,
230817,손해배상등청구의소,2019나94571,2020-08-14,2020,8,3,수원지방법원,지방/기타,민사,판결,손해배상,law.go.kr,/DRF/lawService.do?OC=virtual.esq&target=prec&ID=230817&type=HTML&mobileYn=,2026-09-19 21:38:17.370852,,,
212917,손해배상(의),2017다248919,2020-08-13,2020,8,3,대법원,대법원,민사,판결,손해배상,law.go.kr,/DRF/lawService.do?OC=virtual.esq&target=prec&ID=212917&type=HTML&mobileYn=,2026-09-19 21:38:17.370852,,,
226457,손해배상(자),2018다276799,2020-07-23,2020,7,3,대법원,대법원,민사,판결,손해배상,law.go.kr,/DRF/lawService.do?OC=virtual.esq&target=prec&ID=226457&type=HTML&mobileYn=,2026-09-19 21:38:17.370852,,,
226445,손해배상(기),2019나20741,2020-07-22,2020,7,3,대구고등법원,고등법원,민사,판결 : 상고,손해배상,law.go.kr,/DRF/lawService.do?OC=virtual.esq&target=prec&ID=226445&type=HTML&mobileYn=,2026-09-19 21:38:17.370852,,,
226447,손해배상(기),2019나22912,2020-07-22,2020,7,3,광주고등법원,고등법원,민사,판결 : 상고,손해배상,law.go.kr,/DRF/lawService.do?OC=virtual.esq&target=prec&ID=226447&type=HTML&mobileYn=,2026-09-19 21:38:17.370852,,,
211723,손해배상(기),2017다56455,2020-07-09,2020,7,3,대법원,대법원,민사,판결,손해배상,law.go.kr,/DRF/lawService.do?OC=virtual.esq&target=prec&ID=211723&type=HTML&mobileYn=,2026-09-19 21:38:17.370852,,,
212945,손해배상(기),2016다39125,2020-07-09,2020,7,3,대법원,대법원,민사,판결,손해배상,law.go.kr,/DRF/lawService.do?OC=virtual.esq&target=prec&ID=212945&type=HTML&mobileYn=,2026-09-19 21:38:17.370852,,,
226435,손해배상(의),2020가합10024,2020-07-09,2020,7,3,수원지방법원평택지원,지방/기타,민사,판결,손해배상,law.go.kr,/DRF/lawService.do?OC=virtual.esq&target=prec&ID=226435&type=HTML&mobileYn=,2026-09-19 21:38:17.370852,,,
211731,손해배상(기),2016다268848,2020-07-09,2020,7,3,대법원,대법원,민사,판결,손해배상,law.go.kr,/DRF/lawService.do?OC=virtual.esq&target=prec&ID=211731&type=HTML&mobileYn=,2026-09-19 21:38:17.371847,,,
211783,손해배상(기),2018두67251,2020-06-25,2020,6,2,대법원,대법원,일반행정,판결,손해배상,law.go.kr,/DRF/lawService.do?OC=virtual.esq&target=prec&ID=211783&type=HTML&mobileYn=,2026-09-19 21:38:17.371847,,,
211715,채무부존재확인·손해배상·손해배상,2019다292026,2020-06-25,2020,6,2,대법원,대법원,민사,판결,손해배상,law.go.kr,/DRF/lawService.do?OC=virtual.esq&target=prec&ID=211715&type=HTML&mobileYn=,2026-09-19 21:38:17.371847,,,
211833,손해배상(기),2018가단66786,2020-06-25,2020,6,2,울산지방법원,지방/기타,민사,판결 : 항소,손해배상,law.go.kr,/DRF/lawService.do?OC=virtual.esq&target=prec&ID=211833&type=HTML&mobileYn=,2026-09-19 21:38:17.371847,,,
212969,손해배상,2015다71726,2020-06-25,2020,6,2,대법원,대법원,민사,판결,손해배상,law.go.kr,/DRF/lawService.do?OC=virtual.esq&target=prec&ID=212969&type=HTML&mobileYn=,2026-09-19 21:38:17.371847,,,
211751,손해배상(산),2020다216240,2020-06-25,2020,6,2,대법원,대법원,민사,판결,손해배상,law.go.kr,/DRF/lawService.do?OC=virtual.esq&target=prec&ID=211751&type=HTML&mobileYn=,2026-09-19 21:38:17.371847,,,
212985,손해배상(의),2020다219850,2020-06-25,2020,6,2,대법원,대법원,민사,판결,손해배상,law.go.kr,/DRF/lawService.do?OC=virtual.esq&target=prec&ID=212985&type=HTML&mobileYn=,2026-09-19 21:38:17.371847,,,
217155,손해배상(기),2019나42454,2020-06-18,2020,6,2,서울서부지방법원,지방/기타,민사,판결,손해배상,law.go.kr,/DRF/lawService.do?OC=virtual.esq&target=prec&ID=217155&type=HTML&mobileYn=,2026-09-19 21:38:17.371847,,,
238129,손해배상(기),2019가단5063405,2020-06-17,2020,6,2,서울중앙지방법원,지방/기타,민사,판결,손해배상,law.go.kr,/DRF/lawService.do?OC=virtual.esq&target=prec&ID=238129&type=HTML&mobileYn=,2026-09-19 21:38:17.371847,,,
601985,손해배상(기),2019나21148,2020-06-17,2020,6,2,광주고등법원,고등법원,민사,판결,손해배상,law.go.kr,/DRF/lawService.do?OC=virtual.esq&target=prec&ID=601985&type=HTML&mobileYn=,2026-09-19 21:38:17.371847,,,
217675,손해배상(기),2019가합559502,2020-06-17,2020,6,2,서울중앙지방법원,지방/기타,민사,판결,손해배상,law.go.kr,/DRF/lawService.do?OC=virtual.esq&target=prec&ID=217675&type=HTML&mobileYn=,2026-09-19 21:38:17.371847,,,
320516,사무실로 임대하긴 했지만 주택으로서의 구조와 성질이 동일하므로 주택으로 보아야 하며 조사처분과 관련하여 국가손해배상의무는 없음,대구지방법원-2018-구합-25327,2020-06-11,2020,6,2,,지방/기타,일반행정,,손해배상,law.go.kr,/DRF/lawService.do?OC=virtual.esq&target=prec&ID=320516&type=HTML&mobileYn=,2026-09-19 21:38:17.371847,,,
226407,손해배상(기),2020다201156,2020-06-11,2020,6,2,대법원,대법원,민사,판결,손해배상,law.go.kr,/DRF/lawService.do?OC=virtual.esq&target=prec&ID=226407&type=HTML&mobileYn=,2026-09-19 21:38:17.371847,,,
220963,손해배상(기),2020나10622,2020-06-11,2020,6,2,수원고등법원,고등법원,민사,판결,손해배상,law.go.kr,/DRF/lawService.do?OC=virtual.esq&target=prec&ID=220963&type=HTML&mobileYn=,2026-09-19 21:38:17.371847,,,
211829,손해배상(기),2019나2044652,2020-06-09,2020,6,2,서울고등법원,고등법원,민사,판결 : 상고,손해배상,law.go.kr,/DRF/lawService.do?OC=virtual.esq&target=prec&ID=211829&type=HTML&mobileYn=,2026-09-19 21:38:17.371847,,,
226369,손해배상(기),2015다233807,2020-06-04,2020,6,2,대법원,대법원,민사,판결,손해배상,law.go.kr,/DRF/lawService.do?OC=virtual.esq&target=prec&ID=226369&type=HTML&mobileYn=,2026-09-19 21:38:17.371847,,,
226375,손해배상등·퇴직금,2016다241515,2020-06-04,2020,6,2,대법원,대법원,민사,판결,손해배상,law.go.kr,/DRF/lawService.do?OC=virtual.esq&target=prec&ID=226375&type=HTML&mobileYn=,2026-09-19 21:38:17.371847,,,
226363,도로교통법위반(음주운전)·자동차손해배상보장법위반·도로교통법위반(무면허운전),2020도4018,2020-05-28,2020,5,2,대법원,대법원,형사,판결,손해배상,law.go.kr,/DRF/lawService.do?OC=virtual.esq&target=prec&ID=226363&type=HTML&mobileYn=,2026-09-19 21:38:17.371847,,,
226339,손해배상(기),2017다265389,2020-05-28,2020,5,2,대법원,대법원,민사,판결,손해배상,law.go.kr,/DRF/lawService.do?OC=virtual.esq&target=prec&ID=226339&type=HTML&mobileYn=,2026-09-19 21:38:17.371847,,,
226333,손해배상청구의소,2016다243399,2020-05-28,2020,5,2,대법원,대법원,민사,판결,손해배상,law.go.kr,/DRF/lawService.do?OC=virtual.esq&target=prec&ID=226333&type=HTML&mobileYn=,2026-09-19 21:38:17.371847,,,
226337,손해배상(기),2017다211559,2020-05-28,2020,5,2,대법원,대법원,민사,판결,손해배상,law.go.kr,/DRF/lawService.do?OC=virtual.esq&target=prec&ID=226337&type=HTML&mobileYn=,2026-09-19 21:38:17.371847,,,
238083,손해배상(기),2019나56565,2020-05-28,2020,5,2,부산고등법원,고등법원,민사,판결,손해배상,law.go.kr,/DRF/lawService.do?OC=virtual.esq&target=prec&ID=238083&type=HTML&mobileYn=,2026-09-19 21:38:17.371847,,,
211637,손해배상청구의소,2018나2068927,2020-05-28,2020,5,2,서울고등법원,고등법원,민사,판결 : 상고,손해배상,law.go.kr,/DRF/lawService.do?OC=virtual.esq&target=prec&ID=211637&type=HTML&mobileYn=,2026-09-19 21:38:17.371847,,,
211645,손해배상(기),2019나2021697,2020-05-22,2020,5,2,서울고등법원,고등법원,민사,판결 : 상고,손해배상,law.go.kr,/DRF/lawService.do?OC=virtual.esq&target=prec&ID=211645&type=HTML&mobileYn=,2026-09-19 21:38:17.371847,,,
233929,손해배상,2019가단3880,2020-05-15,2020,5,2,부산지방법원서부지원,지방/기타,민사,판결,손해배상,law.go.kr,/DRF/lawService.do?OC=virtual.esq&target=prec&ID=233929&type=HTML&mobileYn=,2026-09-19 21:38:17.371847,,,
211597,근로자지위확인등·근로자지위확인등·근로자지위확인등·근로자지위확인등·근로자지위확인등[원고용주에게 고용되어 피고를 위한 업무를 수행한 근로자들이 피고에 대해 파견근로관계임을 주장하면서 직접고용의무의 이행 및 손해배상 등을 청구하는 사건],2016다239024,2020-05-14,2020,5,2,대법원,대법원,민사,판결,손해배상,law.go.kr,/DRF/lawService.do?OC=virtual.esq&target=prec&ID=211597&type=HTML&mobileYn=,2026-09-19 21:38:17.371847,,,
226315,손해배상(기),2019다277126,2020-05-14,2020,5,2,대법원,대법원,민사,판결,손해배상,law.go.kr,/DRF/lawService.do?OC=virtual.esq&target=prec&ID=226315&type=HTML&mobileYn=,2026-09-19 21:38:17.371847,,,
217159,손해배상(사실혼파기)및재산분할,2018드합9033,2020-05-08,2020,5,2,수원가정법원성남지원,지방/기타,민사,판결,손해배상,law.go.kr,/DRF/lawService.do?OC=virtual.esq&target=prec&ID=217159&type=HTML&mobileYn=,2026-09-19 21:38:17.371847,,,
228453,손해배상(자),2019나10910,2020-05-07,2020,5,2,울산지방법원,지방/기타,민사,판결,손해배상,law.go.kr,/DRF/lawService.do?OC=virtual.esq&target=prec&ID=228453&type=HTML&mobileYn=,2026-09-19 21:38:17.371847,,,
226283,손해배상(기),2019다242113,2020-04-29,2020,4,2,대법원,대법원,민사,판결,손해배상,law.go.kr,/DRF/lawService.do?OC=virtual.esq&target=prec&ID=226283&type=HTML&mobileYn=,2026-09-19 21:38:17.371847,,,
211417,손해배상(기)[성폭력범죄의 소년 피의자들이 경찰의 피의자신문조서 작성시 직무상 의무 위반을 이유로 국가배상책임을 구하는 사건],2015다224797,2020-04-29,2020,4,2,대법원,대법원,민사,판결,손해배상,law.go.kr,/DRF/lawService.do?OC=virtual.esq&target=prec&ID=211417&type=HTML&mobileYn=,2026-09-19 21:38:17.371847,,,
226279,손해배상(기),2018다286925,2020-04-29,2020,4,2,대법원,대법원,민사,판결,손해배상,law.go.kr,/DRF/lawService.do?OC=virtual.esq&target=prec&ID=226279&type=HTML&mobileYn=,2026-09-19 21:38:17.371847,,,
226277,하자보수에갈음하는손해배상등,2018다245184,2020-04-29,2020,4,2,대법원,대법원,민사,판결,손해배상,law.go.kr,/DRF/lawService.do?OC=virtual.esq&target=prec&ID=226277&type=HTML&mobileYn=,2026-09-19 21:38:17.371847,,,
329526,명단공개 처분에 관하여 손해배상을 해야하는지 여부,대법원-2020-다-203480,2020-04-29,2020,4,2,,지방/기타,민사,,손해배상,law.go.kr,/DRF/lawService.do?OC=virtual.esq&target=prec&ID=329526&type=HTML&mobileYn=,2026-09-19 21:38:17.371847,,,
226275,손해배상(기),2018다239455,2020-04-29,2020,4,2,대법원,대법원,민사,판결,손해배상,law.go.kr,/DRF/lawService.do?OC=virtual.esq&target=prec&ID=226275&type=HTML&mobileYn=,2026-09-19 21:38:17.371847,,,
211415,손해배상(기),2014다11895,2020-04-29,2020,4,2,대법원,대법원,민사,판결,손해배상,law.go.kr,/DRF/lawService.do?OC=virtual.esq&target=prec&ID=211415&type=HTML&mobileYn=,2026-09-19 21:38:17.371847,,,
226233,손해배상(기),2015다240935,2020-04-09,2020,4,2,대법원,대법원,민사,판결,손해배상,law.go.kr,/DRF/lawService.do?OC=virtual.esq&target=prec&ID=226233&type=HTML&mobileYn=,2026-09-19 21:38:17.371847,,,
211283,손해배상(기),2018다238865,2020-04-09,2020,4,2,대법원,대법원,민사,판결,손해배상,law.go.kr,/DRF/lawService.do?OC=virtual.esq&target=prec&ID=211283&type=HTML&mobileYn=,2026-09-19 21:38:17.371847,,,
226255,손해배상(기),2019다246573,2020-04-09,2020,4,2,대법원,대법원,민사,판결,손해배상,law.go.kr,/DRF/lawService.do?OC=virtual.esq&target=prec&ID=226255&type=HTML&mobileYn=,2026-09-19 21:38:17.371847,,,
211295,손해배상(지),2019다294824,2020-04-09,2020,4,2,대법원,대법원,민사,판결,손해배상,law.go.kr,/DRF/lawService.do?OC=virtual.esq&target=prec&ID=211295&type=HTML&mobileYn=,2026-09-19 21:38:17.371847,,,
226243,손해배상(의),2018다246767,2020-04-09,2020,4,2,대법원,대법원,민사,판결,손해배상,law.go.kr,/DRF/lawService.do?OC=virtual.esq&target=prec&ID=226243&type=HTML&mobileYn=,2026-09-19 21:38:17.371847,,,
226221,손해배상(국),2019다220526,2020-03-26,2020,3,1,대법원,대법원,민사,판결,손해배상,law.go.kr,/DRF/lawService.do?OC=virtual.esq&target=prec&ID=226221&type=HTML&mobileYn=,2026-09-19 21:38:17.372847,,,
211319,손해배상(기),2018다221867,2020-03-26,2020,3,1,대법원,대법원,민사,판결,손해배상,law.go.kr,/DRF/lawService.do?OC=virtual.esq&target=prec&ID=211319&type=HTML&mobileYn=,2026-09-19 21:38:17.372847,,,
211321,손해배상(기),2018다301336,2020-03-26,2020,3,1,대법원,대법원,민사,판결,손해배상,law.go.kr,/DRF/lawService.do?OC=virtual.esq&target=prec&ID=211321&type=HTML&mobileYn=,2026-09-19 21:38:17.372847,,,
211337,손해배상(지),2016다276467,2020-03-26,2020,3,1,대법원,대법원,민사,판결,손해배상,law.go.kr,/DRF/lawService.do?OC=virtual.esq&target=prec&ID=211337&type=HTML&mobileYn=,2026-09-19 21:38:17.372847,,,
211325,손해배상(기),2019다250824,2020-03-26,2020,3,1,대법원,대법원,민사,판결,손해배상,law.go.kr,/DRF/lawService.do?OC=virtual.esq&target=prec&ID=211325&type=HTML&mobileYn=,2026-09-19 21:38:17.372847,,,
226115,"손해배상(기)[구 간접투자자산 운용업법하에서 부동산펀드의 투자자인 원고에 대하여, 자산운용회사와 투자를 권유한 자가 부담하는 의무의 내용]",2016다223494,2020-02-27,2020,2,1,대법원,대법원,민사,판결,손해배상,law.go.kr,/DRF/lawService.do?OC=virtual.esq&target=prec&ID=226115&type=HTML&mobileYn=,2026-09-19 21:38:17.372847,,,
241471,손해배상(기)·손해배상(기)·손해배상(기),2015가합561521,2020-02-20,2020,2,1,서울중앙지방법원,지방/기타,민사,판결,손해배상,law.go.kr,/DRF/lawService.do?OC=virtual.esq&target=prec&ID=241471&type=HTML&mobileYn=,2026-09-19 21:38:17.372847,,,
599885,손해배상(자),2017가단5113276,2020-02-14,2020,2,1,서울중앙지방법원,지방/기타,민사,판결,손해배상,law.go.kr,/DRF/lawService.do?OC=virtual.esq&target=prec&ID=599885&type=HTML&mobileYn=,2026-09-19 21:38:17.372847,,,
327128,이 사건 소는 손해 및 가해자를 안 날로부터 3년 불법행위일로부터 5년이 경과한 이후에 제기되었으므로 원고의 손해배상청구권은 시효로 소멸하였음.,서울중앙지방법원-2018-가단-5214770,2020-02-14,2020,2,1,,지방/기타,민사,,손해배상,law.go.kr,/DRF/lawService.do?OC=virtual.esq&target=prec&ID=327128&type=HTML&mobileYn=,2026-09-19 21:38:17.372847,,,
233931,배당이의·손해배상(기),2019가합421,2020-02-13,2020,2,1,인천지방법원,지방/기타,민사,판결,손해배상,law.go.kr,/DRF/lawService.do?OC=virtual.esq&target=prec&ID=233931&type=HTML&mobileYn=,2026-09-19 21:38:17.372847,,,
210783,손해배상,2015다225967,2020-02-13,2020,2,1,대법원,대법원,민사,판결,손해배상,law.go.kr,/DRF/lawService.do?OC=virtual.esq&target=prec&ID=210783&type=HTML&mobileYn=,2026-09-19 21:38:17.372847,,,
226085,손해배상(기),2018나2036456,2020-02-07,2020,2,1,서울고등법원,고등법원,민사,판결,손해배상,law.go.kr,/DRF/lawService.do?OC=virtual.esq&target=prec&ID=226085&type=HTML&mobileYn=,2026-09-19 21:38:17.372847,,,
238587,손해배상(의),2019나13801,2020-02-06,2020,2,1,대전고등법원,고등법원,민사,판결,손해배상,law.go.kr,/DRF/lawService.do?OC=virtual.esq&target=prec&ID=238587&type=HTML&mobileYn=,2026-09-19 21:38:17.372847,,,
213189,우선협상대상자 지정취소로 인한 손해배상,2018나2057002,2020-02-06,2020,2,1,서울고등법원,고등법원,민사,판결,손해배상,law.go.kr,/DRF/lawService.do?OC=virtual.esq&target=prec&ID=213189&type=HTML&mobileYn=,2026-09-19 21:38:17.372847,,,
211465,손해배상(의),2017다6726,2020-02-06,2020,2,1,대법원,대법원,민사,판결,손해배상,law.go.kr,/DRF/lawService.do?OC=virtual.esq&target=prec&ID=211465&type=HTML&mobileYn=,2026-09-19 21:38:17.372847,,,
226059,손해배상(산),2019나60103,2020-02-05,2020,2,1,수원지방법원,지방/기타,민사,판결,손해배상,law.go.kr,/DRF/lawService.do?OC=virtual.esq&target=prec&ID=226059&type=HTML&mobileYn=,2026-09-19 21:38:17.372847,,,
210927,손해배상(기),2019가소490120,2020-02-04,2020,2,1,인천지방법원,지방/기타,민사,판결 : 항소,손해배상,law.go.kr,/DRF/lawService.do?OC=virtual.esq&target=prec&ID=210927&type=HTML&mobileYn=,2026-09-19 21:38:17.372847,,,
226057,손해배상(지),2019나1685,2020-01-31,2020,1,1,특허법원,지방/기타,민사,판결 : 확정,손해배상,law.go.kr,/DRF/lawService.do?OC=virtual.esq&target=prec&ID=226057&type=HTML&mobileYn=,2026-09-19 21:38:17.372847,,,
226019,손해배상등,2015다49422,2020-01-30,2020,1,1,대법원,대법원,민사,판결,손해배상,law.go.kr,/DRF/lawService.do?OC=virtual.esq&target=prec&ID=226019&type=HTML&mobileYn=,2026-09-19 21:38:17.372847,,,
620401,"토지 교환거래, 환매조건부거래,위약금에 대한 매출누락 및 소득처분",서울고등법원(인천)-2025-누-10253,2026-05-13,2026,5,2,,지방/기타,일반행정,,위약금,law.go.kr,/DRF/lawService.do?OC=virtual.esq&target=prec&ID=620401&type=HTML&mobileYn=,2026-09-19 21:38:17.373848,,,
618031,위약금에 관한 민사소송이 있는 경우 관련 소송 확정시를 귀속시기로 보아야 함,대전지방법원-2024-구합-206172,2026-02-04,2026,2,1,,지방/기타,일반행정,,위약금,law.go.kr,/DRF/lawService.do?OC=virtual.esq&target=prec&ID=618031&type=HTML&mobileYn=,2026-09-19 21:38:17.373848,,,
607643,"토지 교환거래, 환매조건부거래,위약금에 대한 매출누락 및 소득처분",인천지방법원2024구합54281,2025-07-17,2025,7,3,,지방/기타,일반행정,,위약금,law.go.kr,/DRF/lawService.do?OC=virtual.esq&target=prec&ID=607643&type=HTML&mobileYn=,2026-09-19 21:38:17.373848,,,
614849,위약금 귀속시기,부산고등법원-2024-누-22068,2025-02-07,2025,2,1,,지방/기타,일반행정,,위약금,law.go.kr,/DRF/lawService.do?OC=virtual.esq&target=prec&ID=614849&type=HTML&mobileYn=,2026-09-19 21:38:17.373848,,,
417954,이 사건 부동산 매매위약금 기타소득의 수입시기가 언제인지 여부,대구지방법원-2024-구합-21029,2024-11-20,2024,11,4,,지방/기타,일반행정,,위약금,law.go.kr,/DRF/lawService.do?OC=virtual.esq&target=prec&ID=417954&type=HTML&mobileYn=,2026-09-19 21:38:17.373848,,,
614839,위약금의 귀속시기,부산지방법원-2024-구합-20186,2024-09-05,2024,9,3,,지방/기타,일반행정,,위약금,law.go.kr,/DRF/lawService.do?OC=virtual.esq&target=prec&ID=614839&type=HTML&mobileYn=,2026-09-19 21:38:17.373848,,,
618553,위약금등청구,2022나2048531,2023-08-31,2023,8,3,서울고등법원,고등법원,민사,판결,위약금,law.go.kr,/DRF/lawService.do?OC=virtual.esq&target=prec&ID=618553&type=HTML&mobileYn=,2026-09-19 21:38:17.373848,,,
236791,위약금,2022다227619,2023-08-18,2023,8,3,대법원,대법원,민사,판결,위약금,law.go.kr,/DRF/lawService.do?OC=virtual.esq&target=prec&ID=236791&type=HTML&mobileYn=,2026-09-19 21:38:17.373848,,,
618551,위약금등청구,2020가합581802,2022-11-09,2022,11,4,서울중앙지방법원,지방/기타,민사,판결,위약금,law.go.kr,/DRF/lawService.do?OC=virtual.esq&target=prec&ID=618551&type=HTML&mobileYn=,2026-09-19 21:38:17.373848,,,
344608,"서비스 이용자로부터 위약금 명목으로 돈을 지급받았더라도 그 실질은 당초 할인받았던 금액의 반환으로, 이는 공급대가에 포함되어야 할 성질의 것임",서울고등법원-2021-누-73074,2022-09-20,2022,9,3,,지방/기타,일반행정,,위약금,law.go.kr,/DRF/lawService.do?OC=virtual.esq&target=prec&ID=344608&type=HTML&mobileYn=,2026-09-19 21:38:17.373848,,,
343436,중도해지 위약금이 부가가치세 과세대상인지 여부,서울고등법원-2021-누-52602,2022-08-18,2022,8,3,,지방/기타,일반행정,,위약금,law.go.kr,/DRF/lawService.do?OC=virtual.esq&target=prec&ID=343436&type=HTML&mobileYn=,2026-09-19 21:38:17.373848,,,
348344,그 명목이 위약금이라고 하더라도 전체적으로 볼 때 원고의 단말기 공급에 대한 대가로서 부가가치세의 과세표준이 되는 공급가액에 포함됨,수원고등법원-2021-누-11124,2022-06-10,2022,6,2,,지방/기타,일반행정,,위약금,law.go.kr,/DRF/lawService.do?OC=virtual.esq&target=prec&ID=348344&type=HTML&mobileYn=,2026-09-19 21:38:17.373848,,,
346400,그 명목이 위약금이라고 하더라도 전체적으로 볼 때 원고의 단말기 공급에 대한 대가로서 부가가치세의 과세표준이 되는 공급가액에 포함됨,수원고등법원-2021-누-11117,2022-06-10,2022,6,2,,지방/기타,일반행정,,위약금,law.go.kr,/DRF/lawService.do?OC=virtual.esq&target=prec&ID=346400&type=HTML&mobileYn=,2026-09-19 21:38:17.373848,,,
336388,"휴대폰 가입자가 지급한 위약금이 부가세법상 과세표준 포함되며, 휴대폰 가입자에게 지급한 지원금은 부가세법상 에누리에 해당하지 아니함",대전지방법원-2021-구합-101658,2022-04-27,2022,4,2,,지방/기타,일반행정,,위약금,law.go.kr,/DRF/lawService.do?OC=virtual.esq&target=prec&ID=336388&type=HTML&mobileYn=,2026-09-19 21:38:17.373848,,,
238673,위약금,2021나18883,2022-03-17,2022,3,1,수원고등법원,고등법원,민사,판결,위약금,law.go.kr,/DRF/lawService.do?OC=virtual.esq&target=prec&ID=238673&type=HTML&mobileYn=,2026-09-19 21:38:17.373848,,,
335114,원고가 유선상품 서비스 이용자들로부터 중도해지대가로 받은 위약금 및 신규가입자에게 지급한 상품권이 에누리액에 해당하는지 여부,대법원-2021-두-47882,2021-11-11,2021,11,4,,지방/기타,일반행정,,위약금,law.go.kr,/DRF/lawService.do?OC=virtual.esq&target=prec&ID=335114&type=HTML&mobileYn=,2026-09-19 21:38:17.373848,,,
330350,"이동통신 대리점이 고객의 위약금, 가입비, 채권보전료, 번호이동수수료 등을 대납해 준 금액은 단말기 공급가액의 에누리액에 해당하지 아니함",수원고등법원-2020-누-13475,2021-07-23,2021,7,3,,지방/기타,일반행정,,위약금,law.go.kr,/DRF/lawService.do?OC=virtual.esq&target=prec&ID=330350&type=HTML&mobileYn=,2026-09-19 21:38:17.374847,,,
347284,원고가 유선상품 서비스 이용자들로부터 중도해지대가로 받은 위약금 및 신규가입자에게 지급한 상품권이 에누리액에 해당하는지 여부,서울고등법원-2020-누-38241,2021-07-01,2021,7,3,,지방/기타,일반행정,,위약금,law.go.kr,/DRF/lawService.do?OC=virtual.esq&target=prec&ID=347284&type=HTML&mobileYn=,2026-09-19 21:38:17.374847,,,
238717,위약금,2020가합400515,2021-06-18,2021,6,2,수원지방법원성남지원,지방/기타,민사,판결,위약금,law.go.kr,/DRF/lawService.do?OC=virtual.esq&target=prec&ID=238717&type=HTML&mobileYn=,2026-09-19 21:38:17.374847,,,
329508,이 사건 위약금은 재화의 공급과 대가관계에 있음,서울행정법원-2020-구합-63443,2021-06-10,2021,6,2,,지방/기타,일반행정,,위약금,law.go.kr,/DRF/lawService.do?OC=virtual.esq&target=prec&ID=329508&type=HTML&mobileYn=,2026-09-19 21:38:17.374847,,,
329938,"위약금의 실질이 재화나 용역의 공급과 대가관계라면,  공급가액에 포함됨",대법원-2020-두-51594,2021-02-04,2021,2,1,,지방/기타,일반행정,,위약금,law.go.kr,/DRF/lawService.do?OC=virtual.esq&target=prec&ID=329938&type=HTML&mobileYn=,2026-09-19 21:38:17.374847,,,
331504,위약금의 실질이 재화나 용역의 공급과 대가관계에 있다면 공급가액에 포함됨,수원지방법원-2019-구합-65895,2021-01-28,2021,1,1,,지방/기타,일반행정,,위약금,law.go.kr,/DRF/lawService.do?OC=virtual.esq&target=prec&ID=331504&type=HTML&mobileYn=,2026-09-19 21:38:17.374847,,,
327530,위약금의 실질이 재화나 용역의 공급과 대가관계에 있다면 공급가액에 포함됨,수원지방법원-2018-구합-71596,2021-01-28,2021,1,1,,지방/기타,일반행정,,위약금,law.go.kr,/DRF/lawService.do?OC=virtual.esq&target=prec&ID=327530&type=HTML&mobileYn=,2026-09-19 21:38:17.374847,,,
328654,"이동통신 대리점이 고객의 위약금, 가입비, 채권보전료, 번호이동수수료 등을 대납해 준 금액은 단말기 공급가액에 대한 에누리액에 해당하지 아니함",수원지방법원-2019-구합-68146,2020-08-13,2020,8,3,,지방/기타,일반행정,,위약금,law.go.kr,/DRF/lawService.do?OC=virtual.esq&target=prec&ID=328654&type=HTML&mobileYn=,2026-09-19 21:38:17.374847,,,
323100,의무사용약정에 따른 위약금은 원고의 재화 또는 용역의 공급에 대한 대가로 부가가치세 과세표준이 되는 공급가액에 포함됨,의정부지방법원-2019-구합-12642,2020-04-14,2020,4,2,,지방/기타,일반행정,,위약금,law.go.kr,/DRF/lawService.do?OC=virtual.esq&target=prec&ID=323100&type=HTML&mobileYn=,2026-09-19 21:38:17.374847,,,
330716,원고가 유선상품 서비스 이용자들로부터 중도해지대가로 받은 위약금 및 신규가입자에게 지급한 상품권이 에누리액에 해당하는지 여부,서울행정법원-2018-구합-89206,2020-02-04,2020,2,1,,지방/기타,일반행정,,위약금,law.go.kr,/DRF/lawService.do?OC=virtual.esq&target=prec&ID=330716&type=HTML&mobileYn=,2026-09-19 21:38:17.374847,,,
327088,이 사건 약정금이 위약금에 해당하는지 여부,서울고등법원-2019-누-57031,2020-01-10,2020,1,1,,지방/기타,일반행정,,위약금,law.go.kr,/DRF/lawService.do?OC=virtual.esq&target=prec&ID=327088&type=HTML&mobileYn=,2026-09-19 21:38:17.374847,,,
324654,이 사건 통신사 위약금 또는 할인반환금은 재화 또는 용역의 공급에 대한 대가에 해당함,서울행정법원-2019-구합-54801,2020-01-09,2020,1,1,,지방/기타,일반행정,,위약금,law.go.kr,/DRF/lawService.do?OC=virtual.esq&target=prec&ID=324654&type=HTML&mobileYn=,2026-09-19 21:38:17.374847,,,
328340,이 사건 약정금이 위약금에 해당하는지 여부,서울행정법원-2019-구합-57008,2019-08-22,2019,8,3,,지방/기타,일반행정,,위약금,law.go.kr,/DRF/lawService.do?OC=virtual.esq&target=prec&ID=328340&type=HTML&mobileYn=,2026-09-19 21:38:17.374847,,,
203770,위약금,2016다257978,2018-10-12,2018,10,4,대법원,대법원,민사,판결,위약금,law.go.kr,/DRF/lawService.do?OC=virtual.esq&target=prec&ID=203770&type=HTML&mobileYn=,2026-09-19 21:38:17.374847,,,
317430,순자산의 증가를 초래하는 위약금과 배상금만이 과세대상이 될 수 있음,서울고등법원-2017-누-46365,2018-01-17,2018,1,1,,지방/기타,일반행정,,위약금,law.go.kr,/DRF/lawService.do?OC=virtual.esq&target=prec&ID=317430&type=HTML&mobileYn=,2026-09-19 21:38:17.374847,,,
319720,신고누락된 위약금 소득금액이 사외유출되어 귀속이 불분명한지 여부,의정부지방법원-2017-구합-11171,2017-12-05,2017,12,4,,지방/기타,일반행정,,위약금,law.go.kr,/DRF/lawService.do?OC=virtual.esq&target=prec&ID=319720&type=HTML&mobileYn=,2026-09-19 21:38:17.374847,,,
197947,위약금청구의소,2016재다1913,2017-09-21,2017,9,3,대법원,대법원,민사,판결,위약금,law.go.kr,/DRF/lawService.do?OC=virtual.esq&target=prec&ID=197947&type=HTML&mobileYn=,2026-09-19 21:38:17.374847,,,
309624,이 사건 금액은 위약금이므로 기타소득에 해당함,의정부지방법원-2015-구합-9372,2017-06-13,2017,6,2,,지방/기타,일반행정,,위약금,law.go.kr,/DRF/lawService.do?OC=virtual.esq&target=prec&ID=309624&type=HTML&mobileYn=,2026-09-19 21:38:17.374847,,,
321580,이 사건 금원의 성격이 위약금인지 기타소득에 해당하는지의 여부,의정부지방법원-2016-구합-341,2017-06-13,2017,6,2,,지방/기타,일반행정,,위약금,law.go.kr,/DRF/lawService.do?OC=virtual.esq&target=prec&ID=321580&type=HTML&mobileYn=,2026-09-19 21:38:17.374847,,,
205443,위약금,2016나50825,2016-09-22,2016,9,3,부산고등법원,고등법원,민사,판결,위약금,law.go.kr,/DRF/lawService.do?OC=virtual.esq&target=prec&ID=205443&type=HTML&mobileYn=,2026-09-19 21:38:17.374847,,,
302246,매수인에게 귀책되는 사유로 잔금기일을 연장하고 추가로 받은 금액은 기타소득인 위약금임,대법원-2015-두-55684,2016-03-24,2016,3,1,,지방/기타,일반행정,,위약금,law.go.kr,/DRF/lawService.do?OC=virtual.esq&target=prec&ID=302246&type=HTML&mobileYn=,2026-09-19 21:38:17.374847,,,
301662,매수인의 잔금지급이 지연됨에 따라 잔금지급의무 위반에 따른 위약금 등을 당초 매매대금에 가산한 것이라면 그 증액된 매매대금은 위약금임,수원지방법원-2015-구합-753,2016-02-18,2016,2,1,,지방/기타,일반행정,,위약금,law.go.kr,/DRF/lawService.do?OC=virtual.esq&target=prec&ID=301662&type=HTML&mobileYn=,2026-09-19 21:38:17.374847,,,
311384,(심리불속행) 위약금채권과 구상금채권이 이중으로 익금으로 산입될 수 없음,대법원-2015-두-51712,2016-01-14,2016,1,1,,지방/기타,일반행정,,위약금,law.go.kr,/DRF/lawService.do?OC=virtual.esq&target=prec&ID=311384&type=HTML&mobileYn=,2026-09-19 21:38:17.375846,,,
619621,채무불이행 위험에 중대한 차이가 있는데도 이를 제거하기 위한 합리적 조정 없이 산정한 이 사건 후순위사채의 정상이자율은 적법하게 산정된 이자율이라고 볼 수 없음,서울행정법원2024구합83025,2026-01-15,2026,1,1,,지방/기타,일반행정,,채무불이행,law.go.kr,/DRF/lawService.do?OC=virtual.esq&target=prec&ID=619621&type=HTML&mobileYn=,2026-09-19 21:38:17.375846,,,
616021,채무불이행자명부등재,2025마7576,2026-01-09,2026,1,1,대법원,대법원,민사,결정,채무불이행,law.go.kr,/DRF/lawService.do?OC=virtual.esq&target=prec&ID=616021&type=HTML&mobileYn=,2026-09-19 21:38:17.375846,,,
618929,잔금지급기일을 연장하기로 합의하여 채무불이행에 따른 효과가 발생하지 않았으므로 쟁점이자는 양도소득의 필요경비에서 제외되는 지연이자로 볼 수 없음,서울행정법원-2025-구단-53110,2025-10-24,2025,10,4,,지방/기타,일반행정,,채무불이행,law.go.kr,/DRF/lawService.do?OC=virtual.esq&target=prec&ID=618929&type=HTML&mobileYn=,2026-09-19 21:38:17.375846,,,
616655,채무불이행자명부등재,2025라1507,2025-07-29,2025,7,3,대전지방법원,지방/기타,민사,결정,채무불이행,law.go.kr,/DRF/lawService.do?OC=virtual.esq&target=prec&ID=616655&type=HTML&mobileYn=,2026-09-19 21:38:17.375846,,,
240919,청구이의[동시이행판결의 채무자가 채권자의 반대의무 불이행을 주장하면서 청구이의의 소를 제기한 사건],2024다231391,2024-06-13,2024,6,2,대법원,대법원,민사,판결,채무불이행,law.go.kr,/DRF/lawService.do?OC=virtual.esq&target=prec&ID=240919&type=HTML&mobileYn=,2026-09-19 21:38:17.375846,,,
235929,집행에관한이의[채무불이행자명부 등재 말소신청의 증명책임 및 증명방법],2023그610,2023-07-14,2023,7,3,대법원,대법원,민사,결정,채무불이행,law.go.kr,/DRF/lawService.do?OC=virtual.esq&target=prec&ID=235929&type=HTML&mobileYn=,2026-09-19 21:38:17.375846,,,
221733,채무불이행자명부등재,2021마6371,2022-05-17,2022,5,2,대법원,대법원,민사,결정,채무불이행,law.go.kr,/DRF/lawService.do?OC=virtual.esq&target=prec&ID=221733&type=HTML&mobileYn=,2026-09-19 21:38:17.375846,,,
223391,채무불이행자명부말소,2021마220,2021-10-26,2021,10,4,대법원,대법원,민사,결정,채무불이행,law.go.kr,/DRF/lawService.do?OC=virtual.esq&target=prec&ID=223391&type=HTML&mobileYn=,2026-09-19 21:38:17.375846,,,
221907,채무불이행자명부등재,2021라5072,2021-07-19,2021,7,3,인천지방법원,지방/기타,민사,결정,채무불이행,law.go.kr,/DRF/lawService.do?OC=virtual.esq&target=prec&ID=221907&type=HTML&mobileYn=,2026-09-19 21:38:17.375846,,,
325394,상속 개시 전 양도된 주권 미발행 주식이 양수인의 채무불이행을 사유로 상속인에게 귀속될 경우 피상속인의 사망 당시 재산 해당 여부,의정부지방법원-2018-구합-16838,2019-09-03,2019,9,3,,지방/기타,일반행정,,채무불이행,law.go.kr,/DRF/lawService.do?OC=virtual.esq&target=prec&ID=325394&type=HTML&mobileYn=,2026-09-19 21:38:17.375846,,,
324076,확약서상 약정된 의무위반에 따른 채무불이행,대전고등법원-2018-나-14999,2019-05-02,2019,5,2,,지방/기타,민사,,채무불이행,law.go.kr,/DRF/lawService.do?OC=virtual.esq&target=prec&ID=324076&type=HTML&mobileYn=,2026-09-19 21:38:17.375846,,,
